{"type":"FeatureCollection","name":"Bus_stops","crs":{"type":"name","properties":{"name":"urn:ogc:def:crs:OGC:1.3:CRS84"}},"features":[{"type":"Feature","geometry":{"type":"Point","coordinates":[-2.491821108290153,51.28677879062059]},"properties":{"name":null}},{"type":"Feature","geometry":{"type":"Point","coordinates":[-2.468506122696647,51.40668261105858]},"properties":{"name":null}},{"type":"Feature","geometry":{"type":"Point","coordinates":[-2.575693700282233,51.49289478402687]},"properties":{"name":null}},{"type":"Feature","geometry":{"type":"Point","coordinates":[-2.379455637807284,51.533518095313596]},"properties":{"name":null}},{"type":"Feature","geometry":{"type":"Point","coordinates":[-2.547194359500067,51.474238781036284]},"properties":{"name":null}},{"type":"Feature","geometry":{"type":"Point","coordinates":[-2.508118064200845,51.30294853388377]},"properties":{"name":null}},{"type":"Feature","geometry":{"type":"Point","coordinates":[-2.331464421154662,51.32519029722353]},"properties":{"name":null}},{"type":"Feature","geometry":{"type":"Point","coordinates":[-2.487841373750041,51.44013418354723]},"properties":{"name":null}},{"type":"Feature","geometry":{"type":"Point","coordinates":[-2.364622282562798,51.37833223546722]},"properties":{"name":null}},{"type":"Feature","geometry":{"type":"Point","coordinates":[-2.934462024240308,51.368761293628566]},"properties":{"name":null}},{"type":"Feature","geometry":{"type":"Point","coordinates":[-2.532946732171946,51.46863955075322]},"properties":{"name":null}},{"type":"Feature","geometry":{"type":"Point","coordinates":[-2.619889043617241,51.49305614903385]},"properties":{"name":null}},{"type":"Feature","geometry":{"type":"Point","coordinates":[-2.534026026205006,51.45877972585616]},"properties":{"name":null}},{"type":"Feature","geometry":{"type":"Point","coordinates":[-2.50119115760353,51.619821652737244]},"properties":{"name":null}},{"type":"Feature","geometry":{"type":"Point","coordinates":[-2.355683379236019,51.42437060528658]},"properties":{"name":null}},{"type":"Feature","geometry":{"type":"Point","coordinates":[-2.825206868681852,51.33320033668033]},"properties":{"name":null}},{"type":"Feature","geometry":{"type":"Point","coordinates":[-2.570606231643982,51.53295929097977]},"properties":{"name":null}},{"type":"Feature","geometry":{"type":"Point","coordinates":[-2.680933142703622,51.492942063664294]},"properties":{"name":null}},{"type":"Feature","geometry":{"type":"Point","coordinates":[-2.480214503719997,51.29309455774638]},"properties":{"name":null}},{"type":"Feature","geometry":{"type":"Point","coordinates":[-2.354249711183248,51.35990399588631]},"properties":{"name":null}},{"type":"Feature","geometry":{"type":"Point","coordinates":[-2.797781988293503,51.482305578023905]},"properties":{"name":null}},{"type":"Feature","geometry":{"type":"Point","coordinates":[-2.975328390816043,51.34696381985915]},"properties":{"name":null}},{"type":"Feature","geometry":{"type":"Point","coordinates":[-2.513641369929285,51.47631467051959]},"properties":{"name":null}},{"type":"Feature","geometry":{"type":"Point","coordinates":[-2.498618797562957,51.27759620000666]},"properties":{"name":null}},{"type":"Feature","geometry":{"type":"Point","coordinates":[-2.592624796965814,51.42558005371401]},"properties":{"name":null}},{"type":"Feature","geometry":{"type":"Point","coordinates":[-2.949075532888867,51.304260209060494]},"properties":{"name":null}},{"type":"Feature","geometry":{"type":"Point","coordinates":[-2.58983641043362,51.478186390255615]},"properties":{"name":null}},{"type":"Feature","geometry":{"type":"Point","coordinates":[-2.597908587344091,51.46122302345882]},"properties":{"name":null}},{"type":"Feature","geometry":{"type":"Point","coordinates":[-2.952395931985599,51.35243097762785]},"properties":{"name":null}},{"type":"Feature","geometry":{"type":"Point","coordinates":[-2.986170409060783,51.32291806850009]},"properties":{"name":null}},{"type":"Feature","geometry":{"type":"Point","coordinates":[-2.764382397855416,51.42520530788403]},"properties":{"name":null}},{"type":"Feature","geometry":{"type":"Point","coordinates":[-2.464881009718492,51.518329349020654]},"properties":{"name":null}},{"type":"Feature","geometry":{"type":"Point","coordinates":[-2.644707421685613,51.43692142526004]},"properties":{"name":null}},{"type":"Feature","geometry":{"type":"Point","coordinates":[-2.591088867734799,51.45813745966821]},"properties":{"name":null}},{"type":"Feature","geometry":{"type":"Point","coordinates":[-2.337182664543859,51.363182438403534]},"properties":{"name":null}},{"type":"Feature","geometry":{"type":"Point","coordinates":[-2.59082542606163,51.43654979534617]},"properties":{"name":null}},{"type":"Feature","geometry":{"type":"Point","coordinates":[-2.471109662456106,51.51577782132985]},"properties":{"name":null}},{"type":"Feature","geometry":{"type":"Point","coordinates":[-2.475654416630574,51.48717481193016]},"properties":{"name":null}},{"type":"Feature","geometry":{"type":"Point","coordinates":[-2.699671375376479,51.42133818095406]},"properties":{"name":null}},{"type":"Feature","geometry":{"type":"Point","coordinates":[-2.577400656357931,51.52986890864498]},"properties":{"name":null}},{"type":"Feature","geometry":{"type":"Point","coordinates":[-2.759067905588355,51.4768795118555]},"properties":{"name":null}},{"type":"Feature","geometry":{"type":"Point","coordinates":[-2.34431998172055,51.39935349533453]},"properties":{"name":null}},{"type":"Feature","geometry":{"type":"Point","coordinates":[-2.570124396590373,51.464463840195016]},"properties":{"name":null}},{"type":"Feature","geometry":{"type":"Point","coordinates":[-2.49623506203812,51.53490745857477]},"properties":{"name":null}},{"type":"Feature","geometry":{"type":"Point","coordinates":[-2.605352241442597,51.44063847412229]},"properties":{"name":null}},{"type":"Feature","geometry":{"type":"Point","coordinates":[-2.813750784415369,51.384229459575835]},"properties":{"name":null}},{"type":"Feature","geometry":{"type":"Point","coordinates":[-2.802467418698901,51.480133571320685]},"properties":{"name":null}},{"type":"Feature","geometry":{"type":"Point","coordinates":[-2.72482320319909,51.419378040009555]},"properties":{"name":null}},{"type":"Feature","geometry":{"type":"Point","coordinates":[-2.552013043500908,51.45955090061115]},"properties":{"name":null}},{"type":"Feature","geometry":{"type":"Point","coordinates":[-2.802223902714522,51.48020717106421]},"properties":{"name":null}},{"type":"Feature","geometry":{"type":"Point","coordinates":[-2.429051958977287,51.38636828395616]},"properties":{"name":null}},{"type":"Feature","geometry":{"type":"Point","coordinates":[-2.387479900053023,51.36617377183803]},"properties":{"name":null}},{"type":"Feature","geometry":{"type":"Point","coordinates":[-2.586884650163801,51.4366505304859]},"properties":{"name":null}},{"type":"Feature","geometry":{"type":"Point","coordinates":[-2.609561334883539,51.41106100053296]},"properties":{"name":null}},{"type":"Feature","geometry":{"type":"Point","coordinates":[-2.554900724394908,51.42823695493691]},"properties":{"name":null}},{"type":"Feature","geometry":{"type":"Point","coordinates":[-2.968530853925917,51.32828050776575]},"properties":{"name":null}},{"type":"Feature","geometry":{"type":"Point","coordinates":[-2.587772263156348,51.42851776031989]},"properties":{"name":null}},{"type":"Feature","geometry":{"type":"Point","coordinates":[-2.726609980557048,51.392382221217034]},"properties":{"name":null}},{"type":"Feature","geometry":{"type":"Point","coordinates":[-2.480435422057215,51.4747469220999]},"properties":{"name":null}},{"type":"Feature","geometry":{"type":"Point","coordinates":[-2.484141475490261,51.414172303052766]},"properties":{"name":null}},{"type":"Feature","geometry":{"type":"Point","coordinates":[-2.705852987379201,51.42116626132819]},"properties":{"name":null}},{"type":"Feature","geometry":{"type":"Point","coordinates":[-2.611455541585068,51.44085846953806]},"properties":{"name":null}},{"type":"Feature","geometry":{"type":"Point","coordinates":[-2.535097811862553,51.492502658895816]},"properties":{"name":null}},{"type":"Feature","geometry":{"type":"Point","coordinates":[-2.571577771200035,51.52535673477119]},"properties":{"name":null}},{"type":"Feature","geometry":{"type":"Point","coordinates":[-2.478755673837781,51.326613595316786]},"properties":{"name":null}},{"type":"Feature","geometry":{"type":"Point","coordinates":[-2.529014141514543,51.49578523720248]},"properties":{"name":null}},{"type":"Feature","geometry":{"type":"Point","coordinates":[-2.485154458620643,51.48800810598817]},"properties":{"name":null}},{"type":"Feature","geometry":{"type":"Point","coordinates":[-2.494029764288074,51.281482233248894]},"properties":{"name":null}},{"type":"Feature","geometry":{"type":"Point","coordinates":[-2.378864595824057,51.378736479021605]},"properties":{"name":null}},{"type":"Feature","geometry":{"type":"Point","coordinates":[-2.915955160084355,51.352740175475475]},"properties":{"name":null}},{"type":"Feature","geometry":{"type":"Point","coordinates":[-2.402836553738298,51.37939372885004]},"properties":{"name":null}},{"type":"Feature","geometry":{"type":"Point","coordinates":[-2.453769805007616,51.315104803547044]},"properties":{"name":null}},{"type":"Feature","geometry":{"type":"Point","coordinates":[-2.604671714890652,51.36627970129336]},"properties":{"name":null}},{"type":"Feature","geometry":{"type":"Point","coordinates":[-2.550978099436446,51.44648174554713]},"properties":{"name":null}},{"type":"Feature","geometry":{"type":"Point","coordinates":[-2.558584350868153,51.53782787078869]},"properties":{"name":null}},{"type":"Feature","geometry":{"type":"Point","coordinates":[-2.53623210462424,51.466448599740104]},"properties":{"name":null}},{"type":"Feature","geometry":{"type":"Point","coordinates":[-2.493854207202214,51.45334487047441]},"properties":{"name":null}},{"type":"Feature","geometry":{"type":"Point","coordinates":[-2.44926053083447,51.30438561084447]},"properties":{"name":null}},{"type":"Feature","geometry":{"type":"Point","coordinates":[-2.849424997655435,51.44591258061474]},"properties":{"name":null}},{"type":"Feature","geometry":{"type":"Point","coordinates":[-2.418137124765388,51.546154713769795]},"properties":{"name":null}},{"type":"Feature","geometry":{"type":"Point","coordinates":[-2.395283270684997,51.369906162533724]},"properties":{"name":null}},{"type":"Feature","geometry":{"type":"Point","coordinates":[-2.591545523010804,51.43437028412399]},"properties":{"name":null}},{"type":"Feature","geometry":{"type":"Point","coordinates":[-2.399274101341173,51.59223071676127]},"properties":{"name":null}},{"type":"Feature","geometry":{"type":"Point","coordinates":[-2.397648721037899,51.374313084368175]},"properties":{"name":null}},{"type":"Feature","geometry":{"type":"Point","coordinates":[-2.591025114639984,51.47323508082668]},"properties":{"name":null}},{"type":"Feature","geometry":{"type":"Point","coordinates":[-2.384848885904388,51.376145244565166]},"properties":{"name":null}},{"type":"Feature","geometry":{"type":"Point","coordinates":[-2.591169655192306,51.45659043423623]},"properties":{"name":null}},{"type":"Feature","geometry":{"type":"Point","coordinates":[-2.571719659276456,51.43543064719442]},"properties":{"name":null}},{"type":"Feature","geometry":{"type":"Point","coordinates":[-2.491829413123139,51.28354167606786]},"properties":{"name":null}},{"type":"Feature","geometry":{"type":"Point","coordinates":[-2.566876229846514,51.57156107638514]},"properties":{"name":null}},{"type":"Feature","geometry":{"type":"Point","coordinates":[-2.651347928156962,51.49302045113921]},"properties":{"name":null}},{"type":"Feature","geometry":{"type":"Point","coordinates":[-2.529423831741747,51.49633188466183]},"properties":{"name":null}},{"type":"Feature","geometry":{"type":"Point","coordinates":[-2.415501641986151,51.52595079812776]},"properties":{"name":null}},{"type":"Feature","geometry":{"type":"Point","coordinates":[-2.611390749245316,51.435958619065836]},"properties":{"name":null}},{"type":"Feature","geometry":{"type":"Point","coordinates":[-2.32279820860172,51.462285152875715]},"properties":{"name":null}},{"type":"Feature","geometry":{"type":"Point","coordinates":[-2.571893297269217,51.54131533775061]},"properties":{"name":null}},{"type":"Feature","geometry":{"type":"Point","coordinates":[-2.471241028980772,51.515939144957244]},"properties":{"name":null}},{"type":"Feature","geometry":{"type":"Point","coordinates":[-2.480254368818927,51.32306463228093]},"properties":{"name":null}},{"type":"Feature","geometry":{"type":"Point","coordinates":[-2.433807927567308,51.48186117393627]},"properties":{"name":null}},{"type":"Feature","geometry":{"type":"Point","coordinates":[-2.930202816304582,51.327260548253115]},"properties":{"name":null}},{"type":"Feature","geometry":{"type":"Point","coordinates":[-2.47805667498662,51.451018534872986]},"properties":{"name":null}},{"type":"Feature","geometry":{"type":"Point","coordinates":[-2.514160424863624,51.60942516668928]},"properties":{"name":null}},{"type":"Feature","geometry":{"type":"Point","coordinates":[-2.377772186735791,51.35953371900521]},"properties":{"name":null}},{"type":"Feature","geometry":{"type":"Point","coordinates":[-2.583979448939655,51.46498007106006]},"properties":{"name":null}},{"type":"Feature","geometry":{"type":"Point","coordinates":[-2.77043538699715,51.395114640649645]},"properties":{"name":null}},{"type":"Feature","geometry":{"type":"Point","coordinates":[-2.398794590962012,51.6264363507604]},"properties":{"name":null}},{"type":"Feature","geometry":{"type":"Point","coordinates":[-2.916849726618231,51.36588833072098]},"properties":{"name":null}},{"type":"Feature","geometry":{"type":"Point","coordinates":[-2.572702550521428,51.54374815717447]},"properties":{"name":null}},{"type":"Feature","geometry":{"type":"Point","coordinates":[-2.475427793448193,51.45978719625328]},"properties":{"name":null}},{"type":"Feature","geometry":{"type":"Point","coordinates":[-2.513776757449261,51.47171034526679]},"properties":{"name":null}},{"type":"Feature","geometry":{"type":"Point","coordinates":[-2.493702139862083,51.28035065458912]},"properties":{"name":null}},{"type":"Feature","geometry":{"type":"Point","coordinates":[-2.770133728296851,51.395125614426476]},"properties":{"name":null}},{"type":"Feature","geometry":{"type":"Point","coordinates":[-2.89979273457048,51.3611921479563]},"properties":{"name":null}},{"type":"Feature","geometry":{"type":"Point","coordinates":[-2.527003291507974,51.589865281543474]},"properties":{"name":null}},{"type":"Feature","geometry":{"type":"Point","coordinates":[-2.502016338045094,51.60035122511936]},"properties":{"name":null}},{"type":"Feature","geometry":{"type":"Point","coordinates":[-2.762152341946913,51.483963070024245]},"properties":{"name":null}},{"type":"Feature","geometry":{"type":"Point","coordinates":[-2.533377001434657,51.308968939162426]},"properties":{"name":null}},{"type":"Feature","geometry":{"type":"Point","coordinates":[-2.590994696172235,51.48758558930563]},"properties":{"name":null}},{"type":"Feature","geometry":{"type":"Point","coordinates":[-2.275343423373075,51.52755095184054]},"properties":{"name":null}},{"type":"Feature","geometry":{"type":"Point","coordinates":[-2.382942020228183,51.53665383591691]},"properties":{"name":null}},{"type":"Feature","geometry":{"type":"Point","coordinates":[-2.493599698088075,51.34302498508896]},"properties":{"name":null}},{"type":"Feature","geometry":{"type":"Point","coordinates":[-2.597439499190218,51.50464589585122]},"properties":{"name":null}},{"type":"Feature","geometry":{"type":"Point","coordinates":[-2.479087288726317,51.43131340808496]},"properties":{"name":null}},{"type":"Feature","geometry":{"type":"Point","coordinates":[-2.539922238091964,51.52650495892305]},"properties":{"name":null}},{"type":"Feature","geometry":{"type":"Point","coordinates":[-2.59713075274582,51.43684149995189]},"properties":{"name":null}},{"type":"Feature","geometry":{"type":"Point","coordinates":[-2.602314216823273,51.4558322162061]},"properties":{"name":null}},{"type":"Feature","geometry":{"type":"Point","coordinates":[-2.487953899403742,51.48580254831644]},"properties":{"name":null}},{"type":"Feature","geometry":{"type":"Point","coordinates":[-2.578222778006727,51.408234706497836]},"properties":{"name":null}},{"type":"Feature","geometry":{"type":"Point","coordinates":[-2.649538508915886,51.496456273213354]},"properties":{"name":null}},{"type":"Feature","geometry":{"type":"Point","coordinates":[-2.356666959174444,51.38077554510756]},"properties":{"name":null}},{"type":"Feature","geometry":{"type":"Point","coordinates":[-2.586404104581921,51.60667651371847]},"properties":{"name":null}},{"type":"Feature","geometry":{"type":"Point","coordinates":[-2.492619127062701,51.412266708788934]},"properties":{"name":null}},{"type":"Feature","geometry":{"type":"Point","coordinates":[-2.564629397829794,51.47528932991883]},"properties":{"name":null}},{"type":"Feature","geometry":{"type":"Point","coordinates":[-2.66190974527947,51.429686021946715]},"properties":{"name":null}},{"type":"Feature","geometry":{"type":"Point","coordinates":[-2.540352441750904,51.48251581145417]},"properties":{"name":null}},{"type":"Feature","geometry":{"type":"Point","coordinates":[-2.630515812026827,51.35596415247089]},"properties":{"name":null}},{"type":"Feature","geometry":{"type":"Point","coordinates":[-2.480346006498586,51.28099991273406]},"properties":{"name":null}},{"type":"Feature","geometry":{"type":"Point","coordinates":[-2.355757509459138,51.38393441392482]},"properties":{"name":null}},{"type":"Feature","geometry":{"type":"Point","coordinates":[-2.5937771396242,51.43673267427498]},"properties":{"name":null}},{"type":"Feature","geometry":{"type":"Point","coordinates":[-2.612371473601663,51.484562641859824]},"properties":{"name":null}},{"type":"Feature","geometry":{"type":"Point","coordinates":[-2.514581935103962,51.40773043257556]},"properties":{"name":null}},{"type":"Feature","geometry":{"type":"Point","coordinates":[-2.4423664569666,51.39309864642601]},"properties":{"name":null}},{"type":"Feature","geometry":{"type":"Point","coordinates":[-2.738250402806944,51.41460946623219]},"properties":{"name":null}},{"type":"Feature","geometry":{"type":"Point","coordinates":[-2.562508465138012,51.545020468835]},"properties":{"name":null}},{"type":"Feature","geometry":{"type":"Point","coordinates":[-2.556828571267897,51.54872524689586]},"properties":{"name":null}},{"type":"Feature","geometry":{"type":"Point","coordinates":[-2.618685084447155,51.42636228130924]},"properties":{"name":null}},{"type":"Feature","geometry":{"type":"Point","coordinates":[-2.765397422462084,51.43344417519825]},"properties":{"name":null}},{"type":"Feature","geometry":{"type":"Point","coordinates":[-2.570911678550964,51.435245757118246]},"properties":{"name":null}},{"type":"Feature","geometry":{"type":"Point","coordinates":[-2.527150490606983,51.49905761305651]},"properties":{"name":null}},{"type":"Feature","geometry":{"type":"Point","coordinates":[-2.844795990481357,51.40717305790026]},"properties":{"name":null}},{"type":"Feature","geometry":{"type":"Point","coordinates":[-2.80975710351967,51.4429021838878]},"properties":{"name":null}},{"type":"Feature","geometry":{"type":"Point","coordinates":[-2.563159698923527,51.50903267520582]},"properties":{"name":null}},{"type":"Feature","geometry":{"type":"Point","coordinates":[-2.834776095833216,51.332925742950295]},"properties":{"name":null}},{"type":"Feature","geometry":{"type":"Point","coordinates":[-2.933385603247106,51.34974305541443]},"properties":{"name":null}},{"type":"Feature","geometry":{"type":"Point","coordinates":[-2.916356955653499,51.36926420017932]},"properties":{"name":null}},{"type":"Feature","geometry":{"type":"Point","coordinates":[-2.500697503064992,51.44218422649188]},"properties":{"name":null}},{"type":"Feature","geometry":{"type":"Point","coordinates":[-2.561406076980985,51.5831597381364]},"properties":{"name":null}},{"type":"Feature","geometry":{"type":"Point","coordinates":[-2.342212193902,51.39621256724133]},"properties":{"name":null}},{"type":"Feature","geometry":{"type":"Point","coordinates":[-2.317427170272476,51.33326794297908]},"properties":{"name":null}},{"type":"Feature","geometry":{"type":"Point","coordinates":[-2.792417831565746,51.33547689771099]},"properties":{"name":null}},{"type":"Feature","geometry":{"type":"Point","coordinates":[-2.590157522558549,51.458465871760815]},"properties":{"name":null}},{"type":"Feature","geometry":{"type":"Point","coordinates":[-2.583684368824053,51.48921370704303]},"properties":{"name":null}},{"type":"Feature","geometry":{"type":"Point","coordinates":[-2.34076560962703,51.37371943100768]},"properties":{"name":null}},{"type":"Feature","geometry":{"type":"Point","coordinates":[-2.389142684657815,51.36576361961462]},"properties":{"name":null}},{"type":"Feature","geometry":{"type":"Point","coordinates":[-2.543056164866208,51.438569931832546]},"properties":{"name":null}},{"type":"Feature","geometry":{"type":"Point","coordinates":[-2.602137555549578,51.499253893218]},"properties":{"name":null}},{"type":"Feature","geometry":{"type":"Point","coordinates":[-2.619130393193073,51.43487487169136]},"properties":{"name":null}},{"type":"Feature","geometry":{"type":"Point","coordinates":[-2.566310722523039,51.41227605150213]},"properties":{"name":null}},{"type":"Feature","geometry":{"type":"Point","coordinates":[-2.851451000045164,51.44962054191012]},"properties":{"name":null}},{"type":"Feature","geometry":{"type":"Point","coordinates":[-2.745405286888417,51.41068866773337]},"properties":{"name":null}},{"type":"Feature","geometry":{"type":"Point","coordinates":[-2.635892418633311,51.45166229231959]},"properties":{"name":null}},{"type":"Feature","geometry":{"type":"Point","coordinates":[-2.456377184805416,51.535590852729065]},"properties":{"name":null}},{"type":"Feature","geometry":{"type":"Point","coordinates":[-2.649555886673483,51.48854362817631]},"properties":{"name":null}},{"type":"Feature","geometry":{"type":"Point","coordinates":[-2.512493890541136,51.60891094075007]},"properties":{"name":null}},{"type":"Feature","geometry":{"type":"Point","coordinates":[-2.48799034067189,51.458126044497234]},"properties":{"name":null}},{"type":"Feature","geometry":{"type":"Point","coordinates":[-2.621117609522036,51.46579597224293]},"properties":{"name":null}},{"type":"Feature","geometry":{"type":"Point","coordinates":[-2.564776794791917,51.43126512132077]},"properties":{"name":null}},{"type":"Feature","geometry":{"type":"Point","coordinates":[-2.639862590293092,51.562418189702086]},"properties":{"name":null}},{"type":"Feature","geometry":{"type":"Point","coordinates":[-2.541004817089533,51.57767177132081]},"properties":{"name":null}},{"type":"Feature","geometry":{"type":"Point","coordinates":[-2.77738724471076,51.4728391429936]},"properties":{"name":null}},{"type":"Feature","geometry":{"type":"Point","coordinates":[-2.502740583816557,51.40824037724851]},"properties":{"name":null}},{"type":"Feature","geometry":{"type":"Point","coordinates":[-2.554235480832851,51.45764318247852]},"properties":{"name":null}},{"type":"Feature","geometry":{"type":"Point","coordinates":[-2.973561518892034,51.331332140723795]},"properties":{"name":null}},{"type":"Feature","geometry":{"type":"Point","coordinates":[-2.858017366880229,51.445238578053726]},"properties":{"name":null}},{"type":"Feature","geometry":{"type":"Point","coordinates":[-2.576284270710535,51.53164572069931]},"properties":{"name":null}},{"type":"Feature","geometry":{"type":"Point","coordinates":[-2.417259894340464,51.306383092793915]},"properties":{"name":null}},{"type":"Feature","geometry":{"type":"Point","coordinates":[-2.351456460870919,51.39834318661109]},"properties":{"name":null}},{"type":"Feature","geometry":{"type":"Point","coordinates":[-2.582848683828355,51.42709465866027]},"properties":{"name":null}},{"type":"Feature","geometry":{"type":"Point","coordinates":[-2.85704686923311,51.44105543524905]},"properties":{"name":null}},{"type":"Feature","geometry":{"type":"Point","coordinates":[-2.345344675755587,51.58871522997086]},"properties":{"name":null}},{"type":"Feature","geometry":{"type":"Point","coordinates":[-2.357331932365319,51.359175287358745]},"properties":{"name":null}},{"type":"Feature","geometry":{"type":"Point","coordinates":[-2.840403618462135,51.40050567334341]},"properties":{"name":null}},{"type":"Feature","geometry":{"type":"Point","coordinates":[-2.416399212097251,51.31907390164033]},"properties":{"name":null}},{"type":"Feature","geometry":{"type":"Point","coordinates":[-2.907453221978075,51.3519881362705]},"properties":{"name":null}},{"type":"Feature","geometry":{"type":"Point","coordinates":[-2.341843657349426,51.52803208896414]},"properties":{"name":null}},{"type":"Feature","geometry":{"type":"Point","coordinates":[-2.840056178230354,51.332807088499045]},"properties":{"name":null}},{"type":"Feature","geometry":{"type":"Point","coordinates":[-2.54615305314281,51.330212405705815]},"properties":{"name":null}},{"type":"Feature","geometry":{"type":"Point","coordinates":[-2.931359608453534,51.36525215779767]},"properties":{"name":null}},{"type":"Feature","geometry":{"type":"Point","coordinates":[-2.591456070790619,51.49653885109154]},"properties":{"name":null}},{"type":"Feature","geometry":{"type":"Point","coordinates":[-2.631736688029332,51.30901956832377]},"properties":{"name":null}},{"type":"Feature","geometry":{"type":"Point","coordinates":[-2.40159396196231,51.46716670538682]},"properties":{"name":null}},{"type":"Feature","geometry":{"type":"Point","coordinates":[-2.32605860898465,51.584472409187825]},"properties":{"name":null}},{"type":"Feature","geometry":{"type":"Point","coordinates":[-2.943506862179295,51.35033607729883]},"properties":{"name":null}},{"type":"Feature","geometry":{"type":"Point","coordinates":[-2.382085559215955,51.35665134466607]},"properties":{"name":null}},{"type":"Feature","geometry":{"type":"Point","coordinates":[-2.555748415604892,51.5464824393124]},"properties":{"name":null}},{"type":"Feature","geometry":{"type":"Point","coordinates":[-2.852456953116139,51.44568376737754]},"properties":{"name":null}},{"type":"Feature","geometry":{"type":"Point","coordinates":[-2.956517051882943,51.32203981638347]},"properties":{"name":null}},{"type":"Feature","geometry":{"type":"Point","coordinates":[-2.327799327607359,51.35658212356003]},"properties":{"name":null}},{"type":"Feature","geometry":{"type":"Point","coordinates":[-2.955460659417872,51.31539434195328]},"properties":{"name":null}},{"type":"Feature","geometry":{"type":"Point","coordinates":[-2.961352019880393,51.35082909822048]},"properties":{"name":null}},{"type":"Feature","geometry":{"type":"Point","coordinates":[-2.695284355323641,51.510229262378076]},"properties":{"name":null}},{"type":"Feature","geometry":{"type":"Point","coordinates":[-2.485050032959716,51.34371709888436]},"properties":{"name":null}},{"type":"Feature","geometry":{"type":"Point","coordinates":[-2.498185429279167,51.433499874954414]},"properties":{"name":null}},{"type":"Feature","geometry":{"type":"Point","coordinates":[-2.390211421545107,51.371496752637285]},"properties":{"name":null}},{"type":"Feature","geometry":{"type":"Point","coordinates":[-2.406958264472163,51.461690215008254]},"properties":{"name":null}},{"type":"Feature","geometry":{"type":"Point","coordinates":[-2.96832729992478,51.3281562994017]},"properties":{"name":null}},{"type":"Feature","geometry":{"type":"Point","coordinates":[-2.520135393269851,51.47127768810991]},"properties":{"name":null}},{"type":"Feature","geometry":{"type":"Point","coordinates":[-2.522350667942383,51.482453459952346]},"properties":{"name":null}},{"type":"Feature","geometry":{"type":"Point","coordinates":[-2.598271133492588,51.49663016394694]},"properties":{"name":null}},{"type":"Feature","geometry":{"type":"Point","coordinates":[-2.583042063592738,51.44334131226695]},"properties":{"name":null}},{"type":"Feature","geometry":{"type":"Point","coordinates":[-2.368196350319527,51.43691138574582]},"properties":{"name":null}},{"type":"Feature","geometry":{"type":"Point","coordinates":[-2.395801922631584,51.38508259285057]},"properties":{"name":null}},{"type":"Feature","geometry":{"type":"Point","coordinates":[-2.825922561648379,51.30831415524228]},"properties":{"name":null}},{"type":"Feature","geometry":{"type":"Point","coordinates":[-2.398526291881376,51.56121204036605]},"properties":{"name":null}},{"type":"Feature","geometry":{"type":"Point","coordinates":[-2.490125899345493,51.441185709318944]},"properties":{"name":null}},{"type":"Feature","geometry":{"type":"Point","coordinates":[-2.575594467679243,51.41533320101398]},"properties":{"name":null}},{"type":"Feature","geometry":{"type":"Point","coordinates":[-2.61567175296693,51.50294210290909]},"properties":{"name":null}},{"type":"Feature","geometry":{"type":"Point","coordinates":[-2.834449621336759,51.32679544127547]},"properties":{"name":null}},{"type":"Feature","geometry":{"type":"Point","coordinates":[-2.7720784100817,51.473081004563554]},"properties":{"name":null}},{"type":"Feature","geometry":{"type":"Point","coordinates":[-2.686580309602006,51.5226169318943]},"properties":{"name":null}},{"type":"Feature","geometry":{"type":"Point","coordinates":[-2.606562852332834,51.510299724278184]},"properties":{"name":null}},{"type":"Feature","geometry":{"type":"Point","coordinates":[-2.755926262103692,51.3999748408466]},"properties":{"name":null}},{"type":"Feature","geometry":{"type":"Point","coordinates":[-2.534570683832475,51.49299960666983]},"properties":{"name":null}},{"type":"Feature","geometry":{"type":"Point","coordinates":[-2.876140483035272,51.329710306769684]},"properties":{"name":null}},{"type":"Feature","geometry":{"type":"Point","coordinates":[-2.690601431557407,51.514995480144826]},"properties":{"name":null}},{"type":"Feature","geometry":{"type":"Point","coordinates":[-2.433945405997422,51.549460141573604]},"properties":{"name":null}},{"type":"Feature","geometry":{"type":"Point","coordinates":[-2.41673658672484,51.533337597288764]},"properties":{"name":null}},{"type":"Feature","geometry":{"type":"Point","coordinates":[-2.481217749323096,51.52999765564495]},"properties":{"name":null}},{"type":"Feature","geometry":{"type":"Point","coordinates":[-2.369259626892964,51.374325365760264]},"properties":{"name":null}},{"type":"Feature","geometry":{"type":"Point","coordinates":[-2.389608652820153,51.5423685573862]},"properties":{"name":null}},{"type":"Feature","geometry":{"type":"Point","coordinates":[-2.48938647984367,51.34376201300397]},"properties":{"name":null}},{"type":"Feature","geometry":{"type":"Point","coordinates":[-2.470582621918905,51.44914258570848]},"properties":{"name":null}},{"type":"Feature","geometry":{"type":"Point","coordinates":[-2.553939752919745,51.44030843151402]},"properties":{"name":null}},{"type":"Feature","geometry":{"type":"Point","coordinates":[-2.653307561829228,51.40845957220921]},"properties":{"name":null}},{"type":"Feature","geometry":{"type":"Point","coordinates":[-2.801834089127156,51.36259578787161]},"properties":{"name":null}},{"type":"Feature","geometry":{"type":"Point","coordinates":[-2.617777390726137,51.36450258085457]},"properties":{"name":null}},{"type":"Feature","geometry":{"type":"Point","coordinates":[-2.414292836739143,51.53094547009122]},"properties":{"name":null}},{"type":"Feature","geometry":{"type":"Point","coordinates":[-2.64487649433043,51.43666872332119]},"properties":{"name":null}},{"type":"Feature","geometry":{"type":"Point","coordinates":[-2.628012554257158,51.512956200080616]},"properties":{"name":null}},{"type":"Feature","geometry":{"type":"Point","coordinates":[-2.577869473093736,51.432550220686046]},"properties":{"name":null}},{"type":"Feature","geometry":{"type":"Point","coordinates":[-2.870405967439842,51.4278018238308]},"properties":{"name":null}},{"type":"Feature","geometry":{"type":"Point","coordinates":[-2.401342609141651,51.37943482318632]},"properties":{"name":null}},{"type":"Feature","geometry":{"type":"Point","coordinates":[-2.583210459997792,51.535513787409904]},"properties":{"name":null}},{"type":"Feature","geometry":{"type":"Point","coordinates":[-2.513588793434295,51.47163923524648]},"properties":{"name":null}},{"type":"Feature","geometry":{"type":"Point","coordinates":[-2.911954236252379,51.35881397829289]},"properties":{"name":null}},{"type":"Feature","geometry":{"type":"Point","coordinates":[-2.548692388037387,51.337349234059865]},"properties":{"name":null}},{"type":"Feature","geometry":{"type":"Point","coordinates":[-2.602053175418122,51.330882909965844]},"properties":{"name":null}},{"type":"Feature","geometry":{"type":"Point","coordinates":[-2.40447064586293,51.39202169419123]},"properties":{"name":null}},{"type":"Feature","geometry":{"type":"Point","coordinates":[-2.901159695874159,51.35106562605107]},"properties":{"name":null}},{"type":"Feature","geometry":{"type":"Point","coordinates":[-2.865694770862753,51.42587649945317]},"properties":{"name":null}},{"type":"Feature","geometry":{"type":"Point","coordinates":[-2.277274395654121,51.52507369100762]},"properties":{"name":null}},{"type":"Feature","geometry":{"type":"Point","coordinates":[-2.459549968142845,51.326385066436025]},"properties":{"name":null}},{"type":"Feature","geometry":{"type":"Point","coordinates":[-2.385895669613336,51.37079174344987]},"properties":{"name":null}},{"type":"Feature","geometry":{"type":"Point","coordinates":[-2.305797543615168,51.339296442804326]},"properties":{"name":null}},{"type":"Feature","geometry":{"type":"Point","coordinates":[-2.331520002242077,51.37660535129799]},"properties":{"name":null}},{"type":"Feature","geometry":{"type":"Point","coordinates":[-2.516755775002448,51.60525063361793]},"properties":{"name":null}},{"type":"Feature","geometry":{"type":"Point","coordinates":[-2.910680610941785,51.332908799058885]},"properties":{"name":null}},{"type":"Feature","geometry":{"type":"Point","coordinates":[-2.54759078777913,51.32920759207446]},"properties":{"name":null}},{"type":"Feature","geometry":{"type":"Point","coordinates":[-2.487385743516451,51.46488137714429]},"properties":{"name":null}},{"type":"Feature","geometry":{"type":"Point","coordinates":[-2.373697505400981,51.40411900687954]},"properties":{"name":null}},{"type":"Feature","geometry":{"type":"Point","coordinates":[-2.971047285924388,51.34618106697381]},"properties":{"name":null}},{"type":"Feature","geometry":{"type":"Point","coordinates":[-2.423658201850655,51.533492638806514]},"properties":{"name":null}},{"type":"Feature","geometry":{"type":"Point","coordinates":[-2.348641773759819,51.372257563513955]},"properties":{"name":null}},{"type":"Feature","geometry":{"type":"Point","coordinates":[-2.552518564112364,51.635767185696565]},"properties":{"name":null}},{"type":"Feature","geometry":{"type":"Point","coordinates":[-2.396245448697932,51.38819228396464]},"properties":{"name":null}},{"type":"Feature","geometry":{"type":"Point","coordinates":[-2.706479613524976,51.3237167892076]},"properties":{"name":null}},{"type":"Feature","geometry":{"type":"Point","coordinates":[-2.553842349581385,51.414484457493614]},"properties":{"name":null}},{"type":"Feature","geometry":{"type":"Point","coordinates":[-2.544049235952491,51.3756494942417]},"properties":{"name":null}},{"type":"Feature","geometry":{"type":"Point","coordinates":[-2.625232823701731,51.48248066650636]},"properties":{"name":null}},{"type":"Feature","geometry":{"type":"Point","coordinates":[-2.366237658039748,51.388083189208366]},"properties":{"name":null}},{"type":"Feature","geometry":{"type":"Point","coordinates":[-2.37342217426791,51.38441879803794]},"properties":{"name":null}},{"type":"Feature","geometry":{"type":"Point","coordinates":[-2.97831837924901,51.339025812664275]},"properties":{"name":null}},{"type":"Feature","geometry":{"type":"Point","coordinates":[-2.38428321614282,51.36695761516093]},"properties":{"name":null}},{"type":"Feature","geometry":{"type":"Point","coordinates":[-2.971600722011271,51.334999195383816]},"properties":{"name":null}},{"type":"Feature","geometry":{"type":"Point","coordinates":[-2.66465734394789,51.56022958905708]},"properties":{"name":null}},{"type":"Feature","geometry":{"type":"Point","coordinates":[-2.805976193283193,51.443090085734006]},"properties":{"name":null}},{"type":"Feature","geometry":{"type":"Point","coordinates":[-2.416967972725668,51.315331188284254]},"properties":{"name":null}},{"type":"Feature","geometry":{"type":"Point","coordinates":[-2.549856999299477,51.44298919096158]},"properties":{"name":null}},{"type":"Feature","geometry":{"type":"Point","coordinates":[-2.487558988584746,51.412377763399]},"properties":{"name":null}},{"type":"Feature","geometry":{"type":"Point","coordinates":[-2.436093773617151,51.377323506874106]},"properties":{"name":null}},{"type":"Feature","geometry":{"type":"Point","coordinates":[-2.487370715141633,51.51217763135448]},"properties":{"name":null}},{"type":"Feature","geometry":{"type":"Point","coordinates":[-2.545562929112556,51.436436258481166]},"properties":{"name":null}},{"type":"Feature","geometry":{"type":"Point","coordinates":[-2.55787035847395,51.43817676469085]},"properties":{"name":null}},{"type":"Feature","geometry":{"type":"Point","coordinates":[-2.36294118325431,51.358375750245614]},"properties":{"name":null}},{"type":"Feature","geometry":{"type":"Point","coordinates":[-2.749198141732542,51.43514034757822]},"properties":{"name":null}},{"type":"Feature","geometry":{"type":"Point","coordinates":[-2.931900939775494,51.36290994031644]},"properties":{"name":null}},{"type":"Feature","geometry":{"type":"Point","coordinates":[-2.486024543902707,51.28512163626407]},"properties":{"name":null}},{"type":"Feature","geometry":{"type":"Point","coordinates":[-2.63020667261687,51.36691796502539]},"properties":{"name":null}},{"type":"Feature","geometry":{"type":"Point","coordinates":[-2.493104308693367,51.49998785263047]},"properties":{"name":null}},{"type":"Feature","geometry":{"type":"Point","coordinates":[-2.50969819951812,51.49977310071875]},"properties":{"name":null}},{"type":"Feature","geometry":{"type":"Point","coordinates":[-2.537801207581817,51.44072515723087]},"properties":{"name":null}},{"type":"Feature","geometry":{"type":"Point","coordinates":[-2.357661176698048,51.53221092340726]},"properties":{"name":null}},{"type":"Feature","geometry":{"type":"Point","coordinates":[-2.900132093724877,51.332279976123324]},"properties":{"name":null}},{"type":"Feature","geometry":{"type":"Point","coordinates":[-2.427880956149759,51.53025828441211]},"properties":{"name":null}},{"type":"Feature","geometry":{"type":"Point","coordinates":[-2.566285367551031,51.53910365158678]},"properties":{"name":null}},{"type":"Feature","geometry":{"type":"Point","coordinates":[-2.649999466979281,51.568144059933616]},"properties":{"name":null}},{"type":"Feature","geometry":{"type":"Point","coordinates":[-2.50721120392685,51.406872350212744]},"properties":{"name":null}},{"type":"Feature","geometry":{"type":"Point","coordinates":[-2.934041645813943,51.36857581458859]},"properties":{"name":null}},{"type":"Feature","geometry":{"type":"Point","coordinates":[-2.633394958973941,51.4832730810849]},"properties":{"name":null}},{"type":"Feature","geometry":{"type":"Point","coordinates":[-2.616418733296589,51.50705631030013]},"properties":{"name":null}},{"type":"Feature","geometry":{"type":"Point","coordinates":[-2.932595918532507,51.358237590259165]},"properties":{"name":null}},{"type":"Feature","geometry":{"type":"Point","coordinates":[-2.36113606736745,51.389933378369896]},"properties":{"name":null}},{"type":"Feature","geometry":{"type":"Point","coordinates":[-2.465752384118675,51.42707807042116]},"properties":{"name":null}},{"type":"Feature","geometry":{"type":"Point","coordinates":[-2.617280434599799,51.50150398988024]},"properties":{"name":null}},{"type":"Feature","geometry":{"type":"Point","coordinates":[-2.509809880753209,51.334017594707724]},"properties":{"name":null}},{"type":"Feature","geometry":{"type":"Point","coordinates":[-2.501367085264991,51.48098945532971]},"properties":{"name":null}},{"type":"Feature","geometry":{"type":"Point","coordinates":[-2.752300971960457,51.404188406984176]},"properties":{"name":null}},{"type":"Feature","geometry":{"type":"Point","coordinates":[-2.592642844173966,51.45920863442795]},"properties":{"name":null}},{"type":"Feature","geometry":{"type":"Point","coordinates":[-2.508661651680308,51.30540997961677]},"properties":{"name":null}},{"type":"Feature","geometry":{"type":"Point","coordinates":[-2.363461535831873,51.38958448506344]},"properties":{"name":null}},{"type":"Feature","geometry":{"type":"Point","coordinates":[-2.433635208832988,51.48187080511278]},"properties":{"name":null}},{"type":"Feature","geometry":{"type":"Point","coordinates":[-2.658850285834118,51.56064916917157]},"properties":{"name":null}},{"type":"Feature","geometry":{"type":"Point","coordinates":[-2.604114975898049,51.459221903452054]},"properties":{"name":null}},{"type":"Feature","geometry":{"type":"Point","coordinates":[-2.529137636290347,51.51264411724193]},"properties":{"name":null}},{"type":"Feature","geometry":{"type":"Point","coordinates":[-2.957554705279111,51.32087136529822]},"properties":{"name":null}},{"type":"Feature","geometry":{"type":"Point","coordinates":[-2.422357454905562,51.62960890254964]},"properties":{"name":null}},{"type":"Feature","geometry":{"type":"Point","coordinates":[-2.466760011963813,51.44966142568086]},"properties":{"name":null}},{"type":"Feature","geometry":{"type":"Point","coordinates":[-2.65619773246692,51.49170759003775]},"properties":{"name":null}},{"type":"Feature","geometry":{"type":"Point","coordinates":[-2.571666551583306,51.48187293900254]},"properties":{"name":null}},{"type":"Feature","geometry":{"type":"Point","coordinates":[-2.481229215260824,51.53108560407315]},"properties":{"name":null}},{"type":"Feature","geometry":{"type":"Point","coordinates":[-2.746425596786052,51.36295285314757]},"properties":{"name":null}},{"type":"Feature","geometry":{"type":"Point","coordinates":[-2.49321702414202,51.29257266950335]},"properties":{"name":null}},{"type":"Feature","geometry":{"type":"Point","coordinates":[-2.439560518705131,51.61426906115333]},"properties":{"name":null}},{"type":"Feature","geometry":{"type":"Point","coordinates":[-2.472464091214888,51.28277645495154]},"properties":{"name":null}},{"type":"Feature","geometry":{"type":"Point","coordinates":[-2.556962281577528,51.435681382175005]},"properties":{"name":null}},{"type":"Feature","geometry":{"type":"Point","coordinates":[-2.498781408924615,51.46308008901008]},"properties":{"name":null}},{"type":"Feature","geometry":{"type":"Point","coordinates":[-2.465793632526756,51.29094990648753]},"properties":{"name":null}},{"type":"Feature","geometry":{"type":"Point","coordinates":[-2.50796971009999,51.51795285796566]},"properties":{"name":null}},{"type":"Feature","geometry":{"type":"Point","coordinates":[-2.503602504258375,51.517926726745294]},"properties":{"name":null}},{"type":"Feature","geometry":{"type":"Point","coordinates":[-2.923506404487509,51.36688801313291]},"properties":{"name":null}},{"type":"Feature","geometry":{"type":"Point","coordinates":[-2.770895154057567,51.43273376899475]},"properties":{"name":null}},{"type":"Feature","geometry":{"type":"Point","coordinates":[-2.617260274547408,51.497871507282085]},"properties":{"name":null}},{"type":"Feature","geometry":{"type":"Point","coordinates":[-2.67307902144995,51.46731654669471]},"properties":{"name":null}},{"type":"Feature","geometry":{"type":"Point","coordinates":[-2.322617497134094,51.555106362560466]},"properties":{"name":null}},{"type":"Feature","geometry":{"type":"Point","coordinates":[-2.35462613976377,51.36215080596127]},"properties":{"name":null}},{"type":"Feature","geometry":{"type":"Point","coordinates":[-2.9162535845757,51.375595417824876]},"properties":{"name":null}},{"type":"Feature","geometry":{"type":"Point","coordinates":[-2.960152539287361,51.36282549442385]},"properties":{"name":null}},{"type":"Feature","geometry":{"type":"Point","coordinates":[-2.95994914653563,51.319395052123085]},"properties":{"name":null}},{"type":"Feature","geometry":{"type":"Point","coordinates":[-2.486769539848327,51.48276830661624]},"properties":{"name":null}},{"type":"Feature","geometry":{"type":"Point","coordinates":[-2.94807392139637,51.35314952384211]},"properties":{"name":null}},{"type":"Feature","geometry":{"type":"Point","coordinates":[-2.769760691626507,51.33176141483605]},"properties":{"name":null}},{"type":"Feature","geometry":{"type":"Point","coordinates":[-2.947241513255524,51.35317426347081]},"properties":{"name":null}},{"type":"Feature","geometry":{"type":"Point","coordinates":[-2.492631699530022,51.4400692595257]},"properties":{"name":null}},{"type":"Feature","geometry":{"type":"Point","coordinates":[-2.674532520506378,51.48870820778246]},"properties":{"name":null}},{"type":"Feature","geometry":{"type":"Point","coordinates":[-2.316674736378983,51.40938553549025]},"properties":{"name":null}},{"type":"Feature","geometry":{"type":"Point","coordinates":[-2.463183282078111,51.40352067195428]},"properties":{"name":null}},{"type":"Feature","geometry":{"type":"Point","coordinates":[-2.575536362868345,51.50896356130862]},"properties":{"name":null}},{"type":"Feature","geometry":{"type":"Point","coordinates":[-2.396459377414743,51.40462866851524]},"properties":{"name":null}},{"type":"Feature","geometry":{"type":"Point","coordinates":[-2.673520278638478,51.40044137400748]},"properties":{"name":null}},{"type":"Feature","geometry":{"type":"Point","coordinates":[-2.358729003450168,51.38170437211045]},"properties":{"name":null}},{"type":"Feature","geometry":{"type":"Point","coordinates":[-2.505493643197874,51.41406426199548]},"properties":{"name":null}},{"type":"Feature","geometry":{"type":"Point","coordinates":[-2.48119412986971,51.53049229597502]},"properties":{"name":null}},{"type":"Feature","geometry":{"type":"Point","coordinates":[-2.49907287218678,51.414685221286184]},"properties":{"name":null}},{"type":"Feature","geometry":{"type":"Point","coordinates":[-2.598941491544214,51.41812065463254]},"properties":{"name":null}},{"type":"Feature","geometry":{"type":"Point","coordinates":[-2.95794768941122,51.361791455970305]},"properties":{"name":null}},{"type":"Feature","geometry":{"type":"Point","coordinates":[-2.572057972067021,51.58087829023746]},"properties":{"name":null}},{"type":"Feature","geometry":{"type":"Point","coordinates":[-2.594956501750216,51.45670611707718]},"properties":{"name":null}},{"type":"Feature","geometry":{"type":"Point","coordinates":[-2.391336894060358,51.53538527464454]},"properties":{"name":null}},{"type":"Feature","geometry":{"type":"Point","coordinates":[-2.83455268257721,51.3269385811941]},"properties":{"name":null}},{"type":"Feature","geometry":{"type":"Point","coordinates":[-2.678284255569488,51.49014313356916]},"properties":{"name":null}},{"type":"Feature","geometry":{"type":"Point","coordinates":[-2.589942507042448,51.452945891937496]},"properties":{"name":null}},{"type":"Feature","geometry":{"type":"Point","coordinates":[-2.596649223375236,51.45516886137099]},"properties":{"name":null}},{"type":"Feature","geometry":{"type":"Point","coordinates":[-2.56225796721724,51.4721356478999]},"properties":{"name":null}},{"type":"Feature","geometry":{"type":"Point","coordinates":[-2.334728688238112,51.5072280233669]},"properties":{"name":null}},{"type":"Feature","geometry":{"type":"Point","coordinates":[-2.981578434692007,51.35588585730221]},"properties":{"name":null}},{"type":"Feature","geometry":{"type":"Point","coordinates":[-2.521905069459168,51.444726342791]},"properties":{"name":null}},{"type":"Feature","geometry":{"type":"Point","coordinates":[-2.571890359061789,51.531892032991564]},"properties":{"name":null}},{"type":"Feature","geometry":{"type":"Point","coordinates":[-2.561347874138248,51.37565793688451]},"properties":{"name":null}},{"type":"Feature","geometry":{"type":"Point","coordinates":[-2.508240827577525,51.486615604542386]},"properties":{"name":null}},{"type":"Feature","geometry":{"type":"Point","coordinates":[-2.539922813417662,51.353404628382215]},"properties":{"name":null}},{"type":"Feature","geometry":{"type":"Point","coordinates":[-2.424743877335263,51.54171609875504]},"properties":{"name":null}},{"type":"Feature","geometry":{"type":"Point","coordinates":[-2.462179279567895,51.630043352575925]},"properties":{"name":null}},{"type":"Feature","geometry":{"type":"Point","coordinates":[-2.525884777909354,51.61425568238956]},"properties":{"name":null}},{"type":"Feature","geometry":{"type":"Point","coordinates":[-2.310846332405025,51.338635737128214]},"properties":{"name":null}},{"type":"Feature","geometry":{"type":"Point","coordinates":[-2.763580726240029,51.48153498259952]},"properties":{"name":null}},{"type":"Feature","geometry":{"type":"Point","coordinates":[-2.553517694104705,51.524274464757795]},"properties":{"name":null}},{"type":"Feature","geometry":{"type":"Point","coordinates":[-2.499859219738355,51.52091900003376]},"properties":{"name":null}},{"type":"Feature","geometry":{"type":"Point","coordinates":[-2.5745068591098,51.460369106751685]},"properties":{"name":null}},{"type":"Feature","geometry":{"type":"Point","coordinates":[-2.612715845995961,51.47157701348374]},"properties":{"name":null}},{"type":"Feature","geometry":{"type":"Point","coordinates":[-2.457852401709568,51.304307467457804]},"properties":{"name":null}},{"type":"Feature","geometry":{"type":"Point","coordinates":[-2.686085724880201,51.44090390547839]},"properties":{"name":null}},{"type":"Feature","geometry":{"type":"Point","coordinates":[-2.693655550376759,51.49884672174187]},"properties":{"name":null}},{"type":"Feature","geometry":{"type":"Point","coordinates":[-2.835209676265666,51.325180436536115]},"properties":{"name":null}},{"type":"Feature","geometry":{"type":"Point","coordinates":[-2.50965868893131,51.44585918976651]},"properties":{"name":null}},{"type":"Feature","geometry":{"type":"Point","coordinates":[-2.792676125039092,51.33463888889614]},"properties":{"name":null}},{"type":"Feature","geometry":{"type":"Point","coordinates":[-2.959573546556324,51.32134041214887]},"properties":{"name":null}},{"type":"Feature","geometry":{"type":"Point","coordinates":[-2.373453950138059,51.36541020362431]},"properties":{"name":null}},{"type":"Feature","geometry":{"type":"Point","coordinates":[-2.961731710287301,51.37443944903092]},"properties":{"name":null}},{"type":"Feature","geometry":{"type":"Point","coordinates":[-2.446422247302439,51.291276872753386]},"properties":{"name":null}},{"type":"Feature","geometry":{"type":"Point","coordinates":[-2.536885286843014,51.43009211297181]},"properties":{"name":null}},{"type":"Feature","geometry":{"type":"Point","coordinates":[-2.659217663602381,51.50235455895035]},"properties":{"name":null}},{"type":"Feature","geometry":{"type":"Point","coordinates":[-2.535556582795374,51.59175077638295]},"properties":{"name":null}},{"type":"Feature","geometry":{"type":"Point","coordinates":[-2.413128507847176,51.55360852412071]},"properties":{"name":null}},{"type":"Feature","geometry":{"type":"Point","coordinates":[-2.574965383919471,51.40758526917982]},"properties":{"name":null}},{"type":"Feature","geometry":{"type":"Point","coordinates":[-2.765364264529933,51.359089998202904]},"properties":{"name":null}},{"type":"Feature","geometry":{"type":"Point","coordinates":[-2.956922547113278,51.30702881832964]},"properties":{"name":null}},{"type":"Feature","geometry":{"type":"Point","coordinates":[-2.398604738905741,51.38349951122853]},"properties":{"name":null}},{"type":"Feature","geometry":{"type":"Point","coordinates":[-2.57564335416104,51.41579154784689]},"properties":{"name":null}},{"type":"Feature","geometry":{"type":"Point","coordinates":[-2.3955195400428,51.373978616706125]},"properties":{"name":null}},{"type":"Feature","geometry":{"type":"Point","coordinates":[-2.505907934393569,51.45670139462072]},"properties":{"name":null}},{"type":"Feature","geometry":{"type":"Point","coordinates":[-2.920810915837703,51.36285390388319]},"properties":{"name":null}},{"type":"Feature","geometry":{"type":"Point","coordinates":[-2.302348485927983,51.33656289369591]},"properties":{"name":null}},{"type":"Feature","geometry":{"type":"Point","coordinates":[-2.489460889951213,51.29270540816364]},"properties":{"name":null}},{"type":"Feature","geometry":{"type":"Point","coordinates":[-2.301185201509381,51.338669978556176]},"properties":{"name":null}},{"type":"Feature","geometry":{"type":"Point","coordinates":[-2.821745898079542,51.387743526562076]},"properties":{"name":null}},{"type":"Feature","geometry":{"type":"Point","coordinates":[-2.411054253517114,51.54751949589092]},"properties":{"name":null}},{"type":"Feature","geometry":{"type":"Point","coordinates":[-2.442439143700543,51.565703328609615]},"properties":{"name":null}},{"type":"Feature","geometry":{"type":"Point","coordinates":[-2.67541820021957,51.48724650276053]},"properties":{"name":null}},{"type":"Feature","geometry":{"type":"Point","coordinates":[-2.412327515584553,51.30667937446366]},"properties":{"name":null}},{"type":"Feature","geometry":{"type":"Point","coordinates":[-2.833235504672078,51.31523122994493]},"properties":{"name":null}},{"type":"Feature","geometry":{"type":"Point","coordinates":[-2.526268299997743,51.60620643604351]},"properties":{"name":null}},{"type":"Feature","geometry":{"type":"Point","coordinates":[-2.632919598778417,51.54968755342796]},"properties":{"name":null}},{"type":"Feature","geometry":{"type":"Point","coordinates":[-2.513220625007917,51.405569367424356]},"properties":{"name":null}},{"type":"Feature","geometry":{"type":"Point","coordinates":[-2.386452575705075,51.48974185354733]},"properties":{"name":null}},{"type":"Feature","geometry":{"type":"Point","coordinates":[-2.643619731021889,51.49248769327138]},"properties":{"name":null}},{"type":"Feature","geometry":{"type":"Point","coordinates":[-2.382468517715177,51.390513011491024]},"properties":{"name":null}},{"type":"Feature","geometry":{"type":"Point","coordinates":[-2.364514963052434,51.381093015524115]},"properties":{"name":null}},{"type":"Feature","geometry":{"type":"Point","coordinates":[-2.447636965312431,51.46019325754131]},"properties":{"name":null}},{"type":"Feature","geometry":{"type":"Point","coordinates":[-2.577051917792842,51.35740018344715]},"properties":{"name":null}},{"type":"Feature","geometry":{"type":"Point","coordinates":[-2.750371826140993,51.4198377355111]},"properties":{"name":null}},{"type":"Feature","geometry":{"type":"Point","coordinates":[-2.553690763324552,51.52428263947965]},"properties":{"name":null}},{"type":"Feature","geometry":{"type":"Point","coordinates":[-2.599345011082054,51.414908469706866]},"properties":{"name":null}},{"type":"Feature","geometry":{"type":"Point","coordinates":[-2.472296930875573,51.43402951279673]},"properties":{"name":null}},{"type":"Feature","geometry":{"type":"Point","coordinates":[-2.842019928335636,51.445435457044184]},"properties":{"name":null}},{"type":"Feature","geometry":{"type":"Point","coordinates":[-2.367570868821492,51.37871863779884]},"properties":{"name":null}},{"type":"Feature","geometry":{"type":"Point","coordinates":[-2.451879757479583,51.56039820647458]},"properties":{"name":null}},{"type":"Feature","geometry":{"type":"Point","coordinates":[-2.557282798703282,51.506848832102044]},"properties":{"name":null}},{"type":"Feature","geometry":{"type":"Point","coordinates":[-2.390081211717442,51.39169282120018]},"properties":{"name":null}},{"type":"Feature","geometry":{"type":"Point","coordinates":[-2.592943578193965,51.459090215058374]},"properties":{"name":null}},{"type":"Feature","geometry":{"type":"Point","coordinates":[-2.838514823586435,51.44733087740254]},"properties":{"name":null}},{"type":"Feature","geometry":{"type":"Point","coordinates":[-2.495699739557547,51.44304161768426]},"properties":{"name":null}},{"type":"Feature","geometry":{"type":"Point","coordinates":[-2.527754733094054,51.61110920287489]},"properties":{"name":null}},{"type":"Feature","geometry":{"type":"Point","coordinates":[-2.558651047577939,51.54797924374859]},"properties":{"name":null}},{"type":"Feature","geometry":{"type":"Point","coordinates":[-2.606197571542912,51.4925252776349]},"properties":{"name":null}},{"type":"Feature","geometry":{"type":"Point","coordinates":[-2.876285362206646,51.32978115994659]},"properties":{"name":null}},{"type":"Feature","geometry":{"type":"Point","coordinates":[-2.38424208219105,51.54037212717801]},"properties":{"name":null}},{"type":"Feature","geometry":{"type":"Point","coordinates":[-2.764859233319675,51.396886603833366]},"properties":{"name":null}},{"type":"Feature","geometry":{"type":"Point","coordinates":[-2.787196156521791,51.480578687484225]},"properties":{"name":null}},{"type":"Feature","geometry":{"type":"Point","coordinates":[-2.667546361481277,51.42855705790383]},"properties":{"name":null}},{"type":"Feature","geometry":{"type":"Point","coordinates":[-2.432315781491696,51.403296947428146]},"properties":{"name":null}},{"type":"Feature","geometry":{"type":"Point","coordinates":[-2.606116214636911,51.5081350511625]},"properties":{"name":null}},{"type":"Feature","geometry":{"type":"Point","coordinates":[-2.647554896878487,51.49370684771671]},"properties":{"name":null}},{"type":"Feature","geometry":{"type":"Point","coordinates":[-2.786112373422284,51.38645919152874]},"properties":{"name":null}},{"type":"Feature","geometry":{"type":"Point","coordinates":[-2.476445277182739,51.328034785423064]},"properties":{"name":null}},{"type":"Feature","geometry":{"type":"Point","coordinates":[-2.449450128503566,51.397270881786575]},"properties":{"name":null}},{"type":"Feature","geometry":{"type":"Point","coordinates":[-2.478543971733006,51.36148497657761]},"properties":{"name":null}},{"type":"Feature","geometry":{"type":"Point","coordinates":[-2.501912993979504,51.480870230663434]},"properties":{"name":null}},{"type":"Feature","geometry":{"type":"Point","coordinates":[-2.441578970148969,51.514130333925195]},"properties":{"name":null}},{"type":"Feature","geometry":{"type":"Point","coordinates":[-2.472699078811799,51.50223884755214]},"properties":{"name":null}},{"type":"Feature","geometry":{"type":"Point","coordinates":[-2.683510876982187,51.523623938939494]},"properties":{"name":null}},{"type":"Feature","geometry":{"type":"Point","coordinates":[-2.574038485436412,51.55478354309923]},"properties":{"name":null}},{"type":"Feature","geometry":{"type":"Point","coordinates":[-2.617524105544778,51.44277770594887]},"properties":{"name":null}},{"type":"Feature","geometry":{"type":"Point","coordinates":[-2.810174549750785,51.3761883700732]},"properties":{"name":null}},{"type":"Feature","geometry":{"type":"Point","coordinates":[-2.5630402023636,51.522682644319694]},"properties":{"name":null}},{"type":"Feature","geometry":{"type":"Point","coordinates":[-2.509602911975921,51.46796104655369]},"properties":{"name":null}},{"type":"Feature","geometry":{"type":"Point","coordinates":[-2.619088554484886,51.45525012774822]},"properties":{"name":null}},{"type":"Feature","geometry":{"type":"Point","coordinates":[-2.537209036925685,51.52133829790328]},"properties":{"name":null}},{"type":"Feature","geometry":{"type":"Point","coordinates":[-2.853099975316534,51.42923293578191]},"properties":{"name":null}},{"type":"Feature","geometry":{"type":"Point","coordinates":[-2.373405639119148,51.39298803773963]},"properties":{"name":null}},{"type":"Feature","geometry":{"type":"Point","coordinates":[-2.759883277483257,51.48088459319902]},"properties":{"name":null}},{"type":"Feature","geometry":{"type":"Point","coordinates":[-2.901172176066971,51.364877257782744]},"properties":{"name":null}},{"type":"Feature","geometry":{"type":"Point","coordinates":[-2.663681835357222,51.312655259072784]},"properties":{"name":null}},{"type":"Feature","geometry":{"type":"Point","coordinates":[-2.439253070470634,51.333575589122525]},"properties":{"name":null}},{"type":"Feature","geometry":{"type":"Point","coordinates":[-2.528722520589855,51.48178651329504]},"properties":{"name":null}},{"type":"Feature","geometry":{"type":"Point","coordinates":[-2.887337318879386,51.32977886810184]},"properties":{"name":null}},{"type":"Feature","geometry":{"type":"Point","coordinates":[-2.500369660989522,51.52146531950442]},"properties":{"name":null}},{"type":"Feature","geometry":{"type":"Point","coordinates":[-2.902089330495255,51.32813748539908]},"properties":{"name":null}},{"type":"Feature","geometry":{"type":"Point","coordinates":[-2.42063713678202,51.538898521795474]},"properties":{"name":null}},{"type":"Feature","geometry":{"type":"Point","coordinates":[-2.772506319868441,51.43444058888858]},"properties":{"name":null}},{"type":"Feature","geometry":{"type":"Point","coordinates":[-2.63938895331075,51.41660228345139]},"properties":{"name":null}},{"type":"Feature","geometry":{"type":"Point","coordinates":[-2.485656426002679,51.494596904886166]},"properties":{"name":null}},{"type":"Feature","geometry":{"type":"Point","coordinates":[-2.61510433376134,51.45544197743444]},"properties":{"name":null}},{"type":"Feature","geometry":{"type":"Point","coordinates":[-2.497862830958541,51.52949657919572]},"properties":{"name":null}},{"type":"Feature","geometry":{"type":"Point","coordinates":[-2.428050329371247,51.50370518033967]},"properties":{"name":null}},{"type":"Feature","geometry":{"type":"Point","coordinates":[-2.413075195235812,51.54296265088477]},"properties":{"name":null}},{"type":"Feature","geometry":{"type":"Point","coordinates":[-2.648888946235999,51.488232618753926]},"properties":{"name":null}},{"type":"Feature","geometry":{"type":"Point","coordinates":[-2.645293056324973,51.5435236140919]},"properties":{"name":null}},{"type":"Feature","geometry":{"type":"Point","coordinates":[-2.604150712862805,51.428056821563864]},"properties":{"name":null}},{"type":"Feature","geometry":{"type":"Point","coordinates":[-2.558745846350087,51.40741165438881]},"properties":{"name":null}},{"type":"Feature","geometry":{"type":"Point","coordinates":[-2.763074247018634,51.433018719494086]},"properties":{"name":null}},{"type":"Feature","geometry":{"type":"Point","coordinates":[-2.333730810897458,51.392145823393406]},"properties":{"name":null}},{"type":"Feature","geometry":{"type":"Point","coordinates":[-2.753455677544359,51.477967723500704]},"properties":{"name":null}},{"type":"Feature","geometry":{"type":"Point","coordinates":[-2.326655988671686,51.46229243635593]},"properties":{"name":null}},{"type":"Feature","geometry":{"type":"Point","coordinates":[-2.352931809253965,51.38460837351358]},"properties":{"name":null}},{"type":"Feature","geometry":{"type":"Point","coordinates":[-2.478278351559666,51.374623205463905]},"properties":{"name":null}},{"type":"Feature","geometry":{"type":"Point","coordinates":[-2.579747241190228,51.536412171773684]},"properties":{"name":null}},{"type":"Feature","geometry":{"type":"Point","coordinates":[-2.570865557134693,51.406238463095505]},"properties":{"name":null}},{"type":"Feature","geometry":{"type":"Point","coordinates":[-2.438283131158983,51.60460785326979]},"properties":{"name":null}},{"type":"Feature","geometry":{"type":"Point","coordinates":[-2.482919100462409,51.28571001245064]},"properties":{"name":null}},{"type":"Feature","geometry":{"type":"Point","coordinates":[-2.391571470658121,51.39960068921693]},"properties":{"name":null}},{"type":"Feature","geometry":{"type":"Point","coordinates":[-2.511867988091065,51.513422073611935]},"properties":{"name":null}},{"type":"Feature","geometry":{"type":"Point","coordinates":[-2.810861646254077,51.47113794758111]},"properties":{"name":null}},{"type":"Feature","geometry":{"type":"Point","coordinates":[-2.486970018195563,51.51244005611389]},"properties":{"name":null}},{"type":"Feature","geometry":{"type":"Point","coordinates":[-2.546101923516296,51.499663257914136]},"properties":{"name":null}},{"type":"Feature","geometry":{"type":"Point","coordinates":[-2.698120735621507,51.425294823198584]},"properties":{"name":null}},{"type":"Feature","geometry":{"type":"Point","coordinates":[-2.564071372537108,51.47673962889765]},"properties":{"name":null}},{"type":"Feature","geometry":{"type":"Point","coordinates":[-2.515280650114387,51.48508330200665]},"properties":{"name":null}},{"type":"Feature","geometry":{"type":"Point","coordinates":[-2.631695010813051,51.3091187055644]},"properties":{"name":null}},{"type":"Feature","geometry":{"type":"Point","coordinates":[-2.556094607748885,51.537030475118435]},"properties":{"name":null}},{"type":"Feature","geometry":{"type":"Point","coordinates":[-2.416769543450421,51.55902659347086]},"properties":{"name":null}},{"type":"Feature","geometry":{"type":"Point","coordinates":[-2.912078261306029,51.37082631493678]},"properties":{"name":null}},{"type":"Feature","geometry":{"type":"Point","coordinates":[-2.491949841302858,51.28541147905008]},"properties":{"name":null}},{"type":"Feature","geometry":{"type":"Point","coordinates":[-2.897115531543383,51.329218799447474]},"properties":{"name":null}},{"type":"Feature","geometry":{"type":"Point","coordinates":[-2.416511330840291,51.533931849306356]},"properties":{"name":null}},{"type":"Feature","geometry":{"type":"Point","coordinates":[-2.571719454886085,51.49070231167492]},"properties":{"name":null}},{"type":"Feature","geometry":{"type":"Point","coordinates":[-2.347561002252192,51.5576156298735]},"properties":{"name":null}},{"type":"Feature","geometry":{"type":"Point","coordinates":[-2.554319775024247,51.4574719410144]},"properties":{"name":null}},{"type":"Feature","geometry":{"type":"Point","coordinates":[-2.58130786862055,51.488083590066566]},"properties":{"name":null}},{"type":"Feature","geometry":{"type":"Point","coordinates":[-2.552947911373061,51.556962090390144]},"properties":{"name":null}},{"type":"Feature","geometry":{"type":"Point","coordinates":[-2.957878023891134,51.35501194461655]},"properties":{"name":null}},{"type":"Feature","geometry":{"type":"Point","coordinates":[-2.399242788450413,51.5935975499817]},"properties":{"name":null}},{"type":"Feature","geometry":{"type":"Point","coordinates":[-2.725093734338096,51.36555959796081]},"properties":{"name":null}},{"type":"Feature","geometry":{"type":"Point","coordinates":[-2.342317736860109,51.527814905812484]},"properties":{"name":null}},{"type":"Feature","geometry":{"type":"Point","coordinates":[-2.566160035286315,51.40705248898771]},"properties":{"name":null}},{"type":"Feature","geometry":{"type":"Point","coordinates":[-2.907563713761995,51.33937139559982]},"properties":{"name":null}},{"type":"Feature","geometry":{"type":"Point","coordinates":[-2.532727899154104,51.30990706408148]},"properties":{"name":null}},{"type":"Feature","geometry":{"type":"Point","coordinates":[-2.519003061939804,51.60478214217015]},"properties":{"name":null}},{"type":"Feature","geometry":{"type":"Point","coordinates":[-2.869365447334244,51.43208968412287]},"properties":{"name":null}},{"type":"Feature","geometry":{"type":"Point","coordinates":[-2.512325493836946,51.40651742302038]},"properties":{"name":null}},{"type":"Feature","geometry":{"type":"Point","coordinates":[-2.576498608364439,51.57937288823826]},"properties":{"name":null}},{"type":"Feature","geometry":{"type":"Point","coordinates":[-2.608623480180915,51.48863735046655]},"properties":{"name":null}},{"type":"Feature","geometry":{"type":"Point","coordinates":[-2.504113945328347,51.522483338431364]},"properties":{"name":null}},{"type":"Feature","geometry":{"type":"Point","coordinates":[-2.824933765575196,51.31157626372089]},"properties":{"name":null}},{"type":"Feature","geometry":{"type":"Point","coordinates":[-2.593987589243074,51.438547829606584]},"properties":{"name":null}},{"type":"Feature","geometry":{"type":"Point","coordinates":[-2.767112034837202,51.481718766425715]},"properties":{"name":null}},{"type":"Feature","geometry":{"type":"Point","coordinates":[-2.47655343038519,51.4822167855169]},"properties":{"name":null}},{"type":"Feature","geometry":{"type":"Point","coordinates":[-2.946403768213341,51.34317302067651]},"properties":{"name":null}},{"type":"Feature","geometry":{"type":"Point","coordinates":[-2.362458664732019,51.38090159388891]},"properties":{"name":null}},{"type":"Feature","geometry":{"type":"Point","coordinates":[-2.763813922952052,51.44374995396618]},"properties":{"name":null}},{"type":"Feature","geometry":{"type":"Point","coordinates":[-2.366573688492092,51.372616400978345]},"properties":{"name":null}},{"type":"Feature","geometry":{"type":"Point","coordinates":[-2.613761635963424,51.43250251609998]},"properties":{"name":null}},{"type":"Feature","geometry":{"type":"Point","coordinates":[-2.546705565583675,51.51634899797418]},"properties":{"name":null}},{"type":"Feature","geometry":{"type":"Point","coordinates":[-2.615399177889261,51.524415431975086]},"properties":{"name":null}},{"type":"Feature","geometry":{"type":"Point","coordinates":[-2.472410754974816,51.42973997357052]},"properties":{"name":null}},{"type":"Feature","geometry":{"type":"Point","coordinates":[-2.367539836434014,51.3694842440137]},"properties":{"name":null}},{"type":"Feature","geometry":{"type":"Point","coordinates":[-2.480809675102289,51.33363677911736]},"properties":{"name":null}},{"type":"Feature","geometry":{"type":"Point","coordinates":[-2.494431760052277,51.46151594771559]},"properties":{"name":null}},{"type":"Feature","geometry":{"type":"Point","coordinates":[-2.679587590628351,51.48965004323388]},"properties":{"name":null}},{"type":"Feature","geometry":{"type":"Point","coordinates":[-2.37497281384346,51.322801950536274]},"properties":{"name":null}},{"type":"Feature","geometry":{"type":"Point","coordinates":[-2.624659329344757,51.500619717329215]},"properties":{"name":null}},{"type":"Feature","geometry":{"type":"Point","coordinates":[-2.795149854857482,51.47918528145403]},"properties":{"name":null}},{"type":"Feature","geometry":{"type":"Point","coordinates":[-2.467138335653559,51.527671771962126]},"properties":{"name":null}},{"type":"Feature","geometry":{"type":"Point","coordinates":[-2.387088445866846,51.384464290640274]},"properties":{"name":null}},{"type":"Feature","geometry":{"type":"Point","coordinates":[-2.59008374790474,51.47726802689786]},"properties":{"name":null}},{"type":"Feature","geometry":{"type":"Point","coordinates":[-2.586165098699075,51.50407339689848]},"properties":{"name":null}},{"type":"Feature","geometry":{"type":"Point","coordinates":[-2.386512322324609,51.53431328171206]},"properties":{"name":null}},{"type":"Feature","geometry":{"type":"Point","coordinates":[-2.371042085091577,51.35847624185024]},"properties":{"name":null}},{"type":"Feature","geometry":{"type":"Point","coordinates":[-2.718234945513939,51.466086098545645]},"properties":{"name":null}},{"type":"Feature","geometry":{"type":"Point","coordinates":[-2.481494724572192,51.535751182342366]},"properties":{"name":null}},{"type":"Feature","geometry":{"type":"Point","coordinates":[-2.645658304192354,51.505280431392514]},"properties":{"name":null}},{"type":"Feature","geometry":{"type":"Point","coordinates":[-2.344756757194318,51.55684163829212]},"properties":{"name":null}},{"type":"Feature","geometry":{"type":"Point","coordinates":[-2.587277981992915,51.45952342905335]},"properties":{"name":null}},{"type":"Feature","geometry":{"type":"Point","coordinates":[-2.8463794894353,51.42829256073834]},"properties":{"name":null}},{"type":"Feature","geometry":{"type":"Point","coordinates":[-2.382812282048827,51.35424816734578]},"properties":{"name":null}},{"type":"Feature","geometry":{"type":"Point","coordinates":[-2.579877885899409,51.36511034711558]},"properties":{"name":null}},{"type":"Feature","geometry":{"type":"Point","coordinates":[-2.616636254951044,51.405763557145825]},"properties":{"name":null}},{"type":"Feature","geometry":{"type":"Point","coordinates":[-2.333347305441112,51.37499063777981]},"properties":{"name":null}},{"type":"Feature","geometry":{"type":"Point","coordinates":[-2.455680660064477,51.643286351392966]},"properties":{"name":null}},{"type":"Feature","geometry":{"type":"Point","coordinates":[-2.590793122596489,51.43963394916866]},"properties":{"name":null}},{"type":"Feature","geometry":{"type":"Point","coordinates":[-2.545528769988429,51.414298559951575]},"properties":{"name":null}},{"type":"Feature","geometry":{"type":"Point","coordinates":[-2.898979981981972,51.351217267627135]},"properties":{"name":null}},{"type":"Feature","geometry":{"type":"Point","coordinates":[-2.420870147922023,51.54071400524198]},"properties":{"name":null}},{"type":"Feature","geometry":{"type":"Point","coordinates":[-2.835515350717476,51.32225581995247]},"properties":{"name":null}},{"type":"Feature","geometry":{"type":"Point","coordinates":[-2.432450933306667,51.52722031504445]},"properties":{"name":null}},{"type":"Feature","geometry":{"type":"Point","coordinates":[-2.661810884033696,51.55890598230818]},"properties":{"name":null}},{"type":"Feature","geometry":{"type":"Point","coordinates":[-2.574247888333013,51.582863736964335]},"properties":{"name":null}},{"type":"Feature","geometry":{"type":"Point","coordinates":[-2.358511652025653,51.377802634357224]},"properties":{"name":null}},{"type":"Feature","geometry":{"type":"Point","coordinates":[-2.486254697515474,51.43975410983364]},"properties":{"name":null}},{"type":"Feature","geometry":{"type":"Point","coordinates":[-2.356731122158738,51.38716846352342]},"properties":{"name":null}},{"type":"Feature","geometry":{"type":"Point","coordinates":[-2.947299454393586,51.30788039423744]},"properties":{"name":null}},{"type":"Feature","geometry":{"type":"Point","coordinates":[-2.842579708467672,51.37654445188969]},"properties":{"name":null}},{"type":"Feature","geometry":{"type":"Point","coordinates":[-2.404862037897077,51.37607773194176]},"properties":{"name":null}},{"type":"Feature","geometry":{"type":"Point","coordinates":[-2.958872015339253,51.36822230253763]},"properties":{"name":null}},{"type":"Feature","geometry":{"type":"Point","coordinates":[-2.546622227634696,51.516610148034566]},"properties":{"name":null}},{"type":"Feature","geometry":{"type":"Point","coordinates":[-2.835882379448782,51.398523824453534]},"properties":{"name":null}},{"type":"Feature","geometry":{"type":"Point","coordinates":[-2.538178921621053,51.524139207083856]},"properties":{"name":null}},{"type":"Feature","geometry":{"type":"Point","coordinates":[-2.974682085579699,51.350341256453106]},"properties":{"name":null}},{"type":"Feature","geometry":{"type":"Point","coordinates":[-2.917546390492876,51.33456376711948]},"properties":{"name":null}},{"type":"Feature","geometry":{"type":"Point","coordinates":[-2.798237886852633,51.464714383465726]},"properties":{"name":null}},{"type":"Feature","geometry":{"type":"Point","coordinates":[-2.576596458954068,51.49023784556763]},"properties":{"name":null}},{"type":"Feature","geometry":{"type":"Point","coordinates":[-2.495789020784132,51.41419559934956]},"properties":{"name":null}},{"type":"Feature","geometry":{"type":"Point","coordinates":[-2.499966822009496,51.417531833478364]},"properties":{"name":null}},{"type":"Feature","geometry":{"type":"Point","coordinates":[-2.480717686503813,51.359201109428184]},"properties":{"name":null}},{"type":"Feature","geometry":{"type":"Point","coordinates":[-2.635686396637744,51.43893985398803]},"properties":{"name":null}},{"type":"Feature","geometry":{"type":"Point","coordinates":[-2.549467648931144,51.54586466245906]},"properties":{"name":null}},{"type":"Feature","geometry":{"type":"Point","coordinates":[-2.839056782449604,51.33310199510207]},"properties":{"name":null}},{"type":"Feature","geometry":{"type":"Point","coordinates":[-2.358975907107777,51.39671982938818]},"properties":{"name":null}},{"type":"Feature","geometry":{"type":"Point","coordinates":[-2.419185222582425,51.52994799300082]},"properties":{"name":null}},{"type":"Feature","geometry":{"type":"Point","coordinates":[-2.526841520479228,51.401085020047454]},"properties":{"name":null}},{"type":"Feature","geometry":{"type":"Point","coordinates":[-2.826587832663744,51.454636002423044]},"properties":{"name":null}},{"type":"Feature","geometry":{"type":"Point","coordinates":[-2.97140566931418,51.32848153650071]},"properties":{"name":null}},{"type":"Feature","geometry":{"type":"Point","coordinates":[-2.525311540472563,51.46693860437218]},"properties":{"name":null}},{"type":"Feature","geometry":{"type":"Point","coordinates":[-2.632505857929297,51.48771972305691]},"properties":{"name":null}},{"type":"Feature","geometry":{"type":"Point","coordinates":[-2.277956806598779,51.53061990934596]},"properties":{"name":null}},{"type":"Feature","geometry":{"type":"Point","coordinates":[-2.604354968004162,51.42610459712723]},"properties":{"name":null}},{"type":"Feature","geometry":{"type":"Point","coordinates":[-2.841617622859979,51.43920698788014]},"properties":{"name":null}},{"type":"Feature","geometry":{"type":"Point","coordinates":[-2.600956795201819,51.49490803634439]},"properties":{"name":null}},{"type":"Feature","geometry":{"type":"Point","coordinates":[-2.583497550832108,51.53766137805606]},"properties":{"name":null}},{"type":"Feature","geometry":{"type":"Point","coordinates":[-2.479720713565092,51.46012037926259]},"properties":{"name":null}},{"type":"Feature","geometry":{"type":"Point","coordinates":[-2.769848614029917,51.331868741123564]},"properties":{"name":null}},{"type":"Feature","geometry":{"type":"Point","coordinates":[-2.652334430877604,51.535787743714366]},"properties":{"name":null}},{"type":"Feature","geometry":{"type":"Point","coordinates":[-2.962642745075172,51.369926880392086]},"properties":{"name":null}},{"type":"Feature","geometry":{"type":"Point","coordinates":[-2.31346729048949,51.33773855917382]},"properties":{"name":null}},{"type":"Feature","geometry":{"type":"Point","coordinates":[-2.557242721307424,51.474101678675076]},"properties":{"name":null}},{"type":"Feature","geometry":{"type":"Point","coordinates":[-2.920565066325924,51.334773810325856]},"properties":{"name":null}},{"type":"Feature","geometry":{"type":"Point","coordinates":[-2.481860482072127,51.285948173546416]},"properties":{"name":null}},{"type":"Feature","geometry":{"type":"Point","coordinates":[-2.467919438180535,51.32660365046618]},"properties":{"name":null}},{"type":"Feature","geometry":{"type":"Point","coordinates":[-2.436412153719358,51.3215729591307]},"properties":{"name":null}},{"type":"Feature","geometry":{"type":"Point","coordinates":[-2.347843675363133,51.344691069602206]},"properties":{"name":null}},{"type":"Feature","geometry":{"type":"Point","coordinates":[-2.777025442435368,51.48543012877146]},"properties":{"name":null}},{"type":"Feature","geometry":{"type":"Point","coordinates":[-2.614229258934873,51.43737333595838]},"properties":{"name":null}},{"type":"Feature","geometry":{"type":"Point","coordinates":[-2.382934933244949,51.36891323786378]},"properties":{"name":null}},{"type":"Feature","geometry":{"type":"Point","coordinates":[-2.798710813307284,51.33413930287837]},"properties":{"name":null}},{"type":"Feature","geometry":{"type":"Point","coordinates":[-2.710021762416165,51.47487619383302]},"properties":{"name":null}},{"type":"Feature","geometry":{"type":"Point","coordinates":[-2.606357005584326,51.42307295860635]},"properties":{"name":null}},{"type":"Feature","geometry":{"type":"Point","coordinates":[-2.981302495992202,51.3402777691519]},"properties":{"name":null}},{"type":"Feature","geometry":{"type":"Point","coordinates":[-2.591175548499725,51.43692566005426]},"properties":{"name":null}},{"type":"Feature","geometry":{"type":"Point","coordinates":[-2.489632409542648,51.49596510965856]},"properties":{"name":null}},{"type":"Feature","geometry":{"type":"Point","coordinates":[-2.939002188869956,51.355461794913175]},"properties":{"name":null}},{"type":"Feature","geometry":{"type":"Point","coordinates":[-2.852784754592175,51.4300714741229]},"properties":{"name":null}},{"type":"Feature","geometry":{"type":"Point","coordinates":[-2.499001658177544,51.41080103924627]},"properties":{"name":null}},{"type":"Feature","geometry":{"type":"Point","coordinates":[-2.553050457416839,51.4286682844719]},"properties":{"name":null}},{"type":"Feature","geometry":{"type":"Point","coordinates":[-2.7770309296877,51.486599032271506]},"properties":{"name":null}},{"type":"Feature","geometry":{"type":"Point","coordinates":[-2.582750224656446,51.47244032302654]},"properties":{"name":null}},{"type":"Feature","geometry":{"type":"Point","coordinates":[-2.411460765847081,51.54622328143065]},"properties":{"name":null}},{"type":"Feature","geometry":{"type":"Point","coordinates":[-2.55089551026669,51.47311550959513]},"properties":{"name":null}},{"type":"Feature","geometry":{"type":"Point","coordinates":[-2.501362029969294,51.46213394358295]},"properties":{"name":null}},{"type":"Feature","geometry":{"type":"Point","coordinates":[-2.981398503405975,51.34544744720498]},"properties":{"name":null}},{"type":"Feature","geometry":{"type":"Point","coordinates":[-2.489379963645403,51.49391605084411]},"properties":{"name":null}},{"type":"Feature","geometry":{"type":"Point","coordinates":[-2.438798805758346,51.45265567608001]},"properties":{"name":null}},{"type":"Feature","geometry":{"type":"Point","coordinates":[-2.595789421203627,51.50737874507142]},"properties":{"name":null}},{"type":"Feature","geometry":{"type":"Point","coordinates":[-2.487743695768624,51.482287707798136]},"properties":{"name":null}},{"type":"Feature","geometry":{"type":"Point","coordinates":[-2.574531609211656,51.530988956853996]},"properties":{"name":null}},{"type":"Feature","geometry":{"type":"Point","coordinates":[-2.544368936108032,51.32133654128983]},"properties":{"name":null}},{"type":"Feature","geometry":{"type":"Point","coordinates":[-2.615972605237075,51.461120350385634]},"properties":{"name":null}},{"type":"Feature","geometry":{"type":"Point","coordinates":[-2.945314665629463,51.357236255219384]},"properties":{"name":null}},{"type":"Feature","geometry":{"type":"Point","coordinates":[-2.960991126304613,51.3095042666239]},"properties":{"name":null}},{"type":"Feature","geometry":{"type":"Point","coordinates":[-2.440194505300259,51.600680348955485]},"properties":{"name":null}},{"type":"Feature","geometry":{"type":"Point","coordinates":[-2.845799663625242,51.43116515057721]},"properties":{"name":null}},{"type":"Feature","geometry":{"type":"Point","coordinates":[-2.360567789518031,51.390771363333435]},"properties":{"name":null}},{"type":"Feature","geometry":{"type":"Point","coordinates":[-2.359116293302355,51.3779536384277]},"properties":{"name":null}},{"type":"Feature","geometry":{"type":"Point","coordinates":[-2.769387726229162,51.432914516345264]},"properties":{"name":null}},{"type":"Feature","geometry":{"type":"Point","coordinates":[-2.750490987152675,51.42008874614091]},"properties":{"name":null}},{"type":"Feature","geometry":{"type":"Point","coordinates":[-2.752829271554898,51.488015598888694]},"properties":{"name":null}},{"type":"Feature","geometry":{"type":"Point","coordinates":[-2.584936426697523,51.464390818267894]},"properties":{"name":null}},{"type":"Feature","geometry":{"type":"Point","coordinates":[-2.541860146129863,51.489432434718005]},"properties":{"name":null}},{"type":"Feature","geometry":{"type":"Point","coordinates":[-2.981492494983656,51.32159950613448]},"properties":{"name":null}},{"type":"Feature","geometry":{"type":"Point","coordinates":[-2.564452144175249,51.507515857462685]},"properties":{"name":null}},{"type":"Feature","geometry":{"type":"Point","coordinates":[-2.62760370666781,51.47264912152568]},"properties":{"name":null}},{"type":"Feature","geometry":{"type":"Point","coordinates":[-2.598372908247467,51.43610687563286]},"properties":{"name":null}},{"type":"Feature","geometry":{"type":"Point","coordinates":[-2.542602722898322,51.49616376302597]},"properties":{"name":null}},{"type":"Feature","geometry":{"type":"Point","coordinates":[-2.980544592484674,51.32291129827504]},"properties":{"name":null}},{"type":"Feature","geometry":{"type":"Point","coordinates":[-2.556000454408085,51.42287264763142]},"properties":{"name":null}},{"type":"Feature","geometry":{"type":"Point","coordinates":[-2.521468794772445,51.45695696627255]},"properties":{"name":null}},{"type":"Feature","geometry":{"type":"Point","coordinates":[-2.496009294209305,51.47558130637471]},"properties":{"name":null}},{"type":"Feature","geometry":{"type":"Point","coordinates":[-2.609766411537823,51.49226400565748]},"properties":{"name":null}},{"type":"Feature","geometry":{"type":"Point","coordinates":[-2.520068694200799,51.613373442825974]},"properties":{"name":null}},{"type":"Feature","geometry":{"type":"Point","coordinates":[-2.559771038677795,51.522905084479135]},"properties":{"name":null}},{"type":"Feature","geometry":{"type":"Point","coordinates":[-2.400504413300156,51.37228918890396]},"properties":{"name":null}},{"type":"Feature","geometry":{"type":"Point","coordinates":[-2.414518217695228,51.62549172681413]},"properties":{"name":null}},{"type":"Feature","geometry":{"type":"Point","coordinates":[-2.974593742174103,51.34685303081525]},"properties":{"name":null}},{"type":"Feature","geometry":{"type":"Point","coordinates":[-2.593570354580703,51.46966150863744]},"properties":{"name":null}},{"type":"Feature","geometry":{"type":"Point","coordinates":[-2.904307395116596,51.337310395100225]},"properties":{"name":null}},{"type":"Feature","geometry":{"type":"Point","coordinates":[-2.502912311168616,51.303078927143574]},"properties":{"name":null}},{"type":"Feature","geometry":{"type":"Point","coordinates":[-2.45784763474595,51.28939854399225]},"properties":{"name":null}},{"type":"Feature","geometry":{"type":"Point","coordinates":[-2.359112236463393,51.392097626310054]},"properties":{"name":null}},{"type":"Feature","geometry":{"type":"Point","coordinates":[-2.456565497413832,51.40160441414855]},"properties":{"name":null}},{"type":"Feature","geometry":{"type":"Point","coordinates":[-2.509445147015051,51.37890705088207]},"properties":{"name":null}},{"type":"Feature","geometry":{"type":"Point","coordinates":[-2.599562358954157,51.41503324324531]},"properties":{"name":null}},{"type":"Feature","geometry":{"type":"Point","coordinates":[-2.560888898400392,51.45793529906487]},"properties":{"name":null}},{"type":"Feature","geometry":{"type":"Point","coordinates":[-2.521176315929595,51.48681963034947]},"properties":{"name":null}},{"type":"Feature","geometry":{"type":"Point","coordinates":[-2.565581985024322,51.63003123151455]},"properties":{"name":null}},{"type":"Feature","geometry":{"type":"Point","coordinates":[-2.574525053530028,51.424051474652494]},"properties":{"name":null}},{"type":"Feature","geometry":{"type":"Point","coordinates":[-2.699006167457815,51.42109936871575]},"properties":{"name":null}},{"type":"Feature","geometry":{"type":"Point","coordinates":[-2.614915101898582,51.42840529476597]},"properties":{"name":null}},{"type":"Feature","geometry":{"type":"Point","coordinates":[-2.595684357208234,51.40656468403802]},"properties":{"name":null}},{"type":"Feature","geometry":{"type":"Point","coordinates":[-2.967951086057084,51.342340023258146]},"properties":{"name":null}},{"type":"Feature","geometry":{"type":"Point","coordinates":[-2.57621626957226,51.424717580162245]},"properties":{"name":null}},{"type":"Feature","geometry":{"type":"Point","coordinates":[-2.699289483299517,51.47640644929968]},"properties":{"name":null}},{"type":"Feature","geometry":{"type":"Point","coordinates":[-2.562530032604005,51.49071080638283]},"properties":{"name":null}},{"type":"Feature","geometry":{"type":"Point","coordinates":[-2.38429794498932,51.36871094214563]},"properties":{"name":null}},{"type":"Feature","geometry":{"type":"Point","coordinates":[-2.398194326690235,51.372620780703436]},"properties":{"name":null}},{"type":"Feature","geometry":{"type":"Point","coordinates":[-2.552509060517058,51.49816758875823]},"properties":{"name":null}},{"type":"Feature","geometry":{"type":"Point","coordinates":[-2.810006858971873,51.37564101427994]},"properties":{"name":null}},{"type":"Feature","geometry":{"type":"Point","coordinates":[-2.50522802914481,51.47330304717955]},"properties":{"name":null}},{"type":"Feature","geometry":{"type":"Point","coordinates":[-2.669868860081407,51.486945703376975]},"properties":{"name":null}},{"type":"Feature","geometry":{"type":"Point","coordinates":[-2.609886540931023,51.47642031314979]},"properties":{"name":null}},{"type":"Feature","geometry":{"type":"Point","coordinates":[-2.987097956498784,51.3554348595124]},"properties":{"name":null}},{"type":"Feature","geometry":{"type":"Point","coordinates":[-2.549060169794715,51.32604452053809]},"properties":{"name":null}},{"type":"Feature","geometry":{"type":"Point","coordinates":[-2.569536294421416,51.41729593711583]},"properties":{"name":null}},{"type":"Feature","geometry":{"type":"Point","coordinates":[-2.656013828986018,51.43080717369034]},"properties":{"name":null}},{"type":"Feature","geometry":{"type":"Point","coordinates":[-2.490551371659731,51.43392761332471]},"properties":{"name":null}},{"type":"Feature","geometry":{"type":"Point","coordinates":[-2.601896824214308,51.439352597977326]},"properties":{"name":null}},{"type":"Feature","geometry":{"type":"Point","coordinates":[-2.628075773052705,51.42106078191568]},"properties":{"name":null}},{"type":"Feature","geometry":{"type":"Point","coordinates":[-2.712432351026536,51.48172214265006]},"properties":{"name":null}},{"type":"Feature","geometry":{"type":"Point","coordinates":[-2.538462143301903,51.46024312877888]},"properties":{"name":null}},{"type":"Feature","geometry":{"type":"Point","coordinates":[-2.619225046607095,51.441941484719436]},"properties":{"name":null}},{"type":"Feature","geometry":{"type":"Point","coordinates":[-2.355612974601478,51.38382695348095]},"properties":{"name":null}},{"type":"Feature","geometry":{"type":"Point","coordinates":[-2.596416561208766,51.440576478182805]},"properties":{"name":null}},{"type":"Feature","geometry":{"type":"Point","coordinates":[-2.635534866432891,51.490113087495764]},"properties":{"name":null}},{"type":"Feature","geometry":{"type":"Point","coordinates":[-2.783530383138243,51.38673724312853]},"properties":{"name":null}},{"type":"Feature","geometry":{"type":"Point","coordinates":[-2.435388196130263,51.525348167380216]},"properties":{"name":null}},{"type":"Feature","geometry":{"type":"Point","coordinates":[-2.498524751679892,51.30989566026721]},"properties":{"name":null}},{"type":"Feature","geometry":{"type":"Point","coordinates":[-2.613411579002485,51.405456838650075]},"properties":{"name":null}},{"type":"Feature","geometry":{"type":"Point","coordinates":[-2.430201320495017,51.54090493939487]},"properties":{"name":null}},{"type":"Feature","geometry":{"type":"Point","coordinates":[-2.582987327275465,51.48876759863726]},"properties":{"name":null}},{"type":"Feature","geometry":{"type":"Point","coordinates":[-2.61137791454361,51.433899706388615]},"properties":{"name":null}},{"type":"Feature","geometry":{"type":"Point","coordinates":[-2.341811421172786,51.402220232130205]},"properties":{"name":null}},{"type":"Feature","geometry":{"type":"Point","coordinates":[-2.353443043315739,51.39499226693164]},"properties":{"name":null}},{"type":"Feature","geometry":{"type":"Point","coordinates":[-2.582546228190194,51.49371513912854]},"properties":{"name":null}},{"type":"Feature","geometry":{"type":"Point","coordinates":[-2.632156457063891,51.47702159769213]},"properties":{"name":null}},{"type":"Feature","geometry":{"type":"Point","coordinates":[-2.449803988085756,51.28370172543553]},"properties":{"name":null}},{"type":"Feature","geometry":{"type":"Point","coordinates":[-2.990712899602344,51.35524250603272]},"properties":{"name":null}},{"type":"Feature","geometry":{"type":"Point","coordinates":[-2.970437557069944,51.349944847645375]},"properties":{"name":null}},{"type":"Feature","geometry":{"type":"Point","coordinates":[-2.489613414637974,51.451087713867366]},"properties":{"name":null}},{"type":"Feature","geometry":{"type":"Point","coordinates":[-2.717393011012829,51.3268785671172]},"properties":{"name":null}},{"type":"Feature","geometry":{"type":"Point","coordinates":[-2.621450735771041,51.54105389326033]},"properties":{"name":null}},{"type":"Feature","geometry":{"type":"Point","coordinates":[-2.514744241835078,51.46685958402606]},"properties":{"name":null}},{"type":"Feature","geometry":{"type":"Point","coordinates":[-2.364713970229179,51.3772169811251]},"properties":{"name":null}},{"type":"Feature","geometry":{"type":"Point","coordinates":[-2.525018023203119,51.60422488066741]},"properties":{"name":null}},{"type":"Feature","geometry":{"type":"Point","coordinates":[-2.676508793405596,51.321420978634194]},"properties":{"name":null}},{"type":"Feature","geometry":{"type":"Point","coordinates":[-2.486848957238028,51.42399813151712]},"properties":{"name":null}},{"type":"Feature","geometry":{"type":"Point","coordinates":[-2.423648102242332,51.33803909019079]},"properties":{"name":null}},{"type":"Feature","geometry":{"type":"Point","coordinates":[-2.700115032218431,51.47578109400577]},"properties":{"name":null}},{"type":"Feature","geometry":{"type":"Point","coordinates":[-2.386162129255328,51.36661872698442]},"properties":{"name":null}},{"type":"Feature","geometry":{"type":"Point","coordinates":[-2.421060649836642,51.52383590802503]},"properties":{"name":null}},{"type":"Feature","geometry":{"type":"Point","coordinates":[-2.654588941161955,51.48698707426241]},"properties":{"name":null}},{"type":"Feature","geometry":{"type":"Point","coordinates":[-2.383049777850899,51.368903869408804]},"properties":{"name":null}},{"type":"Feature","geometry":{"type":"Point","coordinates":[-2.40387325581177,51.54762536728074]},"properties":{"name":null}},{"type":"Feature","geometry":{"type":"Point","coordinates":[-2.404404328974735,51.38121368117509]},"properties":{"name":null}},{"type":"Feature","geometry":{"type":"Point","coordinates":[-2.647544760883517,51.48789837380213]},"properties":{"name":null}},{"type":"Feature","geometry":{"type":"Point","coordinates":[-2.901097017649305,51.35959051046706]},"properties":{"name":null}},{"type":"Feature","geometry":{"type":"Point","coordinates":[-2.440034992927769,51.60060901421639]},"properties":{"name":null}},{"type":"Feature","geometry":{"type":"Point","coordinates":[-2.677631225940044,51.48594795167977]},"properties":{"name":null}},{"type":"Feature","geometry":{"type":"Point","coordinates":[-2.512340646834885,51.44765482953762]},"properties":{"name":null}},{"type":"Feature","geometry":{"type":"Point","coordinates":[-2.914010483942209,51.336506743304945]},"properties":{"name":null}},{"type":"Feature","geometry":{"type":"Point","coordinates":[-2.545263440665656,51.51266010470654]},"properties":{"name":null}},{"type":"Feature","geometry":{"type":"Point","coordinates":[-2.5927428946336,51.459154175749426]},"properties":{"name":null}},{"type":"Feature","geometry":{"type":"Point","coordinates":[-2.491829991756684,51.28359562443602]},"properties":{"name":null}},{"type":"Feature","geometry":{"type":"Point","coordinates":[-2.528542266406292,51.5918724954046]},"properties":{"name":null}},{"type":"Feature","geometry":{"type":"Point","coordinates":[-2.457019692177551,51.42401027712403]},"properties":{"name":null}},{"type":"Feature","geometry":{"type":"Point","coordinates":[-2.759449533151175,51.488575409135414]},"properties":{"name":null}},{"type":"Feature","geometry":{"type":"Point","coordinates":[-2.946030573292524,51.33269979744854]},"properties":{"name":null}},{"type":"Feature","geometry":{"type":"Point","coordinates":[-2.569755227925189,51.55022764554817]},"properties":{"name":null}},{"type":"Feature","geometry":{"type":"Point","coordinates":[-2.570072148985072,51.49489140747286]},"properties":{"name":null}},{"type":"Feature","geometry":{"type":"Point","coordinates":[-2.581014794864486,51.47975897974607]},"properties":{"name":null}},{"type":"Feature","geometry":{"type":"Point","coordinates":[-2.532153393985816,51.589590272792606]},"properties":{"name":null}},{"type":"Feature","geometry":{"type":"Point","coordinates":[-2.749645367162739,51.40707384633138]},"properties":{"name":null}},{"type":"Feature","geometry":{"type":"Point","coordinates":[-2.588035779852345,51.49830041466907]},"properties":{"name":null}},{"type":"Feature","geometry":{"type":"Point","coordinates":[-2.397895093564888,51.38618150434161]},"properties":{"name":null}},{"type":"Feature","geometry":{"type":"Point","coordinates":[-2.300541736316755,51.400472363622136]},"properties":{"name":null}},{"type":"Feature","geometry":{"type":"Point","coordinates":[-2.358242269599774,51.36356050271474]},"properties":{"name":null}},{"type":"Feature","geometry":{"type":"Point","coordinates":[-2.831092894245436,51.43958778908646]},"properties":{"name":null}},{"type":"Feature","geometry":{"type":"Point","coordinates":[-2.576046164106065,51.525352863126635]},"properties":{"name":null}},{"type":"Feature","geometry":{"type":"Point","coordinates":[-2.633386491882903,51.352729522221296]},"properties":{"name":null}},{"type":"Feature","geometry":{"type":"Point","coordinates":[-2.489372791628094,51.34382501375328]},"properties":{"name":null}},{"type":"Feature","geometry":{"type":"Point","coordinates":[-2.492464299321854,51.40190873594357]},"properties":{"name":null}},{"type":"Feature","geometry":{"type":"Point","coordinates":[-2.35660539367678,51.36178512352337]},"properties":{"name":null}},{"type":"Feature","geometry":{"type":"Point","coordinates":[-2.944485437907032,51.34344034416438]},"properties":{"name":null}},{"type":"Feature","geometry":{"type":"Point","coordinates":[-2.566606525115584,51.4164378700105]},"properties":{"name":null}},{"type":"Feature","geometry":{"type":"Point","coordinates":[-2.59521617578676,51.45343171878167]},"properties":{"name":null}},{"type":"Feature","geometry":{"type":"Point","coordinates":[-2.858572409607213,51.42650439109041]},"properties":{"name":null}},{"type":"Feature","geometry":{"type":"Point","coordinates":[-2.550361734021848,51.65693455523026]},"properties":{"name":null}},{"type":"Feature","geometry":{"type":"Point","coordinates":[-2.543356132684135,51.57517020331086]},"properties":{"name":null}},{"type":"Feature","geometry":{"type":"Point","coordinates":[-2.519568731196686,51.50628478533576]},"properties":{"name":null}},{"type":"Feature","geometry":{"type":"Point","coordinates":[-2.515269285894335,51.6168024455922]},"properties":{"name":null}},{"type":"Feature","geometry":{"type":"Point","coordinates":[-2.852533308753695,51.37560026669777]},"properties":{"name":null}},{"type":"Feature","geometry":{"type":"Point","coordinates":[-2.457140774010508,51.63902766997889]},"properties":{"name":null}},{"type":"Feature","geometry":{"type":"Point","coordinates":[-2.502984228569447,51.30309660191825]},"properties":{"name":null}},{"type":"Feature","geometry":{"type":"Point","coordinates":[-2.644171120246608,51.40183832664775]},"properties":{"name":null}},{"type":"Feature","geometry":{"type":"Point","coordinates":[-2.517085973115956,51.50334646882608]},"properties":{"name":null}},{"type":"Feature","geometry":{"type":"Point","coordinates":[-2.596249394311955,51.40357649831504]},"properties":{"name":null}},{"type":"Feature","geometry":{"type":"Point","coordinates":[-2.389009393591527,51.37712958184381]},"properties":{"name":null}},{"type":"Feature","geometry":{"type":"Point","coordinates":[-2.479074877481134,51.3269449829511]},"properties":{"name":null}},{"type":"Feature","geometry":{"type":"Point","coordinates":[-2.311028554307271,51.46302736043837]},"properties":{"name":null}},{"type":"Feature","geometry":{"type":"Point","coordinates":[-2.601332889753273,51.45344539566216]},"properties":{"name":null}},{"type":"Feature","geometry":{"type":"Point","coordinates":[-2.426643659386592,51.47183476478833]},"properties":{"name":null}},{"type":"Feature","geometry":{"type":"Point","coordinates":[-2.626916086520811,51.43196488986043]},"properties":{"name":null}},{"type":"Feature","geometry":{"type":"Point","coordinates":[-2.573296412854996,51.439550051981854]},"properties":{"name":null}},{"type":"Feature","geometry":{"type":"Point","coordinates":[-2.439438117089177,51.38597911275601]},"properties":{"name":null}},{"type":"Feature","geometry":{"type":"Point","coordinates":[-2.985379508918272,51.321503956399425]},"properties":{"name":null}},{"type":"Feature","geometry":{"type":"Point","coordinates":[-2.628384882627088,51.44364604357432]},"properties":{"name":null}},{"type":"Feature","geometry":{"type":"Point","coordinates":[-2.69516085658312,51.51157872328758]},"properties":{"name":null}},{"type":"Feature","geometry":{"type":"Point","coordinates":[-2.648082141608942,51.50550981569683]},"properties":{"name":null}},{"type":"Feature","geometry":{"type":"Point","coordinates":[-2.502413576932373,51.41249493062741]},"properties":{"name":null}},{"type":"Feature","geometry":{"type":"Point","coordinates":[-2.939529425774358,51.35525973570387]},"properties":{"name":null}},{"type":"Feature","geometry":{"type":"Point","coordinates":[-2.448383869755212,51.5819017457559]},"properties":{"name":null}},{"type":"Feature","geometry":{"type":"Point","coordinates":[-2.960955792950605,51.345616935945614]},"properties":{"name":null}},{"type":"Feature","geometry":{"type":"Point","coordinates":[-2.388354924108416,51.542462630400365]},"properties":{"name":null}},{"type":"Feature","geometry":{"type":"Point","coordinates":[-2.474619402503649,51.5220758669264]},"properties":{"name":null}},{"type":"Feature","geometry":{"type":"Point","coordinates":[-2.398417312317217,51.62953972167383]},"properties":{"name":null}},{"type":"Feature","geometry":{"type":"Point","coordinates":[-2.599717973575565,51.441081093772404]},"properties":{"name":null}},{"type":"Feature","geometry":{"type":"Point","coordinates":[-2.600210121706543,51.47532837707107]},"properties":{"name":null}},{"type":"Feature","geometry":{"type":"Point","coordinates":[-2.851969814032875,51.432658067588775]},"properties":{"name":null}},{"type":"Feature","geometry":{"type":"Point","coordinates":[-2.393329043115104,51.41506972446469]},"properties":{"name":null}},{"type":"Feature","geometry":{"type":"Point","coordinates":[-2.36718071202264,51.38560749594898]},"properties":{"name":null}},{"type":"Feature","geometry":{"type":"Point","coordinates":[-2.553481320881704,51.54624140804424]},"properties":{"name":null}},{"type":"Feature","geometry":{"type":"Point","coordinates":[-2.867668188897619,51.328739287657804]},"properties":{"name":null}},{"type":"Feature","geometry":{"type":"Point","coordinates":[-2.36656997094487,51.3739471906545]},"properties":{"name":null}},{"type":"Feature","geometry":{"type":"Point","coordinates":[-2.389465087128398,51.38852074106736]},"properties":{"name":null}},{"type":"Feature","geometry":{"type":"Point","coordinates":[-2.974561788467203,51.34670042956752]},"properties":{"name":null}},{"type":"Feature","geometry":{"type":"Point","coordinates":[-2.725461678790815,51.47698446416528]},"properties":{"name":null}},{"type":"Feature","geometry":{"type":"Point","coordinates":[-2.44252367997628,51.30792706381592]},"properties":{"name":null}},{"type":"Feature","geometry":{"type":"Point","coordinates":[-2.345532653952855,51.380988794717524]},"properties":{"name":null}},{"type":"Feature","geometry":{"type":"Point","coordinates":[-2.367137942243601,51.38206489607468]},"properties":{"name":null}},{"type":"Feature","geometry":{"type":"Point","coordinates":[-2.488293813692287,51.446111796410925]},"properties":{"name":null}},{"type":"Feature","geometry":{"type":"Point","coordinates":[-2.610141452568039,51.50527284369629]},"properties":{"name":null}},{"type":"Feature","geometry":{"type":"Point","coordinates":[-2.510571521105948,51.60747166564215]},"properties":{"name":null}},{"type":"Feature","geometry":{"type":"Point","coordinates":[-2.595111920060019,51.43648313713341]},"properties":{"name":null}},{"type":"Feature","geometry":{"type":"Point","coordinates":[-2.368588317276244,51.378382740122944]},"properties":{"name":null}},{"type":"Feature","geometry":{"type":"Point","coordinates":[-2.827675988431733,51.45432260627519]},"properties":{"name":null}},{"type":"Feature","geometry":{"type":"Point","coordinates":[-2.586232457909416,51.42847151887357]},"properties":{"name":null}},{"type":"Feature","geometry":{"type":"Point","coordinates":[-2.499950897060486,51.51480422907461]},"properties":{"name":null}},{"type":"Feature","geometry":{"type":"Point","coordinates":[-2.914729053134113,51.33654609656495]},"properties":{"name":null}},{"type":"Feature","geometry":{"type":"Point","coordinates":[-2.546161377641792,51.4998158391158]},"properties":{"name":null}},{"type":"Feature","geometry":{"type":"Point","coordinates":[-2.341481292729982,51.400359896819715]},"properties":{"name":null}},{"type":"Feature","geometry":{"type":"Point","coordinates":[-2.5941141670097,51.43943731588281]},"properties":{"name":null}},{"type":"Feature","geometry":{"type":"Point","coordinates":[-2.504707096415312,51.60603139655632]},"properties":{"name":null}},{"type":"Feature","geometry":{"type":"Point","coordinates":[-2.61712109145398,51.43092928536286]},"properties":{"name":null}},{"type":"Feature","geometry":{"type":"Point","coordinates":[-2.374636655466023,51.37126901857887]},"properties":{"name":null}},{"type":"Feature","geometry":{"type":"Point","coordinates":[-2.461331272095055,51.290715733835775]},"properties":{"name":null}},{"type":"Feature","geometry":{"type":"Point","coordinates":[-2.321653355439196,51.39353739616663]},"properties":{"name":null}},{"type":"Feature","geometry":{"type":"Point","coordinates":[-2.55023261415591,51.657016084683306]},"properties":{"name":null}},{"type":"Feature","geometry":{"type":"Point","coordinates":[-2.554280004326999,51.5075554272292]},"properties":{"name":null}},{"type":"Feature","geometry":{"type":"Point","coordinates":[-2.48724183971201,51.494680251040926]},"properties":{"name":null}},{"type":"Feature","geometry":{"type":"Point","coordinates":[-2.473270475959263,51.326366240739446]},"properties":{"name":null}},{"type":"Feature","geometry":{"type":"Point","coordinates":[-2.49556413589498,51.470377019445706]},"properties":{"name":null}},{"type":"Feature","geometry":{"type":"Point","coordinates":[-2.361390368960467,51.37845016845442]},"properties":{"name":null}},{"type":"Feature","geometry":{"type":"Point","coordinates":[-2.394943154130114,51.63042364051136]},"properties":{"name":null}},{"type":"Feature","geometry":{"type":"Point","coordinates":[-2.493044849682561,51.4104125962331]},"properties":{"name":null}},{"type":"Feature","geometry":{"type":"Point","coordinates":[-2.848784972088915,51.43390406980513]},"properties":{"name":null}},{"type":"Feature","geometry":{"type":"Point","coordinates":[-2.481737763403745,51.50000809050841]},"properties":{"name":null}},{"type":"Feature","geometry":{"type":"Point","coordinates":[-2.374730065130592,51.35810481913333]},"properties":{"name":null}},{"type":"Feature","geometry":{"type":"Point","coordinates":[-2.574567777807103,51.452590805753246]},"properties":{"name":null}},{"type":"Feature","geometry":{"type":"Point","coordinates":[-2.609022333328206,51.50995428212309]},"properties":{"name":null}},{"type":"Feature","geometry":{"type":"Point","coordinates":[-2.722673463592775,51.36602414830658]},"properties":{"name":null}},{"type":"Feature","geometry":{"type":"Point","coordinates":[-2.620684161664055,51.44662744949072]},"properties":{"name":null}},{"type":"Feature","geometry":{"type":"Point","coordinates":[-2.901946725519968,51.335521176080974]},"properties":{"name":null}},{"type":"Feature","geometry":{"type":"Point","coordinates":[-2.31689346942412,51.407748441002596]},"properties":{"name":null}},{"type":"Feature","geometry":{"type":"Point","coordinates":[-2.409435322265914,51.54550204969191]},"properties":{"name":null}},{"type":"Feature","geometry":{"type":"Point","coordinates":[-2.353025503153585,51.38744047734306]},"properties":{"name":null}},{"type":"Feature","geometry":{"type":"Point","coordinates":[-2.351315337407759,51.37994652949629]},"properties":{"name":null}},{"type":"Feature","geometry":{"type":"Point","coordinates":[-2.478149613628431,51.3746776818702]},"properties":{"name":null}},{"type":"Feature","geometry":{"type":"Point","coordinates":[-2.587857014272622,51.419525611657754]},"properties":{"name":null}},{"type":"Feature","geometry":{"type":"Point","coordinates":[-2.477518533900288,51.5264071007165]},"properties":{"name":null}},{"type":"Feature","geometry":{"type":"Point","coordinates":[-2.856275723783924,51.44751727656554]},"properties":{"name":null}},{"type":"Feature","geometry":{"type":"Point","coordinates":[-2.399366467400045,51.38020589027132]},"properties":{"name":null}},{"type":"Feature","geometry":{"type":"Point","coordinates":[-2.488282308949625,51.62159346720339]},"properties":{"name":null}},{"type":"Feature","geometry":{"type":"Point","coordinates":[-2.487023018208267,51.32800007883876]},"properties":{"name":null}},{"type":"Feature","geometry":{"type":"Point","coordinates":[-2.567734386715742,51.41461607312804]},"properties":{"name":null}},{"type":"Feature","geometry":{"type":"Point","coordinates":[-2.551500250317189,51.463581562614]},"properties":{"name":null}},{"type":"Feature","geometry":{"type":"Point","coordinates":[-2.579902163424107,51.47719296720072]},"properties":{"name":null}},{"type":"Feature","geometry":{"type":"Point","coordinates":[-2.36852575561699,51.36346564591022]},"properties":{"name":null}},{"type":"Feature","geometry":{"type":"Point","coordinates":[-2.557946008309208,51.45857874300723]},"properties":{"name":null}},{"type":"Feature","geometry":{"type":"Point","coordinates":[-2.338966270372704,51.390728061010925]},"properties":{"name":null}},{"type":"Feature","geometry":{"type":"Point","coordinates":[-2.458713141141519,51.4021715023718]},"properties":{"name":null}},{"type":"Feature","geometry":{"type":"Point","coordinates":[-2.322299987828129,51.58158750016399]},"properties":{"name":null}},{"type":"Feature","geometry":{"type":"Point","coordinates":[-2.573982388982529,51.42435984509618]},"properties":{"name":null}},{"type":"Feature","geometry":{"type":"Point","coordinates":[-2.929207720326234,51.35972124286734]},"properties":{"name":null}},{"type":"Feature","geometry":{"type":"Point","coordinates":[-2.376964495426616,51.394064653302365]},"properties":{"name":null}},{"type":"Feature","geometry":{"type":"Point","coordinates":[-2.501045866855933,51.46218025324994]},"properties":{"name":null}},{"type":"Feature","geometry":{"type":"Point","coordinates":[-2.767780323112215,51.47863918591589]},"properties":{"name":null}},{"type":"Feature","geometry":{"type":"Point","coordinates":[-2.499534663024808,51.45692651700501]},"properties":{"name":null}},{"type":"Feature","geometry":{"type":"Point","coordinates":[-2.396976021108779,51.62497688930817]},"properties":{"name":null}},{"type":"Feature","geometry":{"type":"Point","coordinates":[-2.975564007691409,51.347240616632284]},"properties":{"name":null}},{"type":"Feature","geometry":{"type":"Point","coordinates":[-2.605407906429754,51.52424272063027]},"properties":{"name":null}},{"type":"Feature","geometry":{"type":"Point","coordinates":[-2.438947311371466,51.45914708318313]},"properties":{"name":null}},{"type":"Feature","geometry":{"type":"Point","coordinates":[-2.553437651745416,51.410736761321395]},"properties":{"name":null}},{"type":"Feature","geometry":{"type":"Point","coordinates":[-2.430759047887086,51.48076644587509]},"properties":{"name":null}},{"type":"Feature","geometry":{"type":"Point","coordinates":[-2.634294094721744,51.42981190425253]},"properties":{"name":null}},{"type":"Feature","geometry":{"type":"Point","coordinates":[-2.727527367878879,51.4764950860693]},"properties":{"name":null}},{"type":"Feature","geometry":{"type":"Point","coordinates":[-2.520040849688205,51.44020281737063]},"properties":{"name":null}},{"type":"Feature","geometry":{"type":"Point","coordinates":[-2.53772913700675,51.59113839783678]},"properties":{"name":null}},{"type":"Feature","geometry":{"type":"Point","coordinates":[-2.352175808794442,51.385338983391584]},"properties":{"name":null}},{"type":"Feature","geometry":{"type":"Point","coordinates":[-2.443102908508037,51.53902260589699]},"properties":{"name":null}},{"type":"Feature","geometry":{"type":"Point","coordinates":[-2.595670640014269,51.50710960112756]},"properties":{"name":null}},{"type":"Feature","geometry":{"type":"Point","coordinates":[-2.486329795533927,51.53622576672705]},"properties":{"name":null}},{"type":"Feature","geometry":{"type":"Point","coordinates":[-2.324916353503781,51.37331488550567]},"properties":{"name":null}},{"type":"Feature","geometry":{"type":"Point","coordinates":[-2.548792839336071,51.52693124254586]},"properties":{"name":null}},{"type":"Feature","geometry":{"type":"Point","coordinates":[-2.610735421330557,51.458081528774635]},"properties":{"name":null}},{"type":"Feature","geometry":{"type":"Point","coordinates":[-2.598269324619763,51.457993059155925]},"properties":{"name":null}},{"type":"Feature","geometry":{"type":"Point","coordinates":[-2.605832911909416,51.423678137507565]},"properties":{"name":null}},{"type":"Feature","geometry":{"type":"Point","coordinates":[-2.929982837517228,51.35048050062262]},"properties":{"name":null}},{"type":"Feature","geometry":{"type":"Point","coordinates":[-2.576096880803881,51.43004125343729]},"properties":{"name":null}},{"type":"Feature","geometry":{"type":"Point","coordinates":[-2.661066667487697,51.55731866633803]},"properties":{"name":null}},{"type":"Feature","geometry":{"type":"Point","coordinates":[-2.572370921437159,51.44262069205063]},"properties":{"name":null}},{"type":"Feature","geometry":{"type":"Point","coordinates":[-2.405800873228947,51.551934688138296]},"properties":{"name":null}},{"type":"Feature","geometry":{"type":"Point","coordinates":[-2.60970226667014,51.50042867410454]},"properties":{"name":null}},{"type":"Feature","geometry":{"type":"Point","coordinates":[-2.845030282436144,51.429228458366815]},"properties":{"name":null}},{"type":"Feature","geometry":{"type":"Point","coordinates":[-2.492064841757204,51.285437969020016]},"properties":{"name":null}},{"type":"Feature","geometry":{"type":"Point","coordinates":[-2.505539883229208,51.45204527633388]},"properties":{"name":null}},{"type":"Feature","geometry":{"type":"Point","coordinates":[-2.627774358831095,51.4221504227617]},"properties":{"name":null}},{"type":"Feature","geometry":{"type":"Point","coordinates":[-2.344975560477769,51.362332494521894]},"properties":{"name":null}},{"type":"Feature","geometry":{"type":"Point","coordinates":[-2.752595762220499,51.40375490197722]},"properties":{"name":null}},{"type":"Feature","geometry":{"type":"Point","coordinates":[-2.369768683087086,51.400049179817046]},"properties":{"name":null}},{"type":"Feature","geometry":{"type":"Point","coordinates":[-2.54871568731701,51.39342264158576]},"properties":{"name":null}},{"type":"Feature","geometry":{"type":"Point","coordinates":[-2.526867649343025,51.45460398606592]},"properties":{"name":null}},{"type":"Feature","geometry":{"type":"Point","coordinates":[-2.491735091559586,51.47444836277052]},"properties":{"name":null}},{"type":"Feature","geometry":{"type":"Point","coordinates":[-2.689717821055813,51.49662211194732]},"properties":{"name":null}},{"type":"Feature","geometry":{"type":"Point","coordinates":[-2.369110039686346,51.35753821245136]},"properties":{"name":null}},{"type":"Feature","geometry":{"type":"Point","coordinates":[-2.413141652159326,51.34144859254091]},"properties":{"name":null}},{"type":"Feature","geometry":{"type":"Point","coordinates":[-2.50891662247789,51.4554745049896]},"properties":{"name":null}},{"type":"Feature","geometry":{"type":"Point","coordinates":[-2.583192296552076,51.50594948980317]},"properties":{"name":null}},{"type":"Feature","geometry":{"type":"Point","coordinates":[-2.709414212582761,51.38735317187673]},"properties":{"name":null}},{"type":"Feature","geometry":{"type":"Point","coordinates":[-2.961937797225057,51.3733047416285]},"properties":{"name":null}},{"type":"Feature","geometry":{"type":"Point","coordinates":[-2.494438365326257,51.307467282324026]},"properties":{"name":null}},{"type":"Feature","geometry":{"type":"Point","coordinates":[-2.652298244554786,51.405219147887735]},"properties":{"name":null}},{"type":"Feature","geometry":{"type":"Point","coordinates":[-2.586715450292961,51.484091386514706]},"properties":{"name":null}},{"type":"Feature","geometry":{"type":"Point","coordinates":[-2.430303565200417,51.31130852464786]},"properties":{"name":null}},{"type":"Feature","geometry":{"type":"Point","coordinates":[-2.55059284808792,51.473089954056675]},"properties":{"name":null}},{"type":"Feature","geometry":{"type":"Point","coordinates":[-2.441637276402461,51.481373351979265]},"properties":{"name":null}},{"type":"Feature","geometry":{"type":"Point","coordinates":[-2.553406231975438,51.44021203959683]},"properties":{"name":null}},{"type":"Feature","geometry":{"type":"Point","coordinates":[-2.381441969564317,51.37593163950198]},"properties":{"name":null}},{"type":"Feature","geometry":{"type":"Point","coordinates":[-2.430157120220918,51.632448897211304]},"properties":{"name":null}},{"type":"Feature","geometry":{"type":"Point","coordinates":[-2.761014025928462,51.48219906579643]},"properties":{"name":null}},{"type":"Feature","geometry":{"type":"Point","coordinates":[-2.514520403935835,51.48150797192293]},"properties":{"name":null}},{"type":"Feature","geometry":{"type":"Point","coordinates":[-2.710119866775343,51.387447809531274]},"properties":{"name":null}},{"type":"Feature","geometry":{"type":"Point","coordinates":[-2.516550500143591,51.405078183334965]},"properties":{"name":null}},{"type":"Feature","geometry":{"type":"Point","coordinates":[-2.904546337802921,51.35167793432285]},"properties":{"name":null}},{"type":"Feature","geometry":{"type":"Point","coordinates":[-2.577469745094059,51.43506082868744]},"properties":{"name":null}},{"type":"Feature","geometry":{"type":"Point","coordinates":[-2.432105897712834,51.45410119065045]},"properties":{"name":null}},{"type":"Feature","geometry":{"type":"Point","coordinates":[-2.654331913467759,51.48714136442277]},"properties":{"name":null}},{"type":"Feature","geometry":{"type":"Point","coordinates":[-2.389178062870881,51.390266117347714]},"properties":{"name":null}},{"type":"Feature","geometry":{"type":"Point","coordinates":[-2.969164303076719,51.33995606390183]},"properties":{"name":null}},{"type":"Feature","geometry":{"type":"Point","coordinates":[-2.77543944854583,51.4844784903167]},"properties":{"name":null}},{"type":"Feature","geometry":{"type":"Point","coordinates":[-2.615384823385684,51.479457666930884]},"properties":{"name":null}},{"type":"Feature","geometry":{"type":"Point","coordinates":[-2.834603534286178,51.31866546908413]},"properties":{"name":null}},{"type":"Feature","geometry":{"type":"Point","coordinates":[-2.310929604678345,51.57555790175362]},"properties":{"name":null}},{"type":"Feature","geometry":{"type":"Point","coordinates":[-2.652573576785733,51.408409707137366]},"properties":{"name":null}},{"type":"Feature","geometry":{"type":"Point","coordinates":[-2.577874454998403,51.43181287840532]},"properties":{"name":null}},{"type":"Feature","geometry":{"type":"Point","coordinates":[-2.5832036533984,51.53498330974412]},"properties":{"name":null}},{"type":"Feature","geometry":{"type":"Point","coordinates":[-2.511600446693838,51.60265665235605]},"properties":{"name":null}},{"type":"Feature","geometry":{"type":"Point","coordinates":[-2.596776553598934,51.463818491594985]},"properties":{"name":null}},{"type":"Feature","geometry":{"type":"Point","coordinates":[-2.567283028732611,51.433833679650895]},"properties":{"name":null}},{"type":"Feature","geometry":{"type":"Point","coordinates":[-2.962669178863867,51.370502163698255]},"properties":{"name":null}},{"type":"Feature","geometry":{"type":"Point","coordinates":[-2.603251025918419,51.48098635323629]},"properties":{"name":null}},{"type":"Feature","geometry":{"type":"Point","coordinates":[-2.537133630430195,51.52718318569501]},"properties":{"name":null}},{"type":"Feature","geometry":{"type":"Point","coordinates":[-2.59501952854274,51.43268927302066]},"properties":{"name":null}},{"type":"Feature","geometry":{"type":"Point","coordinates":[-2.564952805126581,51.45482261883075]},"properties":{"name":null}},{"type":"Feature","geometry":{"type":"Point","coordinates":[-2.416294346673642,51.55911819810367]},"properties":{"name":null}},{"type":"Feature","geometry":{"type":"Point","coordinates":[-2.499678518898163,51.52416578412741]},"properties":{"name":null}},{"type":"Feature","geometry":{"type":"Point","coordinates":[-2.966583751469906,51.317578030803915]},"properties":{"name":null}},{"type":"Feature","geometry":{"type":"Point","coordinates":[-2.505284085350993,51.41591748830522]},"properties":{"name":null}},{"type":"Feature","geometry":{"type":"Point","coordinates":[-2.396395364403989,51.54012488280219]},"properties":{"name":null}},{"type":"Feature","geometry":{"type":"Point","coordinates":[-2.3247940896796,51.35808313605777]},"properties":{"name":null}},{"type":"Feature","geometry":{"type":"Point","coordinates":[-2.839235856810004,51.437209892506154]},"properties":{"name":null}},{"type":"Feature","geometry":{"type":"Point","coordinates":[-2.524193950305089,51.61040582863098]},"properties":{"name":null}},{"type":"Feature","geometry":{"type":"Point","coordinates":[-2.594033969636176,51.45770891312574]},"properties":{"name":null}},{"type":"Feature","geometry":{"type":"Point","coordinates":[-2.594382674514529,51.443518030708326]},"properties":{"name":null}},{"type":"Feature","geometry":{"type":"Point","coordinates":[-2.52013555582905,51.6154322337568]},"properties":{"name":null}},{"type":"Feature","geometry":{"type":"Point","coordinates":[-2.571202399926826,51.52186094158686]},"properties":{"name":null}},{"type":"Feature","geometry":{"type":"Point","coordinates":[-2.492459631780418,51.46952688979835]},"properties":{"name":null}},{"type":"Feature","geometry":{"type":"Point","coordinates":[-2.360732602722713,51.55784560842893]},"properties":{"name":null}},{"type":"Feature","geometry":{"type":"Point","coordinates":[-2.294494907252146,51.58913272069824]},"properties":{"name":null}},{"type":"Feature","geometry":{"type":"Point","coordinates":[-2.555652467320398,51.42264050422291]},"properties":{"name":null}},{"type":"Feature","geometry":{"type":"Point","coordinates":[-2.50446102241489,51.5186693524155]},"properties":{"name":null}},{"type":"Feature","geometry":{"type":"Point","coordinates":[-2.385645549790807,51.366683375240456]},"properties":{"name":null}},{"type":"Feature","geometry":{"type":"Point","coordinates":[-2.470089780154011,51.286149001809136]},"properties":{"name":null}},{"type":"Feature","geometry":{"type":"Point","coordinates":[-2.881121344881686,51.36271005712234]},"properties":{"name":null}},{"type":"Feature","geometry":{"type":"Point","coordinates":[-2.401110739854831,51.53851732804918]},"properties":{"name":null}},{"type":"Feature","geometry":{"type":"Point","coordinates":[-2.3779400215066,51.38161683621608]},"properties":{"name":null}},{"type":"Feature","geometry":{"type":"Point","coordinates":[-2.94442750653088,51.33711910977586]},"properties":{"name":null}},{"type":"Feature","geometry":{"type":"Point","coordinates":[-2.575915446403537,51.551501315380555]},"properties":{"name":null}},{"type":"Feature","geometry":{"type":"Point","coordinates":[-2.827648673197764,51.39072331149979]},"properties":{"name":null}},{"type":"Feature","geometry":{"type":"Point","coordinates":[-2.968051834649896,51.32324890069696]},"properties":{"name":null}},{"type":"Feature","geometry":{"type":"Point","coordinates":[-2.362414704195184,51.38079382993182]},"properties":{"name":null}},{"type":"Feature","geometry":{"type":"Point","coordinates":[-2.928461766468422,51.367568149883304]},"properties":{"name":null}},{"type":"Feature","geometry":{"type":"Point","coordinates":[-2.515922883080934,51.60948037309653]},"properties":{"name":null}},{"type":"Feature","geometry":{"type":"Point","coordinates":[-2.405250533730218,51.34365218492012]},"properties":{"name":null}},{"type":"Feature","geometry":{"type":"Point","coordinates":[-2.492746988274241,51.44008676005845]},"properties":{"name":null}},{"type":"Feature","geometry":{"type":"Point","coordinates":[-2.4314010297571,51.525947358023366]},"properties":{"name":null}},{"type":"Feature","geometry":{"type":"Point","coordinates":[-2.503239102978077,51.48885808844126]},"properties":{"name":null}},{"type":"Feature","geometry":{"type":"Point","coordinates":[-2.765489315943908,51.35883740489301]},"properties":{"name":null}},{"type":"Feature","geometry":{"type":"Point","coordinates":[-2.596435526643363,51.527022185497664]},"properties":{"name":null}},{"type":"Feature","geometry":{"type":"Point","coordinates":[-2.314030237906166,51.33609154646798]},"properties":{"name":null}},{"type":"Feature","geometry":{"type":"Point","coordinates":[-2.478592936707508,51.430811889589265]},"properties":{"name":null}},{"type":"Feature","geometry":{"type":"Point","coordinates":[-2.597115381510813,51.452289050564126]},"properties":{"name":null}},{"type":"Feature","geometry":{"type":"Point","coordinates":[-2.769817063797126,51.47388714225393]},"properties":{"name":null}},{"type":"Feature","geometry":{"type":"Point","coordinates":[-2.595719754622885,51.48543967309977]},"properties":{"name":null}},{"type":"Feature","geometry":{"type":"Point","coordinates":[-2.4859402258652,51.285283842058675]},"properties":{"name":null}},{"type":"Feature","geometry":{"type":"Point","coordinates":[-2.562828379046176,51.48803888552154]},"properties":{"name":null}},{"type":"Feature","geometry":{"type":"Point","coordinates":[-2.368634291949739,51.37517256725748]},"properties":{"name":null}},{"type":"Feature","geometry":{"type":"Point","coordinates":[-2.437996901149117,51.54034557584522]},"properties":{"name":null}},{"type":"Feature","geometry":{"type":"Point","coordinates":[-2.637882453750411,51.52622836885505]},"properties":{"name":null}},{"type":"Feature","geometry":{"type":"Point","coordinates":[-2.488835966705067,51.505005115970015]},"properties":{"name":null}},{"type":"Feature","geometry":{"type":"Point","coordinates":[-2.554643164906709,51.42124254245284]},"properties":{"name":null}},{"type":"Feature","geometry":{"type":"Point","coordinates":[-2.589589728820537,51.44564634150307]},"properties":{"name":null}},{"type":"Feature","geometry":{"type":"Point","coordinates":[-2.750758191557236,51.42498762258066]},"properties":{"name":null}},{"type":"Feature","geometry":{"type":"Point","coordinates":[-2.676437708064017,51.32146634927089]},"properties":{"name":null}},{"type":"Feature","geometry":{"type":"Point","coordinates":[-2.396271212371111,51.39451348124193]},"properties":{"name":null}},{"type":"Feature","geometry":{"type":"Point","coordinates":[-2.587727488179001,51.447427076668504]},"properties":{"name":null}},{"type":"Feature","geometry":{"type":"Point","coordinates":[-2.590696882539875,51.44670177591746]},"properties":{"name":null}},{"type":"Feature","geometry":{"type":"Point","coordinates":[-2.437078042037769,51.29043079647977]},"properties":{"name":null}},{"type":"Feature","geometry":{"type":"Point","coordinates":[-2.509635606454674,51.4941715355689]},"properties":{"name":null}},{"type":"Feature","geometry":{"type":"Point","coordinates":[-2.499926040889399,51.47957493364219]},"properties":{"name":null}},{"type":"Feature","geometry":{"type":"Point","coordinates":[-2.761614366319227,51.47760933538479]},"properties":{"name":null}},{"type":"Feature","geometry":{"type":"Point","coordinates":[-2.566445205663733,51.52411385680058]},"properties":{"name":null}},{"type":"Feature","geometry":{"type":"Point","coordinates":[-2.395505582682421,51.63030485707563]},"properties":{"name":null}},{"type":"Feature","geometry":{"type":"Point","coordinates":[-2.488361998168569,51.49436088524581]},"properties":{"name":null}},{"type":"Feature","geometry":{"type":"Point","coordinates":[-2.499848487708805,51.4962187709492]},"properties":{"name":null}},{"type":"Feature","geometry":{"type":"Point","coordinates":[-2.596840203402308,51.45215557526573]},"properties":{"name":null}},{"type":"Feature","geometry":{"type":"Point","coordinates":[-2.950943533788724,51.360652559566226]},"properties":{"name":null}},{"type":"Feature","geometry":{"type":"Point","coordinates":[-2.982087130451486,51.34945217437954]},"properties":{"name":null}},{"type":"Feature","geometry":{"type":"Point","coordinates":[-2.597659449215885,51.47297661303458]},"properties":{"name":null}},{"type":"Feature","geometry":{"type":"Point","coordinates":[-2.390241489669022,51.39533399310247]},"properties":{"name":null}},{"type":"Feature","geometry":{"type":"Point","coordinates":[-2.596524996566304,51.45115907353678]},"properties":{"name":null}},{"type":"Feature","geometry":{"type":"Point","coordinates":[-2.362178121221046,51.532781502040855]},"properties":{"name":null}},{"type":"Feature","geometry":{"type":"Point","coordinates":[-2.547627988001389,51.32508905929822]},"properties":{"name":null}},{"type":"Feature","geometry":{"type":"Point","coordinates":[-2.618575619220572,51.41514992140114]},"properties":{"name":null}},{"type":"Feature","geometry":{"type":"Point","coordinates":[-2.412637309247692,51.55352033702571]},"properties":{"name":null}},{"type":"Feature","geometry":{"type":"Point","coordinates":[-2.595140592375046,51.437588908009346]},"properties":{"name":null}},{"type":"Feature","geometry":{"type":"Point","coordinates":[-2.488962819741985,51.46832763901029]},"properties":{"name":null}},{"type":"Feature","geometry":{"type":"Point","coordinates":[-2.500903448310817,51.526768151713824]},"properties":{"name":null}},{"type":"Feature","geometry":{"type":"Point","coordinates":[-2.952911882303588,51.36206631851091]},"properties":{"name":null}},{"type":"Feature","geometry":{"type":"Point","coordinates":[-2.446943342558422,51.56746660741103]},"properties":{"name":null}},{"type":"Feature","geometry":{"type":"Point","coordinates":[-2.480569308880465,51.47378426892643]},"properties":{"name":null}},{"type":"Feature","geometry":{"type":"Point","coordinates":[-2.555322461884208,51.56361374145268]},"properties":{"name":null}},{"type":"Feature","geometry":{"type":"Point","coordinates":[-2.364260940686502,51.358182824624436]},"properties":{"name":null}},{"type":"Feature","geometry":{"type":"Point","coordinates":[-2.626356770658417,51.39639617972883]},"properties":{"name":null}},{"type":"Feature","geometry":{"type":"Point","coordinates":[-2.563801730810332,51.42687283645752]},"properties":{"name":null}},{"type":"Feature","geometry":{"type":"Point","coordinates":[-2.518506732929013,51.61445036007972]},"properties":{"name":null}},{"type":"Feature","geometry":{"type":"Point","coordinates":[-2.344046401491358,51.40120660321174]},"properties":{"name":null}},{"type":"Feature","geometry":{"type":"Point","coordinates":[-2.344144375671445,51.40850764521398]},"properties":{"name":null}},{"type":"Feature","geometry":{"type":"Point","coordinates":[-2.592272790646874,51.50175883251125]},"properties":{"name":null}},{"type":"Feature","geometry":{"type":"Point","coordinates":[-2.595010141400884,51.47076916540475]},"properties":{"name":null}},{"type":"Feature","geometry":{"type":"Point","coordinates":[-2.960026560585431,51.33549028391698]},"properties":{"name":null}},{"type":"Feature","geometry":{"type":"Point","coordinates":[-2.761276659859662,51.433920590934015]},"properties":{"name":null}},{"type":"Feature","geometry":{"type":"Point","coordinates":[-2.368735729929419,51.375280147309084]},"properties":{"name":null}},{"type":"Feature","geometry":{"type":"Point","coordinates":[-2.553713779677667,51.43591253942623]},"properties":{"name":null}},{"type":"Feature","geometry":{"type":"Point","coordinates":[-2.938722082732728,51.359321549664635]},"properties":{"name":null}},{"type":"Feature","geometry":{"type":"Point","coordinates":[-2.515173785176291,51.61729740488927]},"properties":{"name":null}},{"type":"Feature","geometry":{"type":"Point","coordinates":[-2.422132984560537,51.34658684274513]},"properties":{"name":null}},{"type":"Feature","geometry":{"type":"Point","coordinates":[-2.348201057601311,51.39555648286245]},"properties":{"name":null}},{"type":"Feature","geometry":{"type":"Point","coordinates":[-2.514402186438413,51.47355089710485]},"properties":{"name":null}},{"type":"Feature","geometry":{"type":"Point","coordinates":[-2.550406723491804,51.39540191635503]},"properties":{"name":null}},{"type":"Feature","geometry":{"type":"Point","coordinates":[-2.596962516391949,51.453809474907686]},"properties":{"name":null}},{"type":"Feature","geometry":{"type":"Point","coordinates":[-2.983186520492463,51.32364451508454]},"properties":{"name":null}},{"type":"Feature","geometry":{"type":"Point","coordinates":[-2.485643395938724,51.49201633641218]},"properties":{"name":null}},{"type":"Feature","geometry":{"type":"Point","coordinates":[-2.637350108720171,51.55709974848643]},"properties":{"name":null}},{"type":"Feature","geometry":{"type":"Point","coordinates":[-2.407160020700735,51.46171648910359]},"properties":{"name":null}},{"type":"Feature","geometry":{"type":"Point","coordinates":[-2.355347115131568,51.39958129745657]},"properties":{"name":null}},{"type":"Feature","geometry":{"type":"Point","coordinates":[-2.562238211266342,51.426053077926824]},"properties":{"name":null}},{"type":"Feature","geometry":{"type":"Point","coordinates":[-2.489667614918307,51.406542256274726]},"properties":{"name":null}},{"type":"Feature","geometry":{"type":"Point","coordinates":[-2.809438626647884,51.38497866651443]},"properties":{"name":null}},{"type":"Feature","geometry":{"type":"Point","coordinates":[-2.918914924761776,51.35209653515193]},"properties":{"name":null}},{"type":"Feature","geometry":{"type":"Point","coordinates":[-2.4286889791171,51.29047981249349]},"properties":{"name":null}},{"type":"Feature","geometry":{"type":"Point","coordinates":[-2.603195067408407,51.438509730771614]},"properties":{"name":null}},{"type":"Feature","geometry":{"type":"Point","coordinates":[-2.81577253926227,51.441340877579826]},"properties":{"name":null}},{"type":"Feature","geometry":{"type":"Point","coordinates":[-2.430981163892199,51.63249982496483]},"properties":{"name":null}},{"type":"Feature","geometry":{"type":"Point","coordinates":[-2.590849458105214,51.43841984942152]},"properties":{"name":null}},{"type":"Feature","geometry":{"type":"Point","coordinates":[-2.95687238440943,51.33637039361906]},"properties":{"name":null}},{"type":"Feature","geometry":{"type":"Point","coordinates":[-2.593714407343779,51.33759756114213]},"properties":{"name":null}},{"type":"Feature","geometry":{"type":"Point","coordinates":[-2.396558089061022,51.372797183494036]},"properties":{"name":null}},{"type":"Feature","geometry":{"type":"Point","coordinates":[-2.437746249102854,51.541272652011216]},"properties":{"name":null}},{"type":"Feature","geometry":{"type":"Point","coordinates":[-2.530871087876466,51.4610060117474]},"properties":{"name":null}},{"type":"Feature","geometry":{"type":"Point","coordinates":[-2.420446230746929,51.31282796980129]},"properties":{"name":null}},{"type":"Feature","geometry":{"type":"Point","coordinates":[-2.851021794161368,51.43660339472455]},"properties":{"name":null}},{"type":"Feature","geometry":{"type":"Point","coordinates":[-2.746221698040772,51.4290449320088]},"properties":{"name":null}},{"type":"Feature","geometry":{"type":"Point","coordinates":[-2.750687904351887,51.42508698356351]},"properties":{"name":null}},{"type":"Feature","geometry":{"type":"Point","coordinates":[-2.645656836146374,51.497008228594495]},"properties":{"name":null}},{"type":"Feature","geometry":{"type":"Point","coordinates":[-2.953835229260242,51.35604306727644]},"properties":{"name":null}},{"type":"Feature","geometry":{"type":"Point","coordinates":[-2.381185340640343,51.38308993650183]},"properties":{"name":null}},{"type":"Feature","geometry":{"type":"Point","coordinates":[-2.585790757968229,51.44901932998694]},"properties":{"name":null}},{"type":"Feature","geometry":{"type":"Point","coordinates":[-2.577939861759616,51.34235228457525]},"properties":{"name":null}},{"type":"Feature","geometry":{"type":"Point","coordinates":[-2.511455021600586,51.4443677525104]},"properties":{"name":null}},{"type":"Feature","geometry":{"type":"Point","coordinates":[-2.518257528571655,51.49867460327654]},"properties":{"name":null}},{"type":"Feature","geometry":{"type":"Point","coordinates":[-2.797222984516598,51.47338045479689]},"properties":{"name":null}},{"type":"Feature","geometry":{"type":"Point","coordinates":[-2.564443471059433,51.41711366325151]},"properties":{"name":null}},{"type":"Feature","geometry":{"type":"Point","coordinates":[-2.631522182945111,51.36752231144315]},"properties":{"name":null}},{"type":"Feature","geometry":{"type":"Point","coordinates":[-2.558963411215858,51.474695956006244]},"properties":{"name":null}},{"type":"Feature","geometry":{"type":"Point","coordinates":[-2.55081712558025,51.42954198467438]},"properties":{"name":null}},{"type":"Feature","geometry":{"type":"Point","coordinates":[-2.622937796208122,51.50009837137651]},"properties":{"name":null}},{"type":"Feature","geometry":{"type":"Point","coordinates":[-2.729365096778368,51.417407618832996]},"properties":{"name":null}},{"type":"Feature","geometry":{"type":"Point","coordinates":[-2.614054218518081,51.502653861470414]},"properties":{"name":null}},{"type":"Feature","geometry":{"type":"Point","coordinates":[-2.792450195468053,51.33485622686726]},"properties":{"name":null}},{"type":"Feature","geometry":{"type":"Point","coordinates":[-2.583777143859483,51.45475722991297]},"properties":{"name":null}},{"type":"Feature","geometry":{"type":"Point","coordinates":[-2.341340463166196,51.373744732237604]},"properties":{"name":null}},{"type":"Feature","geometry":{"type":"Point","coordinates":[-2.467836698701799,51.40589400367421]},"properties":{"name":null}},{"type":"Feature","geometry":{"type":"Point","coordinates":[-2.962195102122167,51.34102973092259]},"properties":{"name":null}},{"type":"Feature","geometry":{"type":"Point","coordinates":[-2.369056438874758,51.4526082604295]},"properties":{"name":null}},{"type":"Feature","geometry":{"type":"Point","coordinates":[-2.56532882798264,51.54336138781487]},"properties":{"name":null}},{"type":"Feature","geometry":{"type":"Point","coordinates":[-2.35898599686059,51.377828154439825]},"properties":{"name":null}},{"type":"Feature","geometry":{"type":"Point","coordinates":[-2.931862445758726,51.3496922482597]},"properties":{"name":null}},{"type":"Feature","geometry":{"type":"Point","coordinates":[-2.567163815443492,51.406840838813395]},"properties":{"name":null}},{"type":"Feature","geometry":{"type":"Point","coordinates":[-2.772487398212926,51.48449795684148]},"properties":{"name":null}},{"type":"Feature","geometry":{"type":"Point","coordinates":[-2.520166537244733,51.52210753344893]},"properties":{"name":null}},{"type":"Feature","geometry":{"type":"Point","coordinates":[-2.475745564907946,51.45297017221409]},"properties":{"name":null}},{"type":"Feature","geometry":{"type":"Point","coordinates":[-2.485883491316573,51.343785581499276]},"properties":{"name":null}},{"type":"Feature","geometry":{"type":"Point","coordinates":[-2.756364506055465,51.43439297168506]},"properties":{"name":null}},{"type":"Feature","geometry":{"type":"Point","coordinates":[-2.719263970372117,51.44818629232418]},"properties":{"name":null}},{"type":"Feature","geometry":{"type":"Point","coordinates":[-2.916450841980776,51.35671070496152]},"properties":{"name":null}},{"type":"Feature","geometry":{"type":"Point","coordinates":[-2.589634610209326,51.459214841330926]},"properties":{"name":null}},{"type":"Feature","geometry":{"type":"Point","coordinates":[-2.56617882937375,51.52007804989727]},"properties":{"name":null}},{"type":"Feature","geometry":{"type":"Point","coordinates":[-2.568669293891908,51.46669189617943]},"properties":{"name":null}},{"type":"Feature","geometry":{"type":"Point","coordinates":[-2.313661753617867,51.46287646671779]},"properties":{"name":null}},{"type":"Feature","geometry":{"type":"Point","coordinates":[-2.588368265042269,51.45923920029661]},"properties":{"name":null}},{"type":"Feature","geometry":{"type":"Point","coordinates":[-2.689834747263793,51.42425584196266]},"properties":{"name":null}},{"type":"Feature","geometry":{"type":"Point","coordinates":[-2.344268520957648,51.344674660654135]},"properties":{"name":null}},{"type":"Feature","geometry":{"type":"Point","coordinates":[-2.900214296864073,51.328403708482334]},"properties":{"name":null}},{"type":"Feature","geometry":{"type":"Point","coordinates":[-2.576022217245312,51.48010730024128]},"properties":{"name":null}},{"type":"Feature","geometry":{"type":"Point","coordinates":[-2.846106775371432,51.43766404517326]},"properties":{"name":null}},{"type":"Feature","geometry":{"type":"Point","coordinates":[-2.596028521689845,51.526763505012504]},"properties":{"name":null}},{"type":"Feature","geometry":{"type":"Point","coordinates":[-2.640771421850909,51.57881433972162]},"properties":{"name":null}},{"type":"Feature","geometry":{"type":"Point","coordinates":[-2.395514710984548,51.38844652541596]},"properties":{"name":null}},{"type":"Feature","geometry":{"type":"Point","coordinates":[-2.608097353753867,51.45778054591588]},"properties":{"name":null}},{"type":"Feature","geometry":{"type":"Point","coordinates":[-2.481181521574096,51.4525702954607]},"properties":{"name":null}},{"type":"Feature","geometry":{"type":"Point","coordinates":[-2.359690387317386,51.38519020247252]},"properties":{"name":null}},{"type":"Feature","geometry":{"type":"Point","coordinates":[-2.550448119351068,51.52074629889645]},"properties":{"name":null}},{"type":"Feature","geometry":{"type":"Point","coordinates":[-2.544253220269923,51.525828486480634]},"properties":{"name":null}},{"type":"Feature","geometry":{"type":"Point","coordinates":[-2.317079937886924,51.40768499229755]},"properties":{"name":null}},{"type":"Feature","geometry":{"type":"Point","coordinates":[-2.383344814914102,51.38185099842]},"properties":{"name":null}},{"type":"Feature","geometry":{"type":"Point","coordinates":[-2.392749580563422,51.34918882029926]},"properties":{"name":null}},{"type":"Feature","geometry":{"type":"Point","coordinates":[-2.902923471472674,51.365547138437854]},"properties":{"name":null}},{"type":"Feature","geometry":{"type":"Point","coordinates":[-2.55060223735145,51.63741266654563]},"properties":{"name":null}},{"type":"Feature","geometry":{"type":"Point","coordinates":[-2.522452250850819,51.61845212568229]},"properties":{"name":null}},{"type":"Feature","geometry":{"type":"Point","coordinates":[-2.508539194686036,51.41638897793934]},"properties":{"name":null}},{"type":"Feature","geometry":{"type":"Point","coordinates":[-2.709917822811742,51.42082701038832]},"properties":{"name":null}},{"type":"Feature","geometry":{"type":"Point","coordinates":[-2.845677291707227,51.43466386593547]},"properties":{"name":null}},{"type":"Feature","geometry":{"type":"Point","coordinates":[-2.79812317678473,51.48205148618716]},"properties":{"name":null}},{"type":"Feature","geometry":{"type":"Point","coordinates":[-2.614583205200574,51.498056404814825]},"properties":{"name":null}},{"type":"Feature","geometry":{"type":"Point","coordinates":[-2.503408425254235,51.52908626658447]},"properties":{"name":null}},{"type":"Feature","geometry":{"type":"Point","coordinates":[-2.425614456712887,51.52836927943248]},"properties":{"name":null}},{"type":"Feature","geometry":{"type":"Point","coordinates":[-2.505226711444826,51.44452961302161]},"properties":{"name":null}},{"type":"Feature","geometry":{"type":"Point","coordinates":[-2.530434298196788,51.58451775552013]},"properties":{"name":null}},{"type":"Feature","geometry":{"type":"Point","coordinates":[-2.570007286624578,51.54962396834254]},"properties":{"name":null}},{"type":"Feature","geometry":{"type":"Point","coordinates":[-2.673003627124177,51.48369083569522]},"properties":{"name":null}},{"type":"Feature","geometry":{"type":"Point","coordinates":[-2.345979527902763,51.36975675151608]},"properties":{"name":null}},{"type":"Feature","geometry":{"type":"Point","coordinates":[-2.457054798265426,51.63909993715345]},"properties":{"name":null}},{"type":"Feature","geometry":{"type":"Point","coordinates":[-2.945664111610161,51.357467219272685]},"properties":{"name":null}},{"type":"Feature","geometry":{"type":"Point","coordinates":[-2.771990132470268,51.43539710542955]},"properties":{"name":null}},{"type":"Feature","geometry":{"type":"Point","coordinates":[-2.370250809658703,51.3920898762568]},"properties":{"name":null}},{"type":"Feature","geometry":{"type":"Point","coordinates":[-2.616143408647917,51.50694086706927]},"properties":{"name":null}},{"type":"Feature","geometry":{"type":"Point","coordinates":[-2.648034729928371,51.478778207930645]},"properties":{"name":null}},{"type":"Feature","geometry":{"type":"Point","coordinates":[-2.660849546958416,51.55726594537951]},"properties":{"name":null}},{"type":"Feature","geometry":{"type":"Point","coordinates":[-2.801502292900959,51.37569046674412]},"properties":{"name":null}},{"type":"Feature","geometry":{"type":"Point","coordinates":[-2.516290811141308,51.44065098950233]},"properties":{"name":null}},{"type":"Feature","geometry":{"type":"Point","coordinates":[-2.472942046966495,51.44213748541334]},"properties":{"name":null}},{"type":"Feature","geometry":{"type":"Point","coordinates":[-2.526510032313458,51.31066347850327]},"properties":{"name":null}},{"type":"Feature","geometry":{"type":"Point","coordinates":[-2.969125237446186,51.3340125419634]},"properties":{"name":null}},{"type":"Feature","geometry":{"type":"Point","coordinates":[-2.578869133884138,51.595564262762785]},"properties":{"name":null}},{"type":"Feature","geometry":{"type":"Point","coordinates":[-2.584035196866141,51.43771675043095]},"properties":{"name":null}},{"type":"Feature","geometry":{"type":"Point","coordinates":[-2.470504654123603,51.497598943470514]},"properties":{"name":null}},{"type":"Feature","geometry":{"type":"Point","coordinates":[-2.619697362548272,51.523556554563214]},"properties":{"name":null}},{"type":"Feature","geometry":{"type":"Point","coordinates":[-2.477149718889421,51.499361455254]},"properties":{"name":null}},{"type":"Feature","geometry":{"type":"Point","coordinates":[-2.697089290360553,51.47847864660161]},"properties":{"name":null}},{"type":"Feature","geometry":{"type":"Point","coordinates":[-2.5847868773877,51.49320944911058]},"properties":{"name":null}},{"type":"Feature","geometry":{"type":"Point","coordinates":[-2.911953545818971,51.36311214736083]},"properties":{"name":null}},{"type":"Feature","geometry":{"type":"Point","coordinates":[-2.918846490408207,51.37449603068063]},"properties":{"name":null}},{"type":"Feature","geometry":{"type":"Point","coordinates":[-2.940278979345288,51.33852848402411]},"properties":{"name":null}},{"type":"Feature","geometry":{"type":"Point","coordinates":[-2.362021842932346,51.38017462064253]},"properties":{"name":null}},{"type":"Feature","geometry":{"type":"Point","coordinates":[-2.486343966562301,51.498289653525696]},"properties":{"name":null}},{"type":"Feature","geometry":{"type":"Point","coordinates":[-2.494044543559652,51.52967457526353]},"properties":{"name":null}},{"type":"Feature","geometry":{"type":"Point","coordinates":[-2.565839633696529,51.44271536838128]},"properties":{"name":null}},{"type":"Feature","geometry":{"type":"Point","coordinates":[-2.919018691641087,51.374485686870145]},"properties":{"name":null}},{"type":"Feature","geometry":{"type":"Point","coordinates":[-2.547990519794047,51.33264968008354]},"properties":{"name":null}},{"type":"Feature","geometry":{"type":"Point","coordinates":[-2.467159654232212,51.447933417262846]},"properties":{"name":null}},{"type":"Feature","geometry":{"type":"Point","coordinates":[-2.58888235055311,51.43536374566008]},"properties":{"name":null}},{"type":"Feature","geometry":{"type":"Point","coordinates":[-2.580075488658904,51.595063754024956]},"properties":{"name":null}},{"type":"Feature","geometry":{"type":"Point","coordinates":[-2.612895674274033,51.42051210491987]},"properties":{"name":null}},{"type":"Feature","geometry":{"type":"Point","coordinates":[-2.530542634145381,51.45751871317253]},"properties":{"name":null}},{"type":"Feature","geometry":{"type":"Point","coordinates":[-2.590852236526275,51.46098910911535]},"properties":{"name":null}},{"type":"Feature","geometry":{"type":"Point","coordinates":[-2.622484405121627,51.42442678701256]},"properties":{"name":null}},{"type":"Feature","geometry":{"type":"Point","coordinates":[-2.548757064563481,51.44486462612726]},"properties":{"name":null}},{"type":"Feature","geometry":{"type":"Point","coordinates":[-2.848350624094259,51.43375435283796]},"properties":{"name":null}},{"type":"Feature","geometry":{"type":"Point","coordinates":[-2.376258426522684,51.35883724151401]},"properties":{"name":null}},{"type":"Feature","geometry":{"type":"Point","coordinates":[-2.446352122431701,51.29143899467425]},"properties":{"name":null}},{"type":"Feature","geometry":{"type":"Point","coordinates":[-2.569453606006101,51.53070802749011]},"properties":{"name":null}},{"type":"Feature","geometry":{"type":"Point","coordinates":[-2.477300588202311,51.37454626362415]},"properties":{"name":null}},{"type":"Feature","geometry":{"type":"Point","coordinates":[-2.629318926966945,51.484293092396456]},"properties":{"name":null}},{"type":"Feature","geometry":{"type":"Point","coordinates":[-2.387440184822653,51.36826896327796]},"properties":{"name":null}},{"type":"Feature","geometry":{"type":"Point","coordinates":[-2.443575380947968,51.4273079794294]},"properties":{"name":null}},{"type":"Feature","geometry":{"type":"Point","coordinates":[-2.560250935458308,51.4716686634002]},"properties":{"name":null}},{"type":"Feature","geometry":{"type":"Point","coordinates":[-2.482231009099108,51.4962385349233]},"properties":{"name":null}},{"type":"Feature","geometry":{"type":"Point","coordinates":[-2.690815465356093,51.50535534763468]},"properties":{"name":null}},{"type":"Feature","geometry":{"type":"Point","coordinates":[-2.683229628233139,51.31980835693096]},"properties":{"name":null}},{"type":"Feature","geometry":{"type":"Point","coordinates":[-2.600923755982386,51.450785870477176]},"properties":{"name":null}},{"type":"Feature","geometry":{"type":"Point","coordinates":[-2.659727040261226,51.49472689138378]},"properties":{"name":null}},{"type":"Feature","geometry":{"type":"Point","coordinates":[-2.463188661320006,51.44516172844558]},"properties":{"name":null}},{"type":"Feature","geometry":{"type":"Point","coordinates":[-2.55484036551227,51.378116686475785]},"properties":{"name":null}},{"type":"Feature","geometry":{"type":"Point","coordinates":[-2.948817844108326,51.35718089451473]},"properties":{"name":null}},{"type":"Feature","geometry":{"type":"Point","coordinates":[-2.664784020649552,51.4908319632381]},"properties":{"name":null}},{"type":"Feature","geometry":{"type":"Point","coordinates":[-2.387185219870605,51.411241693236406]},"properties":{"name":null}},{"type":"Feature","geometry":{"type":"Point","coordinates":[-2.770640988345422,51.427888852823514]},"properties":{"name":null}},{"type":"Feature","geometry":{"type":"Point","coordinates":[-2.442037335544848,51.29761490085615]},"properties":{"name":null}},{"type":"Feature","geometry":{"type":"Point","coordinates":[-2.547030068061487,51.536218974987165]},"properties":{"name":null}},{"type":"Feature","geometry":{"type":"Point","coordinates":[-2.41941949031929,51.319818460050946]},"properties":{"name":null}},{"type":"Feature","geometry":{"type":"Point","coordinates":[-2.529217533262467,51.5120772802317]},"properties":{"name":null}},{"type":"Feature","geometry":{"type":"Point","coordinates":[-2.359302227052923,51.377845166751136]},"properties":{"name":null}},{"type":"Feature","geometry":{"type":"Point","coordinates":[-2.664422607780381,51.498656600086456]},"properties":{"name":null}},{"type":"Feature","geometry":{"type":"Point","coordinates":[-2.590445922378968,51.42174255369269]},"properties":{"name":null}},{"type":"Feature","geometry":{"type":"Point","coordinates":[-2.481974532073436,51.28588475967854]},"properties":{"name":null}},{"type":"Feature","geometry":{"type":"Point","coordinates":[-2.593119991896713,51.5004327843228]},"properties":{"name":null}},{"type":"Feature","geometry":{"type":"Point","coordinates":[-2.542067336943035,51.361118801593236]},"properties":{"name":null}},{"type":"Feature","geometry":{"type":"Point","coordinates":[-2.32229909636541,51.581461620364784]},"properties":{"name":null}},{"type":"Feature","geometry":{"type":"Point","coordinates":[-2.779810362105989,51.48405388966354]},"properties":{"name":null}},{"type":"Feature","geometry":{"type":"Point","coordinates":[-2.594419295978246,51.3354898601941]},"properties":{"name":null}},{"type":"Feature","geometry":{"type":"Point","coordinates":[-2.49922863288176,51.302033699397285]},"properties":{"name":null}},{"type":"Feature","geometry":{"type":"Point","coordinates":[-2.571465810273071,51.575090513082344]},"properties":{"name":null}},{"type":"Feature","geometry":{"type":"Point","coordinates":[-2.374709293819671,51.37136769415276]},"properties":{"name":null}},{"type":"Feature","geometry":{"type":"Point","coordinates":[-2.642440743143061,51.45373973687513]},"properties":{"name":null}},{"type":"Feature","geometry":{"type":"Point","coordinates":[-2.471998238359407,51.444092508066895]},"properties":{"name":null}},{"type":"Feature","geometry":{"type":"Point","coordinates":[-2.484573210913897,51.47934261011347]},"properties":{"name":null}},{"type":"Feature","geometry":{"type":"Point","coordinates":[-2.634863631245873,51.53299749500523]},"properties":{"name":null}},{"type":"Feature","geometry":{"type":"Point","coordinates":[-2.499926425512599,51.48093266058766]},"properties":{"name":null}},{"type":"Feature","geometry":{"type":"Point","coordinates":[-2.573097800192511,51.458190984676136]},"properties":{"name":null}},{"type":"Feature","geometry":{"type":"Point","coordinates":[-2.544417468127629,51.43085768163224]},"properties":{"name":null}},{"type":"Feature","geometry":{"type":"Point","coordinates":[-2.378926445242996,51.35669758165661]},"properties":{"name":null}},{"type":"Feature","geometry":{"type":"Point","coordinates":[-2.559075878031986,51.441452992941045]},"properties":{"name":null}},{"type":"Feature","geometry":{"type":"Point","coordinates":[-2.572246593115064,51.515489867063415]},"properties":{"name":null}},{"type":"Feature","geometry":{"type":"Point","coordinates":[-2.604384198574786,51.366263207172246]},"properties":{"name":null}},{"type":"Feature","geometry":{"type":"Point","coordinates":[-2.593943617521558,51.43848511429311]},"properties":{"name":null}},{"type":"Feature","geometry":{"type":"Point","coordinates":[-2.648130222887687,51.49568180728017]},"properties":{"name":null}},{"type":"Feature","geometry":{"type":"Point","coordinates":[-2.451548335595623,51.56043544956536]},"properties":{"name":null}},{"type":"Feature","geometry":{"type":"Point","coordinates":[-2.616367796924963,51.46160383698009]},"properties":{"name":null}},{"type":"Feature","geometry":{"type":"Point","coordinates":[-2.413998190259289,51.38868839581847]},"properties":{"name":null}},{"type":"Feature","geometry":{"type":"Point","coordinates":[-2.975916666849526,51.35370306458661]},"properties":{"name":null}},{"type":"Feature","geometry":{"type":"Point","coordinates":[-2.519959690645563,51.612681568797505]},"properties":{"name":null}},{"type":"Feature","geometry":{"type":"Point","coordinates":[-2.613725250532828,51.45670809741863]},"properties":{"name":null}},{"type":"Feature","geometry":{"type":"Point","coordinates":[-2.58677322645953,51.428019231786756]},"properties":{"name":null}},{"type":"Feature","geometry":{"type":"Point","coordinates":[-2.462908373676191,51.44732085513262]},"properties":{"name":null}},{"type":"Feature","geometry":{"type":"Point","coordinates":[-2.637043450346496,51.584670379926344]},"properties":{"name":null}},{"type":"Feature","geometry":{"type":"Point","coordinates":[-2.680263680716566,51.494411565514056]},"properties":{"name":null}},{"type":"Feature","geometry":{"type":"Point","coordinates":[-2.889444912200689,51.34155160026482]},"properties":{"name":null}},{"type":"Feature","geometry":{"type":"Point","coordinates":[-2.368643410659549,51.383435879908376]},"properties":{"name":null}},{"type":"Feature","geometry":{"type":"Point","coordinates":[-2.56997201189999,51.483409719364275]},"properties":{"name":null}},{"type":"Feature","geometry":{"type":"Point","coordinates":[-2.32092588905503,51.394330671843875]},"properties":{"name":null}},{"type":"Feature","geometry":{"type":"Point","coordinates":[-2.34564706024304,51.38091652302172]},"properties":{"name":null}},{"type":"Feature","geometry":{"type":"Point","coordinates":[-2.847369802067427,51.33087508655747]},"properties":{"name":null}},{"type":"Feature","geometry":{"type":"Point","coordinates":[-2.506625269537132,51.30547276053845]},"properties":{"name":null}},{"type":"Feature","geometry":{"type":"Point","coordinates":[-2.567299263719857,51.43513738348144]},"properties":{"name":null}},{"type":"Feature","geometry":{"type":"Point","coordinates":[-2.499755007216894,51.46523397326616]},"properties":{"name":null}},{"type":"Feature","geometry":{"type":"Point","coordinates":[-2.565535463314093,51.63209953069925]},"properties":{"name":null}},{"type":"Feature","geometry":{"type":"Point","coordinates":[-2.539728135639025,51.42964746325291]},"properties":{"name":null}},{"type":"Feature","geometry":{"type":"Point","coordinates":[-2.51035636551511,51.46968417141256]},"properties":{"name":null}},{"type":"Feature","geometry":{"type":"Point","coordinates":[-2.630588093458861,51.35181848910191]},"properties":{"name":null}},{"type":"Feature","geometry":{"type":"Point","coordinates":[-2.496755129872457,51.41179967739959]},"properties":{"name":null}},{"type":"Feature","geometry":{"type":"Point","coordinates":[-2.549580765316741,51.5420876023693]},"properties":{"name":null}},{"type":"Feature","geometry":{"type":"Point","coordinates":[-2.499368482400806,51.309640269700715]},"properties":{"name":null}},{"type":"Feature","geometry":{"type":"Point","coordinates":[-2.526013069257651,51.6078620437888]},"properties":{"name":null}},{"type":"Feature","geometry":{"type":"Point","coordinates":[-2.694644794057311,51.47207314614895]},"properties":{"name":null}},{"type":"Feature","geometry":{"type":"Point","coordinates":[-2.570082170059491,51.494540686903505]},"properties":{"name":null}},{"type":"Feature","geometry":{"type":"Point","coordinates":[-2.619287858059195,51.30398768151263]},"properties":{"name":null}},{"type":"Feature","geometry":{"type":"Point","coordinates":[-2.954659976312599,51.323143001905414]},"properties":{"name":null}},{"type":"Feature","geometry":{"type":"Point","coordinates":[-2.513415133820695,51.452370757366594]},"properties":{"name":null}},{"type":"Feature","geometry":{"type":"Point","coordinates":[-2.953100929402483,51.35871969053748]},"properties":{"name":null}},{"type":"Feature","geometry":{"type":"Point","coordinates":[-2.558432893813677,51.40650496203625]},"properties":{"name":null}},{"type":"Feature","geometry":{"type":"Point","coordinates":[-2.384659186373284,51.37237835152845]},"properties":{"name":null}},{"type":"Feature","geometry":{"type":"Point","coordinates":[-2.694840989967987,51.49911842991908]},"properties":{"name":null}},{"type":"Feature","geometry":{"type":"Point","coordinates":[-2.593516132986232,51.4566235134704]},"properties":{"name":null}},{"type":"Feature","geometry":{"type":"Point","coordinates":[-2.764138408351348,51.44163479581255]},"properties":{"name":null}},{"type":"Feature","geometry":{"type":"Point","coordinates":[-2.596184719656428,51.5265828807015]},"properties":{"name":null}},{"type":"Feature","geometry":{"type":"Point","coordinates":[-2.965703790203888,51.33308762555991]},"properties":{"name":null}},{"type":"Feature","geometry":{"type":"Point","coordinates":[-2.636115203646033,51.49041565252037]},"properties":{"name":null}},{"type":"Feature","geometry":{"type":"Point","coordinates":[-2.516569220412812,51.40418791050422]},"properties":{"name":null}},{"type":"Feature","geometry":{"type":"Point","coordinates":[-2.529793127449542,51.49588063275284]},"properties":{"name":null}},{"type":"Feature","geometry":{"type":"Point","coordinates":[-2.373481778311499,51.37762986237495]},"properties":{"name":null}},{"type":"Feature","geometry":{"type":"Point","coordinates":[-2.508941402995881,51.45511472946668]},"properties":{"name":null}},{"type":"Feature","geometry":{"type":"Point","coordinates":[-2.768577032929692,51.48491027763261]},"properties":{"name":null}},{"type":"Feature","geometry":{"type":"Point","coordinates":[-2.550638632060537,51.56879709008142]},"properties":{"name":null}},{"type":"Feature","geometry":{"type":"Point","coordinates":[-2.5983582021792,51.497780639088994]},"properties":{"name":null}},{"type":"Feature","geometry":{"type":"Point","coordinates":[-2.494708594406085,51.62010092157295]},"properties":{"name":null}},{"type":"Feature","geometry":{"type":"Point","coordinates":[-2.616514908888702,51.421185445193466]},"properties":{"name":null}},{"type":"Feature","geometry":{"type":"Point","coordinates":[-2.592600598362013,51.45928078421015]},"properties":{"name":null}},{"type":"Feature","geometry":{"type":"Point","coordinates":[-2.938213656738107,51.34849045860198]},"properties":{"name":null}},{"type":"Feature","geometry":{"type":"Point","coordinates":[-2.962729432109434,51.31853596666833]},"properties":{"name":null}},{"type":"Feature","geometry":{"type":"Point","coordinates":[-2.593450651696326,51.50370405470653]},"properties":{"name":null}},{"type":"Feature","geometry":{"type":"Point","coordinates":[-2.971823427438185,51.321077582131096]},"properties":{"name":null}},{"type":"Feature","geometry":{"type":"Point","coordinates":[-2.577919058570054,51.45700731801637]},"properties":{"name":null}},{"type":"Feature","geometry":{"type":"Point","coordinates":[-2.742432079519701,51.41621059469666]},"properties":{"name":null}},{"type":"Feature","geometry":{"type":"Point","coordinates":[-2.652659965437945,51.408418218293015]},"properties":{"name":null}},{"type":"Feature","geometry":{"type":"Point","coordinates":[-2.508389878302619,51.612543433541774]},"properties":{"name":null}},{"type":"Feature","geometry":{"type":"Point","coordinates":[-2.577103347659833,51.55646792727517]},"properties":{"name":null}},{"type":"Feature","geometry":{"type":"Point","coordinates":[-2.325273555506418,51.37911358542342]},"properties":{"name":null}},{"type":"Feature","geometry":{"type":"Point","coordinates":[-2.55066334269008,51.53142733495507]},"properties":{"name":null}},{"type":"Feature","geometry":{"type":"Point","coordinates":[-2.390994130363802,51.3756752808431]},"properties":{"name":null}},{"type":"Feature","geometry":{"type":"Point","coordinates":[-2.598380151515345,51.43116157844121]},"properties":{"name":null}},{"type":"Feature","geometry":{"type":"Point","coordinates":[-2.544981211244714,51.503525879999835]},"properties":{"name":null}},{"type":"Feature","geometry":{"type":"Point","coordinates":[-2.571837900585267,51.44256934672756]},"properties":{"name":null}},{"type":"Feature","geometry":{"type":"Point","coordinates":[-2.397627977705613,51.40510127501599]},"properties":{"name":null}},{"type":"Feature","geometry":{"type":"Point","coordinates":[-2.574090422963692,51.42494378229515]},"properties":{"name":null}},{"type":"Feature","geometry":{"type":"Point","coordinates":[-2.401377572905425,51.38838162911797]},"properties":{"name":null}},{"type":"Feature","geometry":{"type":"Point","coordinates":[-2.972886816346684,51.34422350728547]},"properties":{"name":null}},{"type":"Feature","geometry":{"type":"Point","coordinates":[-2.494898826260605,51.30091920301888]},"properties":{"name":null}},{"type":"Feature","geometry":{"type":"Point","coordinates":[-2.775750528355847,51.34221559298638]},"properties":{"name":null}},{"type":"Feature","geometry":{"type":"Point","coordinates":[-2.760689509531221,51.42801679008748]},"properties":{"name":null}},{"type":"Feature","geometry":{"type":"Point","coordinates":[-2.921078378512985,51.35041603408649]},"properties":{"name":null}},{"type":"Feature","geometry":{"type":"Point","coordinates":[-2.56809206357824,51.533663856526324]},"properties":{"name":null}},{"type":"Feature","geometry":{"type":"Point","coordinates":[-2.852806717531733,51.42584513632221]},"properties":{"name":null}},{"type":"Feature","geometry":{"type":"Point","coordinates":[-2.388322207263184,51.53861431003452]},"properties":{"name":null}},{"type":"Feature","geometry":{"type":"Point","coordinates":[-2.50940757459114,51.499549569491855]},"properties":{"name":null}},{"type":"Feature","geometry":{"type":"Point","coordinates":[-2.495674982994233,51.4182603962853]},"properties":{"name":null}},{"type":"Feature","geometry":{"type":"Point","coordinates":[-2.67999390437771,51.47537821574524]},"properties":{"name":null}},{"type":"Feature","geometry":{"type":"Point","coordinates":[-2.540935435023315,51.33080305824114]},"properties":{"name":null}},{"type":"Feature","geometry":{"type":"Point","coordinates":[-2.361886251955745,51.388474397233054]},"properties":{"name":null}},{"type":"Feature","geometry":{"type":"Point","coordinates":[-2.420681560741299,51.54995804458619]},"properties":{"name":null}},{"type":"Feature","geometry":{"type":"Point","coordinates":[-2.913992492122465,51.35369966775505]},"properties":{"name":null}},{"type":"Feature","geometry":{"type":"Point","coordinates":[-2.351123949254937,51.39246357283491]},"properties":{"name":null}},{"type":"Feature","geometry":{"type":"Point","coordinates":[-2.495349261869192,51.470476834924014]},"properties":{"name":null}},{"type":"Feature","geometry":{"type":"Point","coordinates":[-2.637753738698504,51.52630100364582]},"properties":{"name":null}},{"type":"Feature","geometry":{"type":"Point","coordinates":[-2.496063985623846,51.286616930580095]},"properties":{"name":null}},{"type":"Feature","geometry":{"type":"Point","coordinates":[-2.46814078155422,51.49324741364958]},"properties":{"name":null}},{"type":"Feature","geometry":{"type":"Point","coordinates":[-2.740029979981641,51.41350123133904]},"properties":{"name":null}},{"type":"Feature","geometry":{"type":"Point","coordinates":[-2.500325734045863,51.52140256474497]},"properties":{"name":null}},{"type":"Feature","geometry":{"type":"Point","coordinates":[-2.387480856467026,51.36459123659886]},"properties":{"name":null}},{"type":"Feature","geometry":{"type":"Point","coordinates":[-2.305232576126761,51.571679543349106]},"properties":{"name":null}},{"type":"Feature","geometry":{"type":"Point","coordinates":[-2.398774661228381,51.59783419378147]},"properties":{"name":null}},{"type":"Feature","geometry":{"type":"Point","coordinates":[-2.924192372891455,51.35031055975928]},"properties":{"name":null}},{"type":"Feature","geometry":{"type":"Point","coordinates":[-2.562432354204798,51.41259138819702]},"properties":{"name":null}},{"type":"Feature","geometry":{"type":"Point","coordinates":[-2.509560888751316,51.378978483085504]},"properties":{"name":null}},{"type":"Feature","geometry":{"type":"Point","coordinates":[-2.598977157665238,51.47683625932327]},"properties":{"name":null}},{"type":"Feature","geometry":{"type":"Point","coordinates":[-2.592877619049046,51.4306140767448]},"properties":{"name":null}},{"type":"Feature","geometry":{"type":"Point","coordinates":[-2.524841635633027,51.47238967280133]},"properties":{"name":null}},{"type":"Feature","geometry":{"type":"Point","coordinates":[-2.827687459754565,51.31311246652106]},"properties":{"name":null}},{"type":"Feature","geometry":{"type":"Point","coordinates":[-2.481161666977264,51.38654362702942]},"properties":{"name":null}},{"type":"Feature","geometry":{"type":"Point","coordinates":[-2.389496734704507,51.380383005940885]},"properties":{"name":null}},{"type":"Feature","geometry":{"type":"Point","coordinates":[-2.981349678018963,51.323650910563714]},"properties":{"name":null}},{"type":"Feature","geometry":{"type":"Point","coordinates":[-2.3920871779489,51.54217147634077]},"properties":{"name":null}},{"type":"Feature","geometry":{"type":"Point","coordinates":[-2.577117691207136,51.50526022243206]},"properties":{"name":null}},{"type":"Feature","geometry":{"type":"Point","coordinates":[-2.368869497635948,51.45262683298994]},"properties":{"name":null}},{"type":"Feature","geometry":{"type":"Point","coordinates":[-2.560528510096646,51.41799558819839]},"properties":{"name":null}},{"type":"Feature","geometry":{"type":"Point","coordinates":[-2.359478893181587,51.361902222917614]},"properties":{"name":null}},{"type":"Feature","geometry":{"type":"Point","coordinates":[-2.541663710815617,51.447370268884995]},"properties":{"name":null}},{"type":"Feature","geometry":{"type":"Point","coordinates":[-2.518306506513722,51.6044795043128]},"properties":{"name":null}},{"type":"Feature","geometry":{"type":"Point","coordinates":[-2.541764403579162,51.4498065616269]},"properties":{"name":null}},{"type":"Feature","geometry":{"type":"Point","coordinates":[-2.554737449006303,51.436096536324655]},"properties":{"name":null}},{"type":"Feature","geometry":{"type":"Point","coordinates":[-2.485950175023953,51.407124198455726]},"properties":{"name":null}},{"type":"Feature","geometry":{"type":"Point","coordinates":[-2.305435119690146,51.571759939150944]},"properties":{"name":null}},{"type":"Feature","geometry":{"type":"Point","coordinates":[-2.49629886956254,51.34169176346965]},"properties":{"name":null}},{"type":"Feature","geometry":{"type":"Point","coordinates":[-2.325472856591192,51.37885227052647]},"properties":{"name":null}},{"type":"Feature","geometry":{"type":"Point","coordinates":[-2.621266854112534,51.365491171226566]},"properties":{"name":null}},{"type":"Feature","geometry":{"type":"Point","coordinates":[-2.578241626294261,51.530251395914256]},"properties":{"name":null}},{"type":"Feature","geometry":{"type":"Point","coordinates":[-2.745346755615409,51.41062609640933]},"properties":{"name":null}},{"type":"Feature","geometry":{"type":"Point","coordinates":[-2.5798505057819,51.477660771882334]},"properties":{"name":null}},{"type":"Feature","geometry":{"type":"Point","coordinates":[-2.589452190758081,51.40827774714727]},"properties":{"name":null}},{"type":"Feature","geometry":{"type":"Point","coordinates":[-2.577738393509384,51.4085877694769]},"properties":{"name":null}},{"type":"Feature","geometry":{"type":"Point","coordinates":[-2.582672479672481,51.50248130636416]},"properties":{"name":null}},{"type":"Feature","geometry":{"type":"Point","coordinates":[-2.62269113716036,51.40695432711115]},"properties":{"name":null}},{"type":"Feature","geometry":{"type":"Point","coordinates":[-2.728009742750449,51.440723000057645]},"properties":{"name":null}},{"type":"Feature","geometry":{"type":"Point","coordinates":[-2.834417174300082,51.318675788951246]},"properties":{"name":null}},{"type":"Feature","geometry":{"type":"Point","coordinates":[-2.474558190626711,51.49118951164354]},"properties":{"name":null}},{"type":"Feature","geometry":{"type":"Point","coordinates":[-2.56928065501627,51.552648743203896]},"properties":{"name":null}},{"type":"Feature","geometry":{"type":"Point","coordinates":[-2.483068276325147,51.343680356990106]},"properties":{"name":null}},{"type":"Feature","geometry":{"type":"Point","coordinates":[-2.517303486273126,51.50855170978713]},"properties":{"name":null}},{"type":"Feature","geometry":{"type":"Point","coordinates":[-2.559390160202901,51.500113075055765]},"properties":{"name":null}},{"type":"Feature","geometry":{"type":"Point","coordinates":[-2.776425337061528,51.42885776455704]},"properties":{"name":null}},{"type":"Feature","geometry":{"type":"Point","coordinates":[-2.644386101908507,51.545668629794655]},"properties":{"name":null}},{"type":"Feature","geometry":{"type":"Point","coordinates":[-2.632069125212361,51.36760028093249]},"properties":{"name":null}},{"type":"Feature","geometry":{"type":"Point","coordinates":[-2.637108859752969,51.570786643313376]},"properties":{"name":null}},{"type":"Feature","geometry":{"type":"Point","coordinates":[-2.421087985999898,51.523673959218875]},"properties":{"name":null}},{"type":"Feature","geometry":{"type":"Point","coordinates":[-2.472215761770572,51.4289674655478]},"properties":{"name":null}},{"type":"Feature","geometry":{"type":"Point","coordinates":[-2.505450032871027,51.306880585991635]},"properties":{"name":null}},{"type":"Feature","geometry":{"type":"Point","coordinates":[-2.774936636705823,51.48709843804834]},"properties":{"name":null}},{"type":"Feature","geometry":{"type":"Point","coordinates":[-2.378938193181791,51.370266042494855]},"properties":{"name":null}},{"type":"Feature","geometry":{"type":"Point","coordinates":[-2.746777291984291,51.43489505342345]},"properties":{"name":null}},{"type":"Feature","geometry":{"type":"Point","coordinates":[-2.461791949175829,51.63031462389111]},"properties":{"name":null}},{"type":"Feature","geometry":{"type":"Point","coordinates":[-2.845564981154957,51.45039145865101]},"properties":{"name":null}},{"type":"Feature","geometry":{"type":"Point","coordinates":[-2.508292762178364,51.5184909627596]},"properties":{"name":null}},{"type":"Feature","geometry":{"type":"Point","coordinates":[-2.799089780295755,51.38732462593459]},"properties":{"name":null}},{"type":"Feature","geometry":{"type":"Point","coordinates":[-2.417330897543319,51.54944850345859]},"properties":{"name":null}},{"type":"Feature","geometry":{"type":"Point","coordinates":[-2.388395689896547,51.384415004840996]},"properties":{"name":null}},{"type":"Feature","geometry":{"type":"Point","coordinates":[-2.353807818787458,51.36033693818218]},"properties":{"name":null}},{"type":"Feature","geometry":{"type":"Point","coordinates":[-2.662146860689244,51.49670035532458]},"properties":{"name":null}},{"type":"Feature","geometry":{"type":"Point","coordinates":[-2.590348604244453,51.436390357590284]},"properties":{"name":null}},{"type":"Feature","geometry":{"type":"Point","coordinates":[-2.356767153103902,51.532186674383716]},"properties":{"name":null}},{"type":"Feature","geometry":{"type":"Point","coordinates":[-2.858748023746033,51.42666495770492]},"properties":{"name":null}},{"type":"Feature","geometry":{"type":"Point","coordinates":[-2.375966763433289,51.37054540397417]},"properties":{"name":null}},{"type":"Feature","geometry":{"type":"Point","coordinates":[-2.621470772623518,51.480117904736794]},"properties":{"name":null}},{"type":"Feature","geometry":{"type":"Point","coordinates":[-2.774621739971491,51.42852800812467]},"properties":{"name":null}},{"type":"Feature","geometry":{"type":"Point","coordinates":[-2.959557931367426,51.34055683291733]},"properties":{"name":null}},{"type":"Feature","geometry":{"type":"Point","coordinates":[-2.944074869807699,51.343722417816224]},"properties":{"name":null}},{"type":"Feature","geometry":{"type":"Point","coordinates":[-2.600387701638483,51.49545044468233]},"properties":{"name":null}},{"type":"Feature","geometry":{"type":"Point","coordinates":[-2.631053772394219,51.5077697377493]},"properties":{"name":null}},{"type":"Feature","geometry":{"type":"Point","coordinates":[-2.552766156067568,51.53483428714473]},"properties":{"name":null}},{"type":"Feature","geometry":{"type":"Point","coordinates":[-2.560824184751902,51.628498515532954]},"properties":{"name":null}},{"type":"Feature","geometry":{"type":"Point","coordinates":[-2.428144901220974,51.5307338816408]},"properties":{"name":null}},{"type":"Feature","geometry":{"type":"Point","coordinates":[-2.441369787254806,51.343251847079934]},"properties":{"name":null}},{"type":"Feature","geometry":{"type":"Point","coordinates":[-2.44345961818358,51.427236483159035]},"properties":{"name":null}},{"type":"Feature","geometry":{"type":"Point","coordinates":[-2.574220556031178,51.479981267095425]},"properties":{"name":null}},{"type":"Feature","geometry":{"type":"Point","coordinates":[-2.787297019879116,51.38514740327595]},"properties":{"name":null}},{"type":"Feature","geometry":{"type":"Point","coordinates":[-2.525118160610487,51.485183560178186]},"properties":{"name":null}},{"type":"Feature","geometry":{"type":"Point","coordinates":[-2.556557470978914,51.62929211122474]},"properties":{"name":null}},{"type":"Feature","geometry":{"type":"Point","coordinates":[-2.586811063252499,51.456783224957334]},"properties":{"name":null}},{"type":"Feature","geometry":{"type":"Point","coordinates":[-2.748960917318767,51.330826236000206]},"properties":{"name":null}},{"type":"Feature","geometry":{"type":"Point","coordinates":[-2.763912362070654,51.481559799957864]},"properties":{"name":null}},{"type":"Feature","geometry":{"type":"Point","coordinates":[-2.369387732723516,51.39021332219583]},"properties":{"name":null}},{"type":"Feature","geometry":{"type":"Point","coordinates":[-2.494664673563199,51.43649100857411]},"properties":{"name":null}},{"type":"Feature","geometry":{"type":"Point","coordinates":[-2.757071121393232,51.434496311234625]},"properties":{"name":null}},{"type":"Feature","geometry":{"type":"Point","coordinates":[-2.506188673202926,51.4547579757381]},"properties":{"name":null}},{"type":"Feature","geometry":{"type":"Point","coordinates":[-2.367404300466638,51.39738604389541]},"properties":{"name":null}},{"type":"Feature","geometry":{"type":"Point","coordinates":[-2.582207808997458,51.40389894955607]},"properties":{"name":null}},{"type":"Feature","geometry":{"type":"Point","coordinates":[-2.947647389306007,51.310844942864584]},"properties":{"name":null}},{"type":"Feature","geometry":{"type":"Point","coordinates":[-2.339606115145899,51.34130735000186]},"properties":{"name":null}},{"type":"Feature","geometry":{"type":"Point","coordinates":[-2.466468818018908,51.44228934249953]},"properties":{"name":null}},{"type":"Feature","geometry":{"type":"Point","coordinates":[-2.584593651329963,51.45671339872403]},"properties":{"name":null}},{"type":"Feature","geometry":{"type":"Point","coordinates":[-2.513839918461524,51.61301423848429]},"properties":{"name":null}},{"type":"Feature","geometry":{"type":"Point","coordinates":[-2.53147768120185,51.51683265988147]},"properties":{"name":null}},{"type":"Feature","geometry":{"type":"Point","coordinates":[-2.567463342451111,51.5121231498023]},"properties":{"name":null}},{"type":"Feature","geometry":{"type":"Point","coordinates":[-2.4944775620858,51.43648280379806]},"properties":{"name":null}},{"type":"Feature","geometry":{"type":"Point","coordinates":[-2.831299679693865,51.39550816375962]},"properties":{"name":null}},{"type":"Feature","geometry":{"type":"Point","coordinates":[-2.586158741195181,51.60668673158146]},"properties":{"name":null}},{"type":"Feature","geometry":{"type":"Point","coordinates":[-2.54490650318879,51.36798444058831]},"properties":{"name":null}},{"type":"Feature","geometry":{"type":"Point","coordinates":[-2.501440622123913,51.406384628445174]},"properties":{"name":null}},{"type":"Feature","geometry":{"type":"Point","coordinates":[-2.485400815623961,51.44739161254651]},"properties":{"name":null}},{"type":"Feature","geometry":{"type":"Point","coordinates":[-2.486821136427435,51.32791100177341]},"properties":{"name":null}},{"type":"Feature","geometry":{"type":"Point","coordinates":[-2.547153476062234,51.43951302042473]},"properties":{"name":null}},{"type":"Feature","geometry":{"type":"Point","coordinates":[-2.350412719463697,51.387799013255695]},"properties":{"name":null}},{"type":"Feature","geometry":{"type":"Point","coordinates":[-2.644069437785156,51.49681015966208]},"properties":{"name":null}},{"type":"Feature","geometry":{"type":"Point","coordinates":[-2.359311880872263,51.35891745862614]},"properties":{"name":null}},{"type":"Feature","geometry":{"type":"Point","coordinates":[-2.777652500981019,51.48334885908989]},"properties":{"name":null}},{"type":"Feature","geometry":{"type":"Point","coordinates":[-2.49685557985916,51.41178126833866]},"properties":{"name":null}},{"type":"Feature","geometry":{"type":"Point","coordinates":[-2.469976271789347,51.44615975975373]},"properties":{"name":null}},{"type":"Feature","geometry":{"type":"Point","coordinates":[-2.570381146717998,51.42391879002341]},"properties":{"name":null}},{"type":"Feature","geometry":{"type":"Point","coordinates":[-2.556889718541802,51.47349192142907]},"properties":{"name":null}},{"type":"Feature","geometry":{"type":"Point","coordinates":[-2.462826750848539,51.45774255578051]},"properties":{"name":null}},{"type":"Feature","geometry":{"type":"Point","coordinates":[-2.621469935550961,51.51930313477513]},"properties":{"name":null}},{"type":"Feature","geometry":{"type":"Point","coordinates":[-2.81470233159725,51.33335477312309]},"properties":{"name":null}},{"type":"Feature","geometry":{"type":"Point","coordinates":[-2.815111312376908,51.31756183161938]},"properties":{"name":null}},{"type":"Feature","geometry":{"type":"Point","coordinates":[-2.676080962399445,51.46977201344751]},"properties":{"name":null}},{"type":"Feature","geometry":{"type":"Point","coordinates":[-2.419415014148197,51.53299535881333]},"properties":{"name":null}},{"type":"Feature","geometry":{"type":"Point","coordinates":[-2.499225102746879,51.47339169095935]},"properties":{"name":null}},{"type":"Feature","geometry":{"type":"Point","coordinates":[-2.761131773753422,51.433858589947]},"properties":{"name":null}},{"type":"Feature","geometry":{"type":"Point","coordinates":[-2.792222849303569,51.479798539146316]},"properties":{"name":null}},{"type":"Feature","geometry":{"type":"Point","coordinates":[-2.531129114588447,51.46091492631475]},"properties":{"name":null}},{"type":"Feature","geometry":{"type":"Point","coordinates":[-2.475356478847477,51.4598504274077]},"properties":{"name":null}},{"type":"Feature","geometry":{"type":"Point","coordinates":[-2.30492891908887,51.51763179829312]},"properties":{"name":null}},{"type":"Feature","geometry":{"type":"Point","coordinates":[-2.274441381096667,51.52616835924976]},"properties":{"name":null}},{"type":"Feature","geometry":{"type":"Point","coordinates":[-2.852348226967586,51.37569153285407]},"properties":{"name":null}},{"type":"Feature","geometry":{"type":"Point","coordinates":[-2.759613964374961,51.42647717304729]},"properties":{"name":null}},{"type":"Feature","geometry":{"type":"Point","coordinates":[-2.499916471676565,51.49584982117242]},"properties":{"name":null}},{"type":"Feature","geometry":{"type":"Point","coordinates":[-2.358626663868003,51.377811273449915]},"properties":{"name":null}},{"type":"Feature","geometry":{"type":"Point","coordinates":[-2.560941642026649,51.628650811838774]},"properties":{"name":null}},{"type":"Feature","geometry":{"type":"Point","coordinates":[-2.86948584537373,51.431612221540526]},"properties":{"name":null}},{"type":"Feature","geometry":{"type":"Point","coordinates":[-2.757922433843365,51.484215256462676]},"properties":{"name":null}},{"type":"Feature","geometry":{"type":"Point","coordinates":[-2.911866289364533,51.358724744900215]},"properties":{"name":null}},{"type":"Feature","geometry":{"type":"Point","coordinates":[-2.434226169047202,51.51682832872753]},"properties":{"name":null}},{"type":"Feature","geometry":{"type":"Point","coordinates":[-2.965604649048621,51.33315138755877]},"properties":{"name":null}},{"type":"Feature","geometry":{"type":"Point","coordinates":[-2.606480351056422,51.405358179712096]},"properties":{"name":null}},{"type":"Feature","geometry":{"type":"Point","coordinates":[-2.3084778072046,51.40275356082238]},"properties":{"name":null}},{"type":"Feature","geometry":{"type":"Point","coordinates":[-2.277188457372844,51.52516381089925]},"properties":{"name":null}},{"type":"Feature","geometry":{"type":"Point","coordinates":[-2.930168581613217,51.35043406513957]},"properties":{"name":null}},{"type":"Feature","geometry":{"type":"Point","coordinates":[-2.869026838850961,51.329241768216555]},"properties":{"name":null}},{"type":"Feature","geometry":{"type":"Point","coordinates":[-2.449904750214358,51.57368652433644]},"properties":{"name":null}},{"type":"Feature","geometry":{"type":"Point","coordinates":[-2.389088487577829,51.38987077262613]},"properties":{"name":null}},{"type":"Feature","geometry":{"type":"Point","coordinates":[-2.496396333448681,51.48341133882523]},"properties":{"name":null}},{"type":"Feature","geometry":{"type":"Point","coordinates":[-2.482910158674055,51.343663027999916]},"properties":{"name":null}},{"type":"Feature","geometry":{"type":"Point","coordinates":[-2.506284995138094,51.51418361476948]},"properties":{"name":null}},{"type":"Feature","geometry":{"type":"Point","coordinates":[-2.655866736253788,51.504783106714214]},"properties":{"name":null}},{"type":"Feature","geometry":{"type":"Point","coordinates":[-2.975045656603244,51.32889194766877]},"properties":{"name":null}},{"type":"Feature","geometry":{"type":"Point","coordinates":[-2.959451081483576,51.340251969408456]},"properties":{"name":null}},{"type":"Feature","geometry":{"type":"Point","coordinates":[-2.649433621108062,51.481962492402296]},"properties":{"name":null}},{"type":"Feature","geometry":{"type":"Point","coordinates":[-2.490424209433781,51.41407427634149]},"properties":{"name":null}},{"type":"Feature","geometry":{"type":"Point","coordinates":[-2.474563804755236,51.52227390975851]},"properties":{"name":null}},{"type":"Feature","geometry":{"type":"Point","coordinates":[-2.445671166874573,51.419513121775665]},"properties":{"name":null}},{"type":"Feature","geometry":{"type":"Point","coordinates":[-2.411031484248826,51.55298647760519]},"properties":{"name":null}},{"type":"Feature","geometry":{"type":"Point","coordinates":[-2.509524374999189,51.41446943536592]},"properties":{"name":null}},{"type":"Feature","geometry":{"type":"Point","coordinates":[-2.589909999454352,51.44705642280103]},"properties":{"name":null}},{"type":"Feature","geometry":{"type":"Point","coordinates":[-2.473885037889716,51.28985633729951]},"properties":{"name":null}},{"type":"Feature","geometry":{"type":"Point","coordinates":[-2.599034077973922,51.492184438072044]},"properties":{"name":null}},{"type":"Feature","geometry":{"type":"Point","coordinates":[-2.901243651641336,51.361936306507246]},"properties":{"name":null}},{"type":"Feature","geometry":{"type":"Point","coordinates":[-2.481641339799316,51.43070049275609]},"properties":{"name":null}},{"type":"Feature","geometry":{"type":"Point","coordinates":[-2.54242434983996,51.512646315617424]},"properties":{"name":null}},{"type":"Feature","geometry":{"type":"Point","coordinates":[-2.545063678563082,51.41509200118413]},"properties":{"name":null}},{"type":"Feature","geometry":{"type":"Point","coordinates":[-2.653449478645942,51.51508288380644]},"properties":{"name":null}},{"type":"Feature","geometry":{"type":"Point","coordinates":[-2.781513015992616,51.44294996497274]},"properties":{"name":null}},{"type":"Feature","geometry":{"type":"Point","coordinates":[-2.322342797899761,51.393472556542044]},"properties":{"name":null}},{"type":"Feature","geometry":{"type":"Point","coordinates":[-2.35607184332087,51.42438740886476]},"properties":{"name":null}},{"type":"Feature","geometry":{"type":"Point","coordinates":[-2.387888733129042,51.53680842026531]},"properties":{"name":null}},{"type":"Feature","geometry":{"type":"Point","coordinates":[-2.49393562990742,51.53293001885799]},"properties":{"name":null}},{"type":"Feature","geometry":{"type":"Point","coordinates":[-2.545745385666763,51.5336893143351]},"properties":{"name":null}},{"type":"Feature","geometry":{"type":"Point","coordinates":[-2.650187947589301,51.48538410039235]},"properties":{"name":null}},{"type":"Feature","geometry":{"type":"Point","coordinates":[-2.71209342157577,51.32479779340415]},"properties":{"name":null}},{"type":"Feature","geometry":{"type":"Point","coordinates":[-2.363497932833466,51.357951408572475]},"properties":{"name":null}},{"type":"Feature","geometry":{"type":"Point","coordinates":[-2.825783579279366,51.30696632275784]},"properties":{"name":null}},{"type":"Feature","geometry":{"type":"Point","coordinates":[-2.981680939083033,51.32168784986185]},"properties":{"name":null}},{"type":"Feature","geometry":{"type":"Point","coordinates":[-2.539381499683029,51.512462553935585]},"properties":{"name":null}},{"type":"Feature","geometry":{"type":"Point","coordinates":[-2.759958392891388,51.478474295391216]},"properties":{"name":null}},{"type":"Feature","geometry":{"type":"Point","coordinates":[-2.476717766578598,51.493860278548176]},"properties":{"name":null}},{"type":"Feature","geometry":{"type":"Point","coordinates":[-2.391182443753441,51.372491586757086]},"properties":{"name":null}},{"type":"Feature","geometry":{"type":"Point","coordinates":[-2.916414573256359,51.35777203013592]},"properties":{"name":null}},{"type":"Feature","geometry":{"type":"Point","coordinates":[-2.50105938025742,51.619660366085796]},"properties":{"name":null}},{"type":"Feature","geometry":{"type":"Point","coordinates":[-2.64649596703142,51.49522327513127]},"properties":{"name":null}},{"type":"Feature","geometry":{"type":"Point","coordinates":[-2.744808706076539,51.43060951064172]},"properties":{"name":null}},{"type":"Feature","geometry":{"type":"Point","coordinates":[-2.483941318285235,51.42784063883751]},"properties":{"name":null}},{"type":"Feature","geometry":{"type":"Point","coordinates":[-2.515610820127962,51.61635136359433]},"properties":{"name":null}},{"type":"Feature","geometry":{"type":"Point","coordinates":[-2.562599167191297,51.48813889261842]},"properties":{"name":null}},{"type":"Feature","geometry":{"type":"Point","coordinates":[-2.591948160946212,51.438827895463795]},"properties":{"name":null}},{"type":"Feature","geometry":{"type":"Point","coordinates":[-2.583986080147233,51.43724944779601]},"properties":{"name":null}},{"type":"Feature","geometry":{"type":"Point","coordinates":[-2.52964764656108,51.29780863597615]},"properties":{"name":null}},{"type":"Feature","geometry":{"type":"Point","coordinates":[-2.38470777644637,51.37645143040322]},"properties":{"name":null}},{"type":"Feature","geometry":{"type":"Point","coordinates":[-2.55405182839053,51.41754069750844]},"properties":{"name":null}},{"type":"Feature","geometry":{"type":"Point","coordinates":[-2.549792435232994,51.55725567612156]},"properties":{"name":null}},{"type":"Feature","geometry":{"type":"Point","coordinates":[-2.504611749342888,51.52187875242058]},"properties":{"name":null}},{"type":"Feature","geometry":{"type":"Point","coordinates":[-2.622486062836752,51.52194127347506]},"properties":{"name":null}},{"type":"Feature","geometry":{"type":"Point","coordinates":[-2.615143006119399,51.598238995135404]},"properties":{"name":null}},{"type":"Feature","geometry":{"type":"Point","coordinates":[-2.40900948091662,51.33365806754952]},"properties":{"name":null}},{"type":"Feature","geometry":{"type":"Point","coordinates":[-2.527655618029805,51.47046181593627]},"properties":{"name":null}},{"type":"Feature","geometry":{"type":"Point","coordinates":[-2.574290271248277,51.494690991203356]},"properties":{"name":null}},{"type":"Feature","geometry":{"type":"Point","coordinates":[-2.546864617273766,51.41176563954001]},"properties":{"name":null}},{"type":"Feature","geometry":{"type":"Point","coordinates":[-2.30461162299796,51.51759665751247]},"properties":{"name":null}},{"type":"Feature","geometry":{"type":"Point","coordinates":[-2.546201471416522,51.46466731076736]},"properties":{"name":null}},{"type":"Feature","geometry":{"type":"Point","coordinates":[-2.403722672948745,51.550161516863575]},"properties":{"name":null}},{"type":"Feature","geometry":{"type":"Point","coordinates":[-2.342747075354866,51.3889366853859]},"properties":{"name":null}},{"type":"Feature","geometry":{"type":"Point","coordinates":[-2.652066053258205,51.51509060142565]},"properties":{"name":null}},{"type":"Feature","geometry":{"type":"Point","coordinates":[-2.474691859989511,51.4498992751966]},"properties":{"name":null}},{"type":"Feature","geometry":{"type":"Point","coordinates":[-2.838994772733663,51.31395820684379]},"properties":{"name":null}},{"type":"Feature","geometry":{"type":"Point","coordinates":[-2.620710588393994,51.49627977533355]},"properties":{"name":null}},{"type":"Feature","geometry":{"type":"Point","coordinates":[-2.449568506946593,51.45313642623438]},"properties":{"name":null}},{"type":"Feature","geometry":{"type":"Point","coordinates":[-2.316506321171313,51.343359264091994]},"properties":{"name":null}},{"type":"Feature","geometry":{"type":"Point","coordinates":[-2.596986437985556,51.497535866650516]},"properties":{"name":null}},{"type":"Feature","geometry":{"type":"Point","coordinates":[-2.343106945671994,51.52925125517274]},"properties":{"name":null}},{"type":"Feature","geometry":{"type":"Point","coordinates":[-2.493887169365476,51.28022398485836]},"properties":{"name":null}},{"type":"Feature","geometry":{"type":"Point","coordinates":[-2.546797142690014,51.428976317036486]},"properties":{"name":null}},{"type":"Feature","geometry":{"type":"Point","coordinates":[-2.979929682439145,51.32099212144261]},"properties":{"name":null}},{"type":"Feature","geometry":{"type":"Point","coordinates":[-2.567384529877669,51.473369868331616]},"properties":{"name":null}},{"type":"Feature","geometry":{"type":"Point","coordinates":[-2.378876077775399,51.38186557370006]},"properties":{"name":null}},{"type":"Feature","geometry":{"type":"Point","coordinates":[-2.570836886822569,51.532958167393254]},"properties":{"name":null}},{"type":"Feature","geometry":{"type":"Point","coordinates":[-2.556418096847857,51.53163390268152]},"properties":{"name":null}},{"type":"Feature","geometry":{"type":"Point","coordinates":[-2.560474975767648,51.530931179790464]},"properties":{"name":null}},{"type":"Feature","geometry":{"type":"Point","coordinates":[-2.593647390054028,51.44563481195993]},"properties":{"name":null}},{"type":"Feature","geometry":{"type":"Point","coordinates":[-2.521395757090712,51.441689424073736]},"properties":{"name":null}},{"type":"Feature","geometry":{"type":"Point","coordinates":[-2.648847125848286,51.493411970012595]},"properties":{"name":null}},{"type":"Feature","geometry":{"type":"Point","coordinates":[-2.824765481313546,51.310992962887816]},"properties":{"name":null}},{"type":"Feature","geometry":{"type":"Point","coordinates":[-2.599886931061119,51.297973882535345]},"properties":{"name":null}},{"type":"Feature","geometry":{"type":"Point","coordinates":[-2.334457543119762,51.37750516825989]},"properties":{"name":null}},{"type":"Feature","geometry":{"type":"Point","coordinates":[-2.860808080917287,51.32415892461902]},"properties":{"name":null}},{"type":"Feature","geometry":{"type":"Point","coordinates":[-2.619081456553987,51.41112780919741]},"properties":{"name":null}},{"type":"Feature","geometry":{"type":"Point","coordinates":[-2.396327420475107,51.39103343924166]},"properties":{"name":null}},{"type":"Feature","geometry":{"type":"Point","coordinates":[-2.507470681824242,51.45745894120982]},"properties":{"name":null}},{"type":"Feature","geometry":{"type":"Point","coordinates":[-2.537679216122175,51.42910836668281]},"properties":{"name":null}},{"type":"Feature","geometry":{"type":"Point","coordinates":[-2.63561903061645,51.55605712664957]},"properties":{"name":null}},{"type":"Feature","geometry":{"type":"Point","coordinates":[-2.437332181013602,51.616839991394976]},"properties":{"name":null}},{"type":"Feature","geometry":{"type":"Point","coordinates":[-2.611821379670408,51.32285629861128]},"properties":{"name":null}},{"type":"Feature","geometry":{"type":"Point","coordinates":[-2.507855043916703,51.476492725779934]},"properties":{"name":null}},{"type":"Feature","geometry":{"type":"Point","coordinates":[-2.437831345210601,51.48395026387312]},"properties":{"name":null}},{"type":"Feature","geometry":{"type":"Point","coordinates":[-2.841846153701175,51.43520397992071]},"properties":{"name":null}},{"type":"Feature","geometry":{"type":"Point","coordinates":[-2.437167509580814,51.37993611557571]},"properties":{"name":null}},{"type":"Feature","geometry":{"type":"Point","coordinates":[-2.350222883238686,51.389283211576895]},"properties":{"name":null}},{"type":"Feature","geometry":{"type":"Point","coordinates":[-2.392006251646082,51.53442093051465]},"properties":{"name":null}},{"type":"Feature","geometry":{"type":"Point","coordinates":[-2.49921938375392,51.475504754118894]},"properties":{"name":null}},{"type":"Feature","geometry":{"type":"Point","coordinates":[-2.57864232405247,51.490281715904196]},"properties":{"name":null}},{"type":"Feature","geometry":{"type":"Point","coordinates":[-2.611162381831235,51.48569289574995]},"properties":{"name":null}},{"type":"Feature","geometry":{"type":"Point","coordinates":[-2.430456225264694,51.480722600494964]},"properties":{"name":null}},{"type":"Feature","geometry":{"type":"Point","coordinates":[-2.918568939572746,51.36350995988784]},"properties":{"name":null}},{"type":"Feature","geometry":{"type":"Point","coordinates":[-2.38859974920857,51.539035998989355]},"properties":{"name":null}},{"type":"Feature","geometry":{"type":"Point","coordinates":[-2.526973440100982,51.47122917692026]},"properties":{"name":null}},{"type":"Feature","geometry":{"type":"Point","coordinates":[-2.652214414070823,51.40539045849374]},"properties":{"name":null}},{"type":"Feature","geometry":{"type":"Point","coordinates":[-2.377222198999125,51.37820229347454]},"properties":{"name":null}},{"type":"Feature","geometry":{"type":"Point","coordinates":[-2.517433980161164,51.50862306827234]},"properties":{"name":null}},{"type":"Feature","geometry":{"type":"Point","coordinates":[-2.495767767809864,51.575452875710255]},"properties":{"name":null}},{"type":"Feature","geometry":{"type":"Point","coordinates":[-2.764327296245547,51.39688108179888]},"properties":{"name":null}},{"type":"Feature","geometry":{"type":"Point","coordinates":[-2.64480471679047,51.51422269019791]},"properties":{"name":null}},{"type":"Feature","geometry":{"type":"Point","coordinates":[-2.361304172149683,51.455042221944616]},"properties":{"name":null}},{"type":"Feature","geometry":{"type":"Point","coordinates":[-2.49399233057872,51.310022883376035]},"properties":{"name":null}},{"type":"Feature","geometry":{"type":"Point","coordinates":[-2.451195307078833,51.330598814814955]},"properties":{"name":null}},{"type":"Feature","geometry":{"type":"Point","coordinates":[-2.550232275984121,51.524361865929535]},"properties":{"name":null}},{"type":"Feature","geometry":{"type":"Point","coordinates":[-2.508029454420019,51.51814142567]},"properties":{"name":null}},{"type":"Feature","geometry":{"type":"Point","coordinates":[-2.571700380897577,51.421304767700924]},"properties":{"name":null}},{"type":"Feature","geometry":{"type":"Point","coordinates":[-2.521458521024697,51.61240516936582]},"properties":{"name":null}},{"type":"Feature","geometry":{"type":"Point","coordinates":[-2.682531123978393,51.42445143109011]},"properties":{"name":null}},{"type":"Feature","geometry":{"type":"Point","coordinates":[-2.553323181178678,51.40243781839723]},"properties":{"name":null}},{"type":"Feature","geometry":{"type":"Point","coordinates":[-2.388672709746066,51.37639336985321]},"properties":{"name":null}},{"type":"Feature","geometry":{"type":"Point","coordinates":[-2.510841808162808,51.3261001271284]},"properties":{"name":null}},{"type":"Feature","geometry":{"type":"Point","coordinates":[-2.847428979532262,51.42904029359821]},"properties":{"name":null}},{"type":"Feature","geometry":{"type":"Point","coordinates":[-2.334618648590585,51.39957046541053]},"properties":{"name":null}},{"type":"Feature","geometry":{"type":"Point","coordinates":[-2.574429166716576,51.41184105249307]},"properties":{"name":null}},{"type":"Feature","geometry":{"type":"Point","coordinates":[-2.401715410164411,51.39086222995292]},"properties":{"name":null}},{"type":"Feature","geometry":{"type":"Point","coordinates":[-2.346452342506038,51.36198644634713]},"properties":{"name":null}},{"type":"Feature","geometry":{"type":"Point","coordinates":[-2.494342308916945,51.53320704679167]},"properties":{"name":null}},{"type":"Feature","geometry":{"type":"Point","coordinates":[-2.589811384509383,51.40825795219137]},"properties":{"name":null}},{"type":"Feature","geometry":{"type":"Point","coordinates":[-2.569895952802008,51.40109080432813]},"properties":{"name":null}},{"type":"Feature","geometry":{"type":"Point","coordinates":[-2.547921247954835,51.43394354859563]},"properties":{"name":null}},{"type":"Feature","geometry":{"type":"Point","coordinates":[-2.615807968345296,51.598298448510036]},"properties":{"name":null}},{"type":"Feature","geometry":{"type":"Point","coordinates":[-2.403808083382479,51.37386039741296]},"properties":{"name":null}},{"type":"Feature","geometry":{"type":"Point","coordinates":[-2.96925501654961,51.33472185411711]},"properties":{"name":null}},{"type":"Feature","geometry":{"type":"Point","coordinates":[-2.384386359596173,51.351869182389315]},"properties":{"name":null}},{"type":"Feature","geometry":{"type":"Point","coordinates":[-2.476340763799709,51.435541739405465]},"properties":{"name":null}},{"type":"Feature","geometry":{"type":"Point","coordinates":[-2.4390303785583,51.41536598825857]},"properties":{"name":null}},{"type":"Feature","geometry":{"type":"Point","coordinates":[-2.581984518383977,51.43036291629732]},"properties":{"name":null}},{"type":"Feature","geometry":{"type":"Point","coordinates":[-2.557679297383921,51.54163569241488]},"properties":{"name":null}},{"type":"Feature","geometry":{"type":"Point","coordinates":[-2.526660051641143,51.42653273827895]},"properties":{"name":null}},{"type":"Feature","geometry":{"type":"Point","coordinates":[-2.34498089315501,51.37449836611993]},"properties":{"name":null}},{"type":"Feature","geometry":{"type":"Point","coordinates":[-2.710553915573561,51.38670783907775]},"properties":{"name":null}},{"type":"Feature","geometry":{"type":"Point","coordinates":[-2.684893994023692,51.38908161626096]},"properties":{"name":null}},{"type":"Feature","geometry":{"type":"Point","coordinates":[-2.954575616279854,51.326686557691104]},"properties":{"name":null}},{"type":"Feature","geometry":{"type":"Point","coordinates":[-2.676315188311527,51.39890564855629]},"properties":{"name":null}},{"type":"Feature","geometry":{"type":"Point","coordinates":[-2.322797701721537,51.462213220599466]},"properties":{"name":null}},{"type":"Feature","geometry":{"type":"Point","coordinates":[-2.430807029950468,51.48739315068232]},"properties":{"name":null}},{"type":"Feature","geometry":{"type":"Point","coordinates":[-2.559545869294187,51.495193918730905]},"properties":{"name":null}},{"type":"Feature","geometry":{"type":"Point","coordinates":[-2.607864870791195,51.500932747124665]},"properties":{"name":null}},{"type":"Feature","geometry":{"type":"Point","coordinates":[-2.293909712815267,51.43107010394331]},"properties":{"name":null}},{"type":"Feature","geometry":{"type":"Point","coordinates":[-2.35910450062568,51.381945994868644]},"properties":{"name":null}},{"type":"Feature","geometry":{"type":"Point","coordinates":[-2.783728290192582,51.46730293770818]},"properties":{"name":null}},{"type":"Feature","geometry":{"type":"Point","coordinates":[-2.3423344248634,51.36255604864109]},"properties":{"name":null}},{"type":"Feature","geometry":{"type":"Point","coordinates":[-2.818055503978576,51.37177250536149]},"properties":{"name":null}},{"type":"Feature","geometry":{"type":"Point","coordinates":[-2.363634524950225,51.38783954879921]},"properties":{"name":null}},{"type":"Feature","geometry":{"type":"Point","coordinates":[-2.534178046952975,51.51359238160628]},"properties":{"name":null}},{"type":"Feature","geometry":{"type":"Point","coordinates":[-2.437870429304464,51.385841110119884]},"properties":{"name":null}},{"type":"Feature","geometry":{"type":"Point","coordinates":[-2.672676425488481,51.40073396018981]},"properties":{"name":null}},{"type":"Feature","geometry":{"type":"Point","coordinates":[-2.922520142,51.37284856120661]},"properties":{"name":null}},{"type":"Feature","geometry":{"type":"Point","coordinates":[-2.860652255436619,51.324267975150974]},"properties":{"name":null}},{"type":"Feature","geometry":{"type":"Point","coordinates":[-2.685400786448633,51.44032343423852]},"properties":{"name":null}},{"type":"Feature","geometry":{"type":"Point","coordinates":[-2.392108841518771,51.38003259798735]},"properties":{"name":null}},{"type":"Feature","geometry":{"type":"Point","coordinates":[-2.491677426032345,51.46104196774605]},"properties":{"name":null}},{"type":"Feature","geometry":{"type":"Point","coordinates":[-2.4059721595894,51.39278980102338]},"properties":{"name":null}},{"type":"Feature","geometry":{"type":"Point","coordinates":[-2.514939424094212,51.41011170295126]},"properties":{"name":null}},{"type":"Feature","geometry":{"type":"Point","coordinates":[-2.347998235171344,51.393453014802624]},"properties":{"name":null}},{"type":"Feature","geometry":{"type":"Point","coordinates":[-2.529310656947947,51.48034519705966]},"properties":{"name":null}},{"type":"Feature","geometry":{"type":"Point","coordinates":[-2.399455218798004,51.57996549892366]},"properties":{"name":null}},{"type":"Feature","geometry":{"type":"Point","coordinates":[-2.741899554576543,51.48104465464634]},"properties":{"name":null}},{"type":"Feature","geometry":{"type":"Point","coordinates":[-2.393201236406865,51.39519821261643]},"properties":{"name":null}},{"type":"Feature","geometry":{"type":"Point","coordinates":[-2.395122297487231,51.38793531241629]},"properties":{"name":null}},{"type":"Feature","geometry":{"type":"Point","coordinates":[-2.538754883878477,51.42884266974929]},"properties":{"name":null}},{"type":"Feature","geometry":{"type":"Point","coordinates":[-2.310684358444117,51.57556754457821]},"properties":{"name":null}},{"type":"Feature","geometry":{"type":"Point","coordinates":[-2.367717418506934,51.43997907521764]},"properties":{"name":null}},{"type":"Feature","geometry":{"type":"Point","coordinates":[-2.600455590513289,51.43916219816154]},"properties":{"name":null}},{"type":"Feature","geometry":{"type":"Point","coordinates":[-2.638701774663559,51.492047040210494]},"properties":{"name":null}},{"type":"Feature","geometry":{"type":"Point","coordinates":[-2.924685775044571,51.33839215904683]},"properties":{"name":null}},{"type":"Feature","geometry":{"type":"Point","coordinates":[-2.759980703425409,51.341006133935565]},"properties":{"name":null}},{"type":"Feature","geometry":{"type":"Point","coordinates":[-2.420037320926554,51.55516651356819]},"properties":{"name":null}},{"type":"Feature","geometry":{"type":"Point","coordinates":[-2.492124850365081,51.48125336761646]},"properties":{"name":null}},{"type":"Feature","geometry":{"type":"Point","coordinates":[-2.677531090440902,51.485993487971136]},"properties":{"name":null}},{"type":"Feature","geometry":{"type":"Point","coordinates":[-2.451769216474554,51.480750276006354]},"properties":{"name":null}},{"type":"Feature","geometry":{"type":"Point","coordinates":[-2.348857900129166,51.400652851780514]},"properties":{"name":null}},{"type":"Feature","geometry":{"type":"Point","coordinates":[-2.603904023403077,51.43331815531055]},"properties":{"name":null}},{"type":"Feature","geometry":{"type":"Point","coordinates":[-2.384092619274889,51.53459997371478]},"properties":{"name":null}},{"type":"Feature","geometry":{"type":"Point","coordinates":[-2.371633095653268,51.37999158873056]},"properties":{"name":null}},{"type":"Feature","geometry":{"type":"Point","coordinates":[-2.761172183490442,51.43629506574649]},"properties":{"name":null}},{"type":"Feature","geometry":{"type":"Point","coordinates":[-2.359172847303006,51.37783657245549]},"properties":{"name":null}},{"type":"Feature","geometry":{"type":"Point","coordinates":[-2.557272455984194,51.561446467016914]},"properties":{"name":null}},{"type":"Feature","geometry":{"type":"Point","coordinates":[-2.485912324611391,51.45083333237695]},"properties":{"name":null}},{"type":"Feature","geometry":{"type":"Point","coordinates":[-2.64118516622127,51.48629686874054]},"properties":{"name":null}},{"type":"Feature","geometry":{"type":"Point","coordinates":[-2.848430903911213,51.42644338735907]},"properties":{"name":null}},{"type":"Feature","geometry":{"type":"Point","coordinates":[-2.58268007509327,51.47258453752813]},"properties":{"name":null}},{"type":"Feature","geometry":{"type":"Point","coordinates":[-2.464071294397577,51.28513889788453]},"properties":{"name":null}},{"type":"Feature","geometry":{"type":"Point","coordinates":[-2.768454416379525,51.48447048008805]},"properties":{"name":null}},{"type":"Feature","geometry":{"type":"Point","coordinates":[-2.344900587497847,51.38673637942383]},"properties":{"name":null}},{"type":"Feature","geometry":{"type":"Point","coordinates":[-2.384543728365695,51.37231579048358]},"properties":{"name":null}},{"type":"Feature","geometry":{"type":"Point","coordinates":[-2.604803220335587,51.43061603951746]},"properties":{"name":null}},{"type":"Feature","geometry":{"type":"Point","coordinates":[-2.5713818852813,51.516636071389804]},"properties":{"name":null}},{"type":"Feature","geometry":{"type":"Point","coordinates":[-2.744894921505741,51.3341252590889]},"properties":{"name":null}},{"type":"Feature","geometry":{"type":"Point","coordinates":[-2.339019204079698,51.36291637366553]},"properties":{"name":null}},{"type":"Feature","geometry":{"type":"Point","coordinates":[-2.588886200136159,51.5306839304081]},"properties":{"name":null}},{"type":"Feature","geometry":{"type":"Point","coordinates":[-2.566539956590951,51.41686980080327]},"properties":{"name":null}},{"type":"Feature","geometry":{"type":"Point","coordinates":[-2.591998809209044,51.46948963406892]},"properties":{"name":null}},{"type":"Feature","geometry":{"type":"Point","coordinates":[-2.697068150547119,51.47331757630891]},"properties":{"name":null}},{"type":"Feature","geometry":{"type":"Point","coordinates":[-2.329065551974845,51.32288614130769]},"properties":{"name":null}},{"type":"Feature","geometry":{"type":"Point","coordinates":[-2.53223512741253,51.43593099170089]},"properties":{"name":null}},{"type":"Feature","geometry":{"type":"Point","coordinates":[-2.918236223776541,51.354781438959634]},"properties":{"name":null}},{"type":"Feature","geometry":{"type":"Point","coordinates":[-2.588730179441472,51.46275323920297]},"properties":{"name":null}},{"type":"Feature","geometry":{"type":"Point","coordinates":[-2.38859138249693,51.38036803025997]},"properties":{"name":null}},{"type":"Feature","geometry":{"type":"Point","coordinates":[-2.407078551718841,51.43472374026118]},"properties":{"name":null}},{"type":"Feature","geometry":{"type":"Point","coordinates":[-2.552005322914437,51.40043882882902]},"properties":{"name":null}},{"type":"Feature","geometry":{"type":"Point","coordinates":[-2.510650803064047,51.47155315790645]},"properties":{"name":null}},{"type":"Feature","geometry":{"type":"Point","coordinates":[-2.304992466904851,51.57245344545146]},"properties":{"name":null}},{"type":"Feature","geometry":{"type":"Point","coordinates":[-2.476503803393917,51.32814244857138]},"properties":{"name":null}},{"type":"Feature","geometry":{"type":"Point","coordinates":[-2.768811557291235,51.42515836065143]},"properties":{"name":null}},{"type":"Feature","geometry":{"type":"Point","coordinates":[-2.933843054583113,51.32629627202787]},"properties":{"name":null}},{"type":"Feature","geometry":{"type":"Point","coordinates":[-2.592719740051163,51.430641849948024]},"properties":{"name":null}},{"type":"Feature","geometry":{"type":"Point","coordinates":[-2.438320485866918,51.39083891057481]},"properties":{"name":null}},{"type":"Feature","geometry":{"type":"Point","coordinates":[-2.36389018845126,51.392892119239896]},"properties":{"name":null}},{"type":"Feature","geometry":{"type":"Point","coordinates":[-2.402872440700681,51.388412465848425]},"properties":{"name":null}},{"type":"Feature","geometry":{"type":"Point","coordinates":[-2.484238630176894,51.40299502251399]},"properties":{"name":null}},{"type":"Feature","geometry":{"type":"Point","coordinates":[-2.547957427388092,51.36724188711809]},"properties":{"name":null}},{"type":"Feature","geometry":{"type":"Point","coordinates":[-2.836174843865515,51.37592489707453]},"properties":{"name":null}},{"type":"Feature","geometry":{"type":"Point","coordinates":[-2.549756973460792,51.48616769820551]},"properties":{"name":null}},{"type":"Feature","geometry":{"type":"Point","coordinates":[-2.321958562924162,51.365374320578965]},"properties":{"name":null}},{"type":"Feature","geometry":{"type":"Point","coordinates":[-2.773226387485638,51.443022882486964]},"properties":{"name":null}},{"type":"Feature","geometry":{"type":"Point","coordinates":[-2.328917469614423,51.32224813009772]},"properties":{"name":null}},{"type":"Feature","geometry":{"type":"Point","coordinates":[-2.56271284296089,51.40966768669817]},"properties":{"name":null}},{"type":"Feature","geometry":{"type":"Point","coordinates":[-2.678510430678492,51.50339522596639]},"properties":{"name":null}},{"type":"Feature","geometry":{"type":"Point","coordinates":[-2.387058828003821,51.38094858281628]},"properties":{"name":null}},{"type":"Feature","geometry":{"type":"Point","coordinates":[-2.429306926223884,51.45336515745324]},"properties":{"name":null}},{"type":"Feature","geometry":{"type":"Point","coordinates":[-2.725190724230534,51.365334198463735]},"properties":{"name":null}},{"type":"Feature","geometry":{"type":"Point","coordinates":[-2.547304162907408,51.45335063108654]},"properties":{"name":null}},{"type":"Feature","geometry":{"type":"Point","coordinates":[-2.371006444883272,51.37713422489178]},"properties":{"name":null}},{"type":"Feature","geometry":{"type":"Point","coordinates":[-2.424931486755264,51.549457178886804]},"properties":{"name":null}},{"type":"Feature","geometry":{"type":"Point","coordinates":[-2.50073671578709,51.452344609725984]},"properties":{"name":null}},{"type":"Feature","geometry":{"type":"Point","coordinates":[-2.549541425411256,51.44307159412584]},"properties":{"name":null}},{"type":"Feature","geometry":{"type":"Point","coordinates":[-2.931201988722883,51.36527139661955]},"properties":{"name":null}},{"type":"Feature","geometry":{"type":"Point","coordinates":[-2.422921150644205,51.54729747404085]},"properties":{"name":null}},{"type":"Feature","geometry":{"type":"Point","coordinates":[-2.552863368542182,51.63560371248656]},"properties":{"name":null}},{"type":"Feature","geometry":{"type":"Point","coordinates":[-2.575256482646684,51.52674142421429]},"properties":{"name":null}},{"type":"Feature","geometry":{"type":"Point","coordinates":[-2.511500849930491,51.61049780367286]},"properties":{"name":null}},{"type":"Feature","geometry":{"type":"Point","coordinates":[-2.980651172413081,51.34406890940027]},"properties":{"name":null}},{"type":"Feature","geometry":{"type":"Point","coordinates":[-2.461504350557535,51.29081396613773]},"properties":{"name":null}},{"type":"Feature","geometry":{"type":"Point","coordinates":[-2.550566534761912,51.51027044644686]},"properties":{"name":null}},{"type":"Feature","geometry":{"type":"Point","coordinates":[-2.54183996652818,51.47559437269814]},"properties":{"name":null}},{"type":"Feature","geometry":{"type":"Point","coordinates":[-2.333839216150478,51.377434998195]},"properties":{"name":null}},{"type":"Feature","geometry":{"type":"Point","coordinates":[-2.445196944087738,51.4949732997866]},"properties":{"name":null}},{"type":"Feature","geometry":{"type":"Point","coordinates":[-2.500061555636551,51.29289418609174]},"properties":{"name":null}},{"type":"Feature","geometry":{"type":"Point","coordinates":[-2.586040086620383,51.48533559672599]},"properties":{"name":null}},{"type":"Feature","geometry":{"type":"Point","coordinates":[-2.557966354782681,51.5073670906346]},"properties":{"name":null}},{"type":"Feature","geometry":{"type":"Point","coordinates":[-2.538934735008713,51.46125702624339]},"properties":{"name":null}},{"type":"Feature","geometry":{"type":"Point","coordinates":[-2.745224356508298,51.43051694904439]},"properties":{"name":null}},{"type":"Feature","geometry":{"type":"Point","coordinates":[-2.32406572792578,51.39321602801629]},"properties":{"name":null}},{"type":"Feature","geometry":{"type":"Point","coordinates":[-2.962323916191248,51.341010685697526]},"properties":{"name":null}},{"type":"Feature","geometry":{"type":"Point","coordinates":[-2.496830645222977,51.30580258311255]},"properties":{"name":null}},{"type":"Feature","geometry":{"type":"Point","coordinates":[-2.577168108754476,51.43169945856033]},"properties":{"name":null}},{"type":"Feature","geometry":{"type":"Point","coordinates":[-2.841504686440611,51.43932469237344]},"properties":{"name":null}},{"type":"Feature","geometry":{"type":"Point","coordinates":[-2.798887811199083,51.46483584618287]},"properties":{"name":null}},{"type":"Feature","geometry":{"type":"Point","coordinates":[-2.827700763072719,51.37288276980887]},"properties":{"name":null}},{"type":"Feature","geometry":{"type":"Point","coordinates":[-2.571022796134283,51.406165765009696]},"properties":{"name":null}},{"type":"Feature","geometry":{"type":"Point","coordinates":[-2.435586637149017,51.2904363355718]},"properties":{"name":null}},{"type":"Feature","geometry":{"type":"Point","coordinates":[-2.797814230533014,51.44288514321792]},"properties":{"name":null}},{"type":"Feature","geometry":{"type":"Point","coordinates":[-2.574013920760853,51.401628288040136]},"properties":{"name":null}},{"type":"Feature","geometry":{"type":"Point","coordinates":[-2.775280974268862,51.39266385795995]},"properties":{"name":null}},{"type":"Feature","geometry":{"type":"Point","coordinates":[-2.481989052435503,51.52795337271142]},"properties":{"name":null}},{"type":"Feature","geometry":{"type":"Point","coordinates":[-2.428728187525667,51.45919385731582]},"properties":{"name":null}},{"type":"Feature","geometry":{"type":"Point","coordinates":[-2.911823629733419,51.35512831577492]},"properties":{"name":null}},{"type":"Feature","geometry":{"type":"Point","coordinates":[-2.578766761119645,51.404626284548684]},"properties":{"name":null}},{"type":"Feature","geometry":{"type":"Point","coordinates":[-2.644157884337299,51.40191932651945]},"properties":{"name":null}},{"type":"Feature","geometry":{"type":"Point","coordinates":[-2.501414169961523,51.396098067816276]},"properties":{"name":null}},{"type":"Feature","geometry":{"type":"Point","coordinates":[-2.610958781283765,51.44678653135793]},"properties":{"name":null}},{"type":"Feature","geometry":{"type":"Point","coordinates":[-2.498706731342768,51.47868096340169]},"properties":{"name":null}},{"type":"Feature","geometry":{"type":"Point","coordinates":[-2.96255199668094,51.316226469822126]},"properties":{"name":null}},{"type":"Feature","geometry":{"type":"Point","coordinates":[-2.499494022862599,51.47560249300015]},"properties":{"name":null}},{"type":"Feature","geometry":{"type":"Point","coordinates":[-2.390490503013182,51.36716182035981]},"properties":{"name":null}},{"type":"Feature","geometry":{"type":"Point","coordinates":[-2.479285512214515,51.32925502695473]},"properties":{"name":null}},{"type":"Feature","geometry":{"type":"Point","coordinates":[-2.519913532979541,51.62254559762426]},"properties":{"name":null}},{"type":"Feature","geometry":{"type":"Point","coordinates":[-2.924201876630889,51.370749124187284]},"properties":{"name":null}},{"type":"Feature","geometry":{"type":"Point","coordinates":[-2.492613499118411,51.40641303065466]},"properties":{"name":null}},{"type":"Feature","geometry":{"type":"Point","coordinates":[-2.674375168742955,51.48878104498618]},"properties":{"name":null}},{"type":"Feature","geometry":{"type":"Point","coordinates":[-2.781267829932693,51.481697323872396]},"properties":{"name":null}},{"type":"Feature","geometry":{"type":"Point","coordinates":[-2.51799788757188,51.315386215222986]},"properties":{"name":null}},{"type":"Feature","geometry":{"type":"Point","coordinates":[-2.762899960557065,51.490783009351425]},"properties":{"name":null}},{"type":"Feature","geometry":{"type":"Point","coordinates":[-2.497705779705975,51.409313893441954]},"properties":{"name":null}},{"type":"Feature","geometry":{"type":"Point","coordinates":[-2.455562057331946,51.64442873823596]},"properties":{"name":null}},{"type":"Feature","geometry":{"type":"Point","coordinates":[-2.787615486593492,51.38863416126863]},"properties":{"name":null}},{"type":"Feature","geometry":{"type":"Point","coordinates":[-2.507622913379148,51.408992643897776]},"properties":{"name":null}},{"type":"Feature","geometry":{"type":"Point","coordinates":[-2.42036847980699,51.451680110253214]},"properties":{"name":null}},{"type":"Feature","geometry":{"type":"Point","coordinates":[-2.543842959897392,51.48902762732717]},"properties":{"name":null}},{"type":"Feature","geometry":{"type":"Point","coordinates":[-2.733336714739423,51.44363903801884]},"properties":{"name":null}},{"type":"Feature","geometry":{"type":"Point","coordinates":[-2.810865156271086,51.471335744761916]},"properties":{"name":null}},{"type":"Feature","geometry":{"type":"Point","coordinates":[-2.653469204606374,51.552559831755644]},"properties":{"name":null}},{"type":"Feature","geometry":{"type":"Point","coordinates":[-2.855741159854212,51.42739731672182]},"properties":{"name":null}},{"type":"Feature","geometry":{"type":"Point","coordinates":[-2.399672794295012,51.580090641112605]},"properties":{"name":null}},{"type":"Feature","geometry":{"type":"Point","coordinates":[-2.771905024941995,51.34576587207272]},"properties":{"name":null}},{"type":"Feature","geometry":{"type":"Point","coordinates":[-2.8475392112875,51.42877873245104]},"properties":{"name":null}},{"type":"Feature","geometry":{"type":"Point","coordinates":[-2.776711994947009,51.48563002407924]},"properties":{"name":null}},{"type":"Feature","geometry":{"type":"Point","coordinates":[-2.564205171238449,51.350952470533294]},"properties":{"name":null}},{"type":"Feature","geometry":{"type":"Point","coordinates":[-2.909197476920695,51.35740572292774]},"properties":{"name":null}},{"type":"Feature","geometry":{"type":"Point","coordinates":[-2.726852584591106,51.39227281359023]},"properties":{"name":null}},{"type":"Feature","geometry":{"type":"Point","coordinates":[-2.499513843196519,51.304523239725725]},"properties":{"name":null}},{"type":"Feature","geometry":{"type":"Point","coordinates":[-2.510294289854784,51.62138293679303]},"properties":{"name":null}},{"type":"Feature","geometry":{"type":"Point","coordinates":[-2.954754895094879,51.35813972147006]},"properties":{"name":null}},{"type":"Feature","geometry":{"type":"Point","coordinates":[-2.513497837035462,51.4520466943526]},"properties":{"name":null}},{"type":"Feature","geometry":{"type":"Point","coordinates":[-2.623942871197098,51.4639555830469]},"properties":{"name":null}},{"type":"Feature","geometry":{"type":"Point","coordinates":[-2.619364147234223,51.52343243342967]},"properties":{"name":null}},{"type":"Feature","geometry":{"type":"Point","coordinates":[-2.541184616643848,51.41295190867346]},"properties":{"name":null}},{"type":"Feature","geometry":{"type":"Point","coordinates":[-2.566930465121262,51.48550149762361]},"properties":{"name":null}},{"type":"Feature","geometry":{"type":"Point","coordinates":[-2.942014594007972,51.30761730984013]},"properties":{"name":null}},{"type":"Feature","geometry":{"type":"Point","coordinates":[-2.851982218315861,51.43564327816907]},"properties":{"name":null}},{"type":"Feature","geometry":{"type":"Point","coordinates":[-2.971368567318061,51.33964108740682]},"properties":{"name":null}},{"type":"Feature","geometry":{"type":"Point","coordinates":[-2.548106332769545,51.447007705971416]},"properties":{"name":null}},{"type":"Feature","geometry":{"type":"Point","coordinates":[-2.326757389614464,51.462382070505456]},"properties":{"name":null}},{"type":"Feature","geometry":{"type":"Point","coordinates":[-2.634182504970496,51.43006427171881]},"properties":{"name":null}},{"type":"Feature","geometry":{"type":"Point","coordinates":[-2.633282853966187,51.56128505418922]},"properties":{"name":null}},{"type":"Feature","geometry":{"type":"Point","coordinates":[-2.517615129309317,51.60717105906881]},"properties":{"name":null}},{"type":"Feature","geometry":{"type":"Point","coordinates":[-2.476147219584036,51.49024794585661]},"properties":{"name":null}},{"type":"Feature","geometry":{"type":"Point","coordinates":[-2.352574257759586,51.52875558046952]},"properties":{"name":null}},{"type":"Feature","geometry":{"type":"Point","coordinates":[-2.325095017633517,51.37825087153592]},"properties":{"name":null}},{"type":"Feature","geometry":{"type":"Point","coordinates":[-2.494548635590518,51.62000268781659]},"properties":{"name":null}},{"type":"Feature","geometry":{"type":"Point","coordinates":[-2.951396969705316,51.31455520765817]},"properties":{"name":null}},{"type":"Feature","geometry":{"type":"Point","coordinates":[-2.624398080014,51.46355751042634]},"properties":{"name":null}},{"type":"Feature","geometry":{"type":"Point","coordinates":[-2.597563169356807,51.50859257072669]},"properties":{"name":null}},{"type":"Feature","geometry":{"type":"Point","coordinates":[-2.612674684559742,51.434054756645416]},"properties":{"name":null}},{"type":"Feature","geometry":{"type":"Point","coordinates":[-2.482734810851177,51.4320807215848]},"properties":{"name":null}},{"type":"Feature","geometry":{"type":"Point","coordinates":[-2.397538326525543,51.41956940274235]},"properties":{"name":null}},{"type":"Feature","geometry":{"type":"Point","coordinates":[-2.579934615389393,51.45363436294943]},"properties":{"name":null}},{"type":"Feature","geometry":{"type":"Point","coordinates":[-2.577968592791259,51.43468972634773]},"properties":{"name":null}},{"type":"Feature","geometry":{"type":"Point","coordinates":[-2.338563463377877,51.390675276923986]},"properties":{"name":null}},{"type":"Feature","geometry":{"type":"Point","coordinates":[-2.474225897178489,51.27844430091855]},"properties":{"name":null}},{"type":"Feature","geometry":{"type":"Point","coordinates":[-2.510795390220835,51.46517741388632]},"properties":{"name":null}},{"type":"Feature","geometry":{"type":"Point","coordinates":[-2.559576086564999,51.413009641481324]},"properties":{"name":null}},{"type":"Feature","geometry":{"type":"Point","coordinates":[-2.807073440112775,51.374681110728915]},"properties":{"name":null}},{"type":"Feature","geometry":{"type":"Point","coordinates":[-2.770176070075976,51.44217076138339]},"properties":{"name":null}},{"type":"Feature","geometry":{"type":"Point","coordinates":[-2.583536176235241,51.48775781681865]},"properties":{"name":null}},{"type":"Feature","geometry":{"type":"Point","coordinates":[-2.601822830238242,51.33083014498849]},"properties":{"name":null}},{"type":"Feature","geometry":{"type":"Point","coordinates":[-2.513530474654011,51.627824805326355]},"properties":{"name":null}},{"type":"Feature","geometry":{"type":"Point","coordinates":[-2.665649697097259,51.56101521360754]},"properties":{"name":null}},{"type":"Feature","geometry":{"type":"Point","coordinates":[-2.934963552911642,51.356015706101395]},"properties":{"name":null}},{"type":"Feature","geometry":{"type":"Point","coordinates":[-2.506487774193583,51.490885212827024]},"properties":{"name":null}},{"type":"Feature","geometry":{"type":"Point","coordinates":[-2.591661336226179,51.46789082556476]},"properties":{"name":null}},{"type":"Feature","geometry":{"type":"Point","coordinates":[-2.621380908182225,51.36542762129199]},"properties":{"name":null}},{"type":"Feature","geometry":{"type":"Point","coordinates":[-2.90369498217001,51.36460600502676]},"properties":{"name":null}},{"type":"Feature","geometry":{"type":"Point","coordinates":[-2.520595493073202,51.50282741969221]},"properties":{"name":null}},{"type":"Feature","geometry":{"type":"Point","coordinates":[-2.867105125648754,51.328563612201904]},"properties":{"name":null}},{"type":"Feature","geometry":{"type":"Point","coordinates":[-2.42737016831949,51.350838954700734]},"properties":{"name":null}},{"type":"Feature","geometry":{"type":"Point","coordinates":[-2.397291323678409,51.39114706952383]},"properties":{"name":null}},{"type":"Feature","geometry":{"type":"Point","coordinates":[-2.962170599894832,51.36385203413974]},"properties":{"name":null}},{"type":"Feature","geometry":{"type":"Point","coordinates":[-2.595801664649243,51.52705238609325]},"properties":{"name":null}},{"type":"Feature","geometry":{"type":"Point","coordinates":[-2.574682621567276,51.42741361065154]},"properties":{"name":null}},{"type":"Feature","geometry":{"type":"Point","coordinates":[-2.567543794105748,51.47344103302261]},"properties":{"name":null}},{"type":"Feature","geometry":{"type":"Point","coordinates":[-2.592800116202196,51.45912690991656]},"properties":{"name":null}},{"type":"Feature","geometry":{"type":"Point","coordinates":[-2.499363334431878,51.45705313035943]},"properties":{"name":null}},{"type":"Feature","geometry":{"type":"Point","coordinates":[-2.548412662924278,51.51808539072099]},"properties":{"name":null}},{"type":"Feature","geometry":{"type":"Point","coordinates":[-2.359115376549885,51.37783674894384]},"properties":{"name":null}},{"type":"Feature","geometry":{"type":"Point","coordinates":[-2.61944310044611,51.4962954679376]},"properties":{"name":null}},{"type":"Feature","geometry":{"type":"Point","coordinates":[-2.62050420618314,51.41317043146393]},"properties":{"name":null}},{"type":"Feature","geometry":{"type":"Point","coordinates":[-2.409728819745849,51.5396474720554]},"properties":{"name":null}},{"type":"Feature","geometry":{"type":"Point","coordinates":[-2.398895315153956,51.58524550270832]},"properties":{"name":null}},{"type":"Feature","geometry":{"type":"Point","coordinates":[-2.905041789114449,51.361520313867686]},"properties":{"name":null}},{"type":"Feature","geometry":{"type":"Point","coordinates":[-2.862014233568695,51.43283636935976]},"properties":{"name":null}},{"type":"Feature","geometry":{"type":"Point","coordinates":[-2.429527126143276,51.28809386027822]},"properties":{"name":null}},{"type":"Feature","geometry":{"type":"Point","coordinates":[-2.602383001026626,51.480685108491045]},"properties":{"name":null}},{"type":"Feature","geometry":{"type":"Point","coordinates":[-2.433294993523866,51.52806242096401]},"properties":{"name":null}},{"type":"Feature","geometry":{"type":"Point","coordinates":[-2.682323040056111,51.49053327041885]},"properties":{"name":null}},{"type":"Feature","geometry":{"type":"Point","coordinates":[-2.581238257393787,51.496203304820746]},"properties":{"name":null}},{"type":"Feature","geometry":{"type":"Point","coordinates":[-2.552809897693375,51.37773961569844]},"properties":{"name":null}},{"type":"Feature","geometry":{"type":"Point","coordinates":[-2.509700377015409,51.32021530881566]},"properties":{"name":null}},{"type":"Feature","geometry":{"type":"Point","coordinates":[-2.543328773657597,51.320747883452334]},"properties":{"name":null}},{"type":"Feature","geometry":{"type":"Point","coordinates":[-2.524381843392921,51.605405631414456]},"properties":{"name":null}},{"type":"Feature","geometry":{"type":"Point","coordinates":[-2.582332222197169,51.50629544712956]},"properties":{"name":null}},{"type":"Feature","geometry":{"type":"Point","coordinates":[-2.505161209404511,51.47637847686434]},"properties":{"name":null}},{"type":"Feature","geometry":{"type":"Point","coordinates":[-2.570414740031649,51.42430527358739]},"properties":{"name":null}},{"type":"Feature","geometry":{"type":"Point","coordinates":[-2.957327754703666,51.320999109108314]},"properties":{"name":null}},{"type":"Feature","geometry":{"type":"Point","coordinates":[-2.598136410566053,51.461033027513224]},"properties":{"name":null}},{"type":"Feature","geometry":{"type":"Point","coordinates":[-2.738344423276891,51.45081886078036]},"properties":{"name":null}},{"type":"Feature","geometry":{"type":"Point","coordinates":[-2.934655774557289,51.354300743051574]},"properties":{"name":null}},{"type":"Feature","geometry":{"type":"Point","coordinates":[-2.37364589134416,51.374850897337204]},"properties":{"name":null}},{"type":"Feature","geometry":{"type":"Point","coordinates":[-2.678322610112268,51.50336034856355]},"properties":{"name":null}},{"type":"Feature","geometry":{"type":"Point","coordinates":[-2.437129287521199,51.616768814341306]},"properties":{"name":null}},{"type":"Feature","geometry":{"type":"Point","coordinates":[-2.351345622072313,51.3782739709891]},"properties":{"name":null}},{"type":"Feature","geometry":{"type":"Point","coordinates":[-2.637915879646398,51.57792176208471]},"properties":{"name":null}},{"type":"Feature","geometry":{"type":"Point","coordinates":[-2.495732327889005,51.535080425272156]},"properties":{"name":null}},{"type":"Feature","geometry":{"type":"Point","coordinates":[-2.319769723225007,51.580929046475134]},"properties":{"name":null}},{"type":"Feature","geometry":{"type":"Point","coordinates":[-2.615299474804858,51.50311489615777]},"properties":{"name":null}},{"type":"Feature","geometry":{"type":"Point","coordinates":[-2.642442388674459,51.453856622832326]},"properties":{"name":null}},{"type":"Feature","geometry":{"type":"Point","coordinates":[-2.590201988060964,51.46525458303432]},"properties":{"name":null}},{"type":"Feature","geometry":{"type":"Point","coordinates":[-2.551617171216119,51.51135351116532]},"properties":{"name":null}},{"type":"Feature","geometry":{"type":"Point","coordinates":[-2.344532138901162,51.36257657849673]},"properties":{"name":null}},{"type":"Feature","geometry":{"type":"Point","coordinates":[-2.498965181138091,51.41667288010924]},"properties":{"name":null}},{"type":"Feature","geometry":{"type":"Point","coordinates":[-2.975354813575987,51.346855694071024]},"properties":{"name":null}},{"type":"Feature","geometry":{"type":"Point","coordinates":[-2.943270229537491,51.35419552220317]},"properties":{"name":null}},{"type":"Feature","geometry":{"type":"Point","coordinates":[-2.96949016627711,51.3179496678076]},"properties":{"name":null}},{"type":"Feature","geometry":{"type":"Point","coordinates":[-2.94232633267484,51.34527417557572]},"properties":{"name":null}},{"type":"Feature","geometry":{"type":"Point","coordinates":[-2.661681207194614,51.558915709445564]},"properties":{"name":null}},{"type":"Feature","geometry":{"type":"Point","coordinates":[-2.487994324011122,51.496349584220994]},"properties":{"name":null}},{"type":"Feature","geometry":{"type":"Point","coordinates":[-2.862134953360333,51.42473380503794]},"properties":{"name":null}},{"type":"Feature","geometry":{"type":"Point","coordinates":[-2.546827922438978,51.48571381918157]},"properties":{"name":null}},{"type":"Feature","geometry":{"type":"Point","coordinates":[-2.566664153146794,51.54057647003]},"properties":{"name":null}},{"type":"Feature","geometry":{"type":"Point","coordinates":[-2.614310964552787,51.50997164752198]},"properties":{"name":null}},{"type":"Feature","geometry":{"type":"Point","coordinates":[-2.373137798921645,51.36539323042308]},"properties":{"name":null}},{"type":"Feature","geometry":{"type":"Point","coordinates":[-2.344912201832627,51.39782315409593]},"properties":{"name":null}},{"type":"Feature","geometry":{"type":"Point","coordinates":[-2.523134173308189,51.29639016455409]},"properties":{"name":null}},{"type":"Feature","geometry":{"type":"Point","coordinates":[-2.679458815654611,51.527379047044235]},"properties":{"name":null}},{"type":"Feature","geometry":{"type":"Point","coordinates":[-2.437490595458761,51.56270068172705]},"properties":{"name":null}},{"type":"Feature","geometry":{"type":"Point","coordinates":[-2.648199702120145,51.43463622335382]},"properties":{"name":null}},{"type":"Feature","geometry":{"type":"Point","coordinates":[-2.559750267944221,51.413143690949354]},"properties":{"name":null}},{"type":"Feature","geometry":{"type":"Point","coordinates":[-2.349814228516016,51.37529328888132]},"properties":{"name":null}},{"type":"Feature","geometry":{"type":"Point","coordinates":[-2.804506321655288,51.47815938510981]},"properties":{"name":null}},{"type":"Feature","geometry":{"type":"Point","coordinates":[-2.467741102416682,51.54988770157965]},"properties":{"name":null}},{"type":"Feature","geometry":{"type":"Point","coordinates":[-2.356978585129423,51.37835581938034]},"properties":{"name":null}},{"type":"Feature","geometry":{"type":"Point","coordinates":[-2.853818192235768,51.434577864408084]},"properties":{"name":null}},{"type":"Feature","geometry":{"type":"Point","coordinates":[-2.754594607983272,51.424756178520276]},"properties":{"name":null}},{"type":"Feature","geometry":{"type":"Point","coordinates":[-2.349876850154083,51.360906240616174]},"properties":{"name":null}},{"type":"Feature","geometry":{"type":"Point","coordinates":[-2.539253192445568,51.51258003730175]},"properties":{"name":null}},{"type":"Feature","geometry":{"type":"Point","coordinates":[-2.79038016274413,51.46651199685212]},"properties":{"name":null}},{"type":"Feature","geometry":{"type":"Point","coordinates":[-2.576758281741682,51.44138529810754]},"properties":{"name":null}},{"type":"Feature","geometry":{"type":"Point","coordinates":[-2.32871338575506,51.39194421876641]},"properties":{"name":null}},{"type":"Feature","geometry":{"type":"Point","coordinates":[-2.542168960541824,51.32828858813407]},"properties":{"name":null}},{"type":"Feature","geometry":{"type":"Point","coordinates":[-2.868912554206871,51.37258454779086]},"properties":{"name":null}},{"type":"Feature","geometry":{"type":"Point","coordinates":[-2.604363148834987,51.48123238517306]},"properties":{"name":null}},{"type":"Feature","geometry":{"type":"Point","coordinates":[-2.530409713717094,51.59232264509878]},"properties":{"name":null}},{"type":"Feature","geometry":{"type":"Point","coordinates":[-2.441078246962782,51.51450987079277]},"properties":{"name":null}},{"type":"Feature","geometry":{"type":"Point","coordinates":[-2.414678333342958,51.54165320958688]},"properties":{"name":null}},{"type":"Feature","geometry":{"type":"Point","coordinates":[-2.350324704500321,51.39696184965095]},"properties":{"name":null}},{"type":"Feature","geometry":{"type":"Point","coordinates":[-2.558590640993923,51.46186665283868]},"properties":{"name":null}},{"type":"Feature","geometry":{"type":"Point","coordinates":[-2.504686210090244,51.60805460614483]},"properties":{"name":null}},{"type":"Feature","geometry":{"type":"Point","coordinates":[-2.50485280893507,51.486297537703905]},"properties":{"name":null}},{"type":"Feature","geometry":{"type":"Point","coordinates":[-2.586638609191141,51.469147963714406]},"properties":{"name":null}},{"type":"Feature","geometry":{"type":"Point","coordinates":[-2.621152881217486,51.51613078487029]},"properties":{"name":null}},{"type":"Feature","geometry":{"type":"Point","coordinates":[-2.542683750808466,51.45330909805127]},"properties":{"name":null}},{"type":"Feature","geometry":{"type":"Point","coordinates":[-2.564720642419833,51.469857982151716]},"properties":{"name":null}},{"type":"Feature","geometry":{"type":"Point","coordinates":[-2.576334985392374,51.58012899783294]},"properties":{"name":null}},{"type":"Feature","geometry":{"type":"Point","coordinates":[-2.632484815235435,51.552648209665854]},"properties":{"name":null}},{"type":"Feature","geometry":{"type":"Point","coordinates":[-2.490207003831516,51.434009975177034]},"properties":{"name":null}},{"type":"Feature","geometry":{"type":"Point","coordinates":[-2.53315474484898,51.43831860354711]},"properties":{"name":null}},{"type":"Feature","geometry":{"type":"Point","coordinates":[-2.581154251510462,51.53368969895448]},"properties":{"name":null}},{"type":"Feature","geometry":{"type":"Point","coordinates":[-2.532722606207953,51.479034953765314]},"properties":{"name":null}},{"type":"Feature","geometry":{"type":"Point","coordinates":[-2.394557352556248,51.382389230914896]},"properties":{"name":null}},{"type":"Feature","geometry":{"type":"Point","coordinates":[-2.50486694911381,51.353218899940366]},"properties":{"name":null}},{"type":"Feature","geometry":{"type":"Point","coordinates":[-2.511700909046294,51.602602264400744]},"properties":{"name":null}},{"type":"Feature","geometry":{"type":"Point","coordinates":[-2.942883742853045,51.35565533145423]},"properties":{"name":null}},{"type":"Feature","geometry":{"type":"Point","coordinates":[-2.745197033992188,51.43325963340798]},"properties":{"name":null}},{"type":"Feature","geometry":{"type":"Point","coordinates":[-2.757208469323063,51.48979478763331]},"properties":{"name":null}},{"type":"Feature","geometry":{"type":"Point","coordinates":[-2.488454482100795,51.43693058723724]},"properties":{"name":null}},{"type":"Feature","geometry":{"type":"Point","coordinates":[-2.978231808739736,51.35384562631924]},"properties":{"name":null}},{"type":"Feature","geometry":{"type":"Point","coordinates":[-2.546585608035012,51.43172880048506]},"properties":{"name":null}},{"type":"Feature","geometry":{"type":"Point","coordinates":[-2.765155498160148,51.487854978585084]},"properties":{"name":null}},{"type":"Feature","geometry":{"type":"Point","coordinates":[-2.562459814758563,51.454573829030195]},"properties":{"name":null}},{"type":"Feature","geometry":{"type":"Point","coordinates":[-2.513649594926414,51.619183335605605]},"properties":{"name":null}},{"type":"Feature","geometry":{"type":"Point","coordinates":[-2.976233124111265,51.35372740606681]},"properties":{"name":null}},{"type":"Feature","geometry":{"type":"Point","coordinates":[-2.775662060357824,51.47129497024732]},"properties":{"name":null}},{"type":"Feature","geometry":{"type":"Point","coordinates":[-2.921447012654795,51.350179342142994]},"properties":{"name":null}},{"type":"Feature","geometry":{"type":"Point","coordinates":[-2.426154648674125,51.31104492102906]},"properties":{"name":null}},{"type":"Feature","geometry":{"type":"Point","coordinates":[-2.356264957926416,51.393751832754624]},"properties":{"name":null}},{"type":"Feature","geometry":{"type":"Point","coordinates":[-2.405785483285616,51.55344533753394]},"properties":{"name":null}},{"type":"Feature","geometry":{"type":"Point","coordinates":[-2.768254891732988,51.427985442543594]},"properties":{"name":null}},{"type":"Feature","geometry":{"type":"Point","coordinates":[-2.344770161879838,51.556706724777925]},"properties":{"name":null}},{"type":"Feature","geometry":{"type":"Point","coordinates":[-2.560775902651241,51.54602686628749]},"properties":{"name":null}},{"type":"Feature","geometry":{"type":"Point","coordinates":[-2.468906341994019,51.50188540772843]},"properties":{"name":null}},{"type":"Feature","geometry":{"type":"Point","coordinates":[-2.903785209459612,51.36699718693824]},"properties":{"name":null}},{"type":"Feature","geometry":{"type":"Point","coordinates":[-2.678123696096045,51.318048630761616]},"properties":{"name":null}},{"type":"Feature","geometry":{"type":"Point","coordinates":[-2.573962453988262,51.42506130004412]},"properties":{"name":null}},{"type":"Feature","geometry":{"type":"Point","coordinates":[-2.946402781159815,51.32288631194118]},"properties":{"name":null}},{"type":"Feature","geometry":{"type":"Point","coordinates":[-2.485322627745873,51.452220508383036]},"properties":{"name":null}},{"type":"Feature","geometry":{"type":"Point","coordinates":[-2.481940652662763,51.341571927356505]},"properties":{"name":null}},{"type":"Feature","geometry":{"type":"Point","coordinates":[-2.911066374533529,51.364728627575914]},"properties":{"name":null}},{"type":"Feature","geometry":{"type":"Point","coordinates":[-2.49061680177474,51.41192441579909]},"properties":{"name":null}},{"type":"Feature","geometry":{"type":"Point","coordinates":[-2.950897100586989,51.3320308309248]},"properties":{"name":null}},{"type":"Feature","geometry":{"type":"Point","coordinates":[-2.368932121580207,51.36755562284052]},"properties":{"name":null}},{"type":"Feature","geometry":{"type":"Point","coordinates":[-2.324265987544939,51.39511274003219]},"properties":{"name":null}},{"type":"Feature","geometry":{"type":"Point","coordinates":[-2.481665834153782,51.43029576366752]},"properties":{"name":null}},{"type":"Feature","geometry":{"type":"Point","coordinates":[-2.562299486525124,51.42285170682992]},"properties":{"name":null}},{"type":"Feature","geometry":{"type":"Point","coordinates":[-2.907701714171182,51.36020484821671]},"properties":{"name":null}},{"type":"Feature","geometry":{"type":"Point","coordinates":[-2.82678606005847,51.39230299605472]},"properties":{"name":null}},{"type":"Feature","geometry":{"type":"Point","coordinates":[-2.868532112140734,51.4291105593898]},"properties":{"name":null}},{"type":"Feature","geometry":{"type":"Point","coordinates":[-2.939519085193012,51.36036721561288]},"properties":{"name":null}},{"type":"Feature","geometry":{"type":"Point","coordinates":[-2.56256832120623,51.53467964831454]},"properties":{"name":null}},{"type":"Feature","geometry":{"type":"Point","coordinates":[-2.550939528901394,51.451661192728345]},"properties":{"name":null}},{"type":"Feature","geometry":{"type":"Point","coordinates":[-2.364404251772033,51.39066055943382]},"properties":{"name":null}},{"type":"Feature","geometry":{"type":"Point","coordinates":[-2.49220375555382,51.29036493915023]},"properties":{"name":null}},{"type":"Feature","geometry":{"type":"Point","coordinates":[-2.398379777036223,51.58736028983588]},"properties":{"name":null}},{"type":"Feature","geometry":{"type":"Point","coordinates":[-2.606583563215994,51.45651153969623]},"properties":{"name":null}},{"type":"Feature","geometry":{"type":"Point","coordinates":[-2.907455628320467,51.37026881994233]},"properties":{"name":null}},{"type":"Feature","geometry":{"type":"Point","coordinates":[-2.673171373216716,51.49503700307675]},"properties":{"name":null}},{"type":"Feature","geometry":{"type":"Point","coordinates":[-2.678653985879265,51.473380824305174]},"properties":{"name":null}},{"type":"Feature","geometry":{"type":"Point","coordinates":[-2.390890156818746,51.35004028237726]},"properties":{"name":null}},{"type":"Feature","geometry":{"type":"Point","coordinates":[-2.446504302809211,51.56977914295058]},"properties":{"name":null}},{"type":"Feature","geometry":{"type":"Point","coordinates":[-2.683272557448096,51.495257226808995]},"properties":{"name":null}},{"type":"Feature","geometry":{"type":"Point","coordinates":[-2.369605227446999,51.37442317995048]},"properties":{"name":null}},{"type":"Feature","geometry":{"type":"Point","coordinates":[-2.485299813547397,51.48405119939747]},"properties":{"name":null}},{"type":"Feature","geometry":{"type":"Point","coordinates":[-2.504743734427339,51.60542879873051]},"properties":{"name":null}},{"type":"Feature","geometry":{"type":"Point","coordinates":[-2.56747070326363,51.43388672325972]},"properties":{"name":null}},{"type":"Feature","geometry":{"type":"Point","coordinates":[-2.920849252309566,51.35116416148324]},"properties":{"name":null}},{"type":"Feature","geometry":{"type":"Point","coordinates":[-2.686227300935498,51.44075021428802]},"properties":{"name":null}},{"type":"Feature","geometry":{"type":"Point","coordinates":[-2.508033089842818,51.30304781478178]},"properties":{"name":null}},{"type":"Feature","geometry":{"type":"Point","coordinates":[-2.485754864162444,51.494371704512496]},"properties":{"name":null}},{"type":"Feature","geometry":{"type":"Point","coordinates":[-2.350826676489469,51.35927588309939]},"properties":{"name":null}},{"type":"Feature","geometry":{"type":"Point","coordinates":[-2.464968028913439,51.51838295447086]},"properties":{"name":null}},{"type":"Feature","geometry":{"type":"Point","coordinates":[-2.539278161216969,51.46108461001662]},"properties":{"name":null}},{"type":"Feature","geometry":{"type":"Point","coordinates":[-2.581505449201194,51.45607237383543]},"properties":{"name":null}},{"type":"Feature","geometry":{"type":"Point","coordinates":[-2.509899897460289,51.44684722173013]},"properties":{"name":null}},{"type":"Feature","geometry":{"type":"Point","coordinates":[-2.54809269457371,51.447070711976664]},"properties":{"name":null}},{"type":"Feature","geometry":{"type":"Point","coordinates":[-2.570471555458596,51.55214839913109]},"properties":{"name":null}},{"type":"Feature","geometry":{"type":"Point","coordinates":[-2.541926121096721,51.44765679451224]},"properties":{"name":null}},{"type":"Feature","geometry":{"type":"Point","coordinates":[-2.547315737427268,51.54440008271101]},"properties":{"name":null}},{"type":"Feature","geometry":{"type":"Point","coordinates":[-2.698578703676818,51.35152242225005]},"properties":{"name":null}},{"type":"Feature","geometry":{"type":"Point","coordinates":[-2.44113453930661,51.38605366674001]},"properties":{"name":null}},{"type":"Feature","geometry":{"type":"Point","coordinates":[-2.475699925314095,51.484621007238744]},"properties":{"name":null}},{"type":"Feature","geometry":{"type":"Point","coordinates":[-2.613942303394583,51.42665705536938]},"properties":{"name":null}},{"type":"Feature","geometry":{"type":"Point","coordinates":[-2.960020116069356,51.32211006841631]},"properties":{"name":null}},{"type":"Feature","geometry":{"type":"Point","coordinates":[-2.407095093679808,51.43496645832832]},"properties":{"name":null}},{"type":"Feature","geometry":{"type":"Point","coordinates":[-2.607234787160353,51.50013576171662]},"properties":{"name":null}},{"type":"Feature","geometry":{"type":"Point","coordinates":[-2.322337958299517,51.405053993613116]},"properties":{"name":null}},{"type":"Feature","geometry":{"type":"Point","coordinates":[-2.592773098385754,51.45370489144432]},"properties":{"name":null}},{"type":"Feature","geometry":{"type":"Point","coordinates":[-2.387086655663361,51.38084058896373]},"properties":{"name":null}},{"type":"Feature","geometry":{"type":"Point","coordinates":[-2.40674709192711,51.62720931964651]},"properties":{"name":null}},{"type":"Feature","geometry":{"type":"Point","coordinates":[-2.393846424125592,51.53882967611515]},"properties":{"name":null}},{"type":"Feature","geometry":{"type":"Point","coordinates":[-2.519928285958171,51.622572507137875]},"properties":{"name":null}},{"type":"Feature","geometry":{"type":"Point","coordinates":[-2.492029065538177,51.29012289603173]},"properties":{"name":null}},{"type":"Feature","geometry":{"type":"Point","coordinates":[-2.592035866452843,51.49681466398209]},"properties":{"name":null}},{"type":"Feature","geometry":{"type":"Point","coordinates":[-2.513210300520806,51.44307428172475]},"properties":{"name":null}},{"type":"Feature","geometry":{"type":"Point","coordinates":[-2.375451702043643,51.381319140340956]},"properties":{"name":null}},{"type":"Feature","geometry":{"type":"Point","coordinates":[-2.669849906707949,51.49643175000593]},"properties":{"name":null}},{"type":"Feature","geometry":{"type":"Point","coordinates":[-2.572938218540902,51.46154573794935]},"properties":{"name":null}},{"type":"Feature","geometry":{"type":"Point","coordinates":[-2.346790986562344,51.39536285222365]},"properties":{"name":null}},{"type":"Feature","geometry":{"type":"Point","coordinates":[-2.67409142567842,51.42564220191811]},"properties":{"name":null}},{"type":"Feature","geometry":{"type":"Point","coordinates":[-2.92555770394893,51.325373038400265]},"properties":{"name":null}},{"type":"Feature","geometry":{"type":"Point","coordinates":[-2.32469059400829,51.3759231252162]},"properties":{"name":null}},{"type":"Feature","geometry":{"type":"Point","coordinates":[-2.41309809953842,51.34139479438837]},"properties":{"name":null}},{"type":"Feature","geometry":{"type":"Point","coordinates":[-2.596937370125014,51.45408835447248]},"properties":{"name":null}},{"type":"Feature","geometry":{"type":"Point","coordinates":[-2.880449241740227,51.32985783290002]},"properties":{"name":null}},{"type":"Feature","geometry":{"type":"Point","coordinates":[-2.956356237808343,51.35158939843792]},"properties":{"name":null}},{"type":"Feature","geometry":{"type":"Point","coordinates":[-2.389732468173528,51.38276505746797]},"properties":{"name":null}},{"type":"Feature","geometry":{"type":"Point","coordinates":[-2.393393223495392,51.38068469501294]},"properties":{"name":null}},{"type":"Feature","geometry":{"type":"Point","coordinates":[-2.445224002632813,51.49479336304649]},"properties":{"name":null}},{"type":"Feature","geometry":{"type":"Point","coordinates":[-2.591732485496465,51.42884851512232]},"properties":{"name":null}},{"type":"Feature","geometry":{"type":"Point","coordinates":[-2.571740842974579,51.51078952678808]},"properties":{"name":null}},{"type":"Feature","geometry":{"type":"Point","coordinates":[-2.527091771653709,51.6024981791615]},"properties":{"name":null}},{"type":"Feature","geometry":{"type":"Point","coordinates":[-2.980809589534501,51.342745738700565]},"properties":{"name":null}},{"type":"Feature","geometry":{"type":"Point","coordinates":[-2.592053883472757,51.43363042837439]},"properties":{"name":null}},{"type":"Feature","geometry":{"type":"Point","coordinates":[-2.487586466963281,51.45939556428155]},"properties":{"name":null}},{"type":"Feature","geometry":{"type":"Point","coordinates":[-2.525826591739601,51.426599421113174]},"properties":{"name":null}},{"type":"Feature","geometry":{"type":"Point","coordinates":[-2.517923123842636,51.6126635989189]},"properties":{"name":null}},{"type":"Feature","geometry":{"type":"Point","coordinates":[-2.377703965674512,51.37563808579714]},"properties":{"name":null}},{"type":"Feature","geometry":{"type":"Point","coordinates":[-2.300873126640778,51.400588403136325]},"properties":{"name":null}},{"type":"Feature","geometry":{"type":"Point","coordinates":[-2.575916358186078,51.578980116394284]},"properties":{"name":null}},{"type":"Feature","geometry":{"type":"Point","coordinates":[-2.988794819860785,51.355537458074934]},"properties":{"name":null}},{"type":"Feature","geometry":{"type":"Point","coordinates":[-2.381805041148103,51.390227437799865]},"properties":{"name":null}},{"type":"Feature","geometry":{"type":"Point","coordinates":[-2.382102945766823,51.38457059105377]},"properties":{"name":null}},{"type":"Feature","geometry":{"type":"Point","coordinates":[-2.612789365659536,51.48242946835235]},"properties":{"name":null}},{"type":"Feature","geometry":{"type":"Point","coordinates":[-2.463063859910652,51.531014860884135]},"properties":{"name":null}},{"type":"Feature","geometry":{"type":"Point","coordinates":[-2.62424362212752,51.42371600170169]},"properties":{"name":null}},{"type":"Feature","geometry":{"type":"Point","coordinates":[-2.493033122073918,51.294147069970876]},"properties":{"name":null}},{"type":"Feature","geometry":{"type":"Point","coordinates":[-2.602727030274724,51.492597113040766]},"properties":{"name":null}},{"type":"Feature","geometry":{"type":"Point","coordinates":[-2.743857266256505,51.441126894883446]},"properties":{"name":null}},{"type":"Feature","geometry":{"type":"Point","coordinates":[-2.512690832596026,51.42113658290233]},"properties":{"name":null}},{"type":"Feature","geometry":{"type":"Point","coordinates":[-2.300668400861143,51.40005841421604]},"properties":{"name":null}},{"type":"Feature","geometry":{"type":"Point","coordinates":[-2.36406222916302,51.39283763286227]},"properties":{"name":null}},{"type":"Feature","geometry":{"type":"Point","coordinates":[-2.630658899276941,51.351746171633096]},"properties":{"name":null}},{"type":"Feature","geometry":{"type":"Point","coordinates":[-2.783697959326582,51.46721322167285]},"properties":{"name":null}},{"type":"Feature","geometry":{"type":"Point","coordinates":[-2.406838011746949,51.53076475484864]},"properties":{"name":null}},{"type":"Feature","geometry":{"type":"Point","coordinates":[-2.61825697304546,51.53948825884202]},"properties":{"name":null}},{"type":"Feature","geometry":{"type":"Point","coordinates":[-2.968911988861271,51.34024589878981]},"properties":{"name":null}},{"type":"Feature","geometry":{"type":"Point","coordinates":[-2.904219472012003,51.36862138393653]},"properties":{"name":null}},{"type":"Feature","geometry":{"type":"Point","coordinates":[-2.591844003218633,51.45754017272276]},"properties":{"name":null}},{"type":"Feature","geometry":{"type":"Point","coordinates":[-2.476692759131893,51.48315134625447]},"properties":{"name":null}},{"type":"Feature","geometry":{"type":"Point","coordinates":[-2.426302396444258,51.46610829876325]},"properties":{"name":null}},{"type":"Feature","geometry":{"type":"Point","coordinates":[-2.382631841916777,51.36187374851611]},"properties":{"name":null}},{"type":"Feature","geometry":{"type":"Point","coordinates":[-2.487101357450626,51.28794958309677]},"properties":{"name":null}},{"type":"Feature","geometry":{"type":"Point","coordinates":[-2.773410386732949,51.44284183497923]},"properties":{"name":null}},{"type":"Feature","geometry":{"type":"Point","coordinates":[-2.76494953810005,51.4901762129794]},"properties":{"name":null}},{"type":"Feature","geometry":{"type":"Point","coordinates":[-2.379508648637989,51.47913638155793]},"properties":{"name":null}},{"type":"Feature","geometry":{"type":"Point","coordinates":[-2.628199697242107,51.44378191580498]},"properties":{"name":null}},{"type":"Feature","geometry":{"type":"Point","coordinates":[-2.662382327338507,51.564477678616775]},"properties":{"name":null}},{"type":"Feature","geometry":{"type":"Point","coordinates":[-2.637583848582771,51.56349167314192]},"properties":{"name":null}},{"type":"Feature","geometry":{"type":"Point","coordinates":[-2.48424143653759,51.48338120189359]},"properties":{"name":null}},{"type":"Feature","geometry":{"type":"Point","coordinates":[-2.638433802820847,51.48522390425134]},"properties":{"name":null}},{"type":"Feature","geometry":{"type":"Point","coordinates":[-2.688347573164926,51.38649868206739]},"properties":{"name":null}},{"type":"Feature","geometry":{"type":"Point","coordinates":[-2.3332709025767,51.39214713371279]},"properties":{"name":null}},{"type":"Feature","geometry":{"type":"Point","coordinates":[-2.342422818583722,51.52837207880718]},"properties":{"name":null}},{"type":"Feature","geometry":{"type":"Point","coordinates":[-2.78453821349816,51.48093817588311]},"properties":{"name":null}},{"type":"Feature","geometry":{"type":"Point","coordinates":[-2.508635237532149,51.41855559780742]},"properties":{"name":null}},{"type":"Feature","geometry":{"type":"Point","coordinates":[-2.827917403077524,51.30357022893704]},"properties":{"name":null}},{"type":"Feature","geometry":{"type":"Point","coordinates":[-2.91853938220136,51.354859986020095]},"properties":{"name":null}},{"type":"Feature","geometry":{"type":"Point","coordinates":[-2.491673362503827,51.46602342632823]},"properties":{"name":null}},{"type":"Feature","geometry":{"type":"Point","coordinates":[-2.557184944278792,51.48116031623972]},"properties":{"name":null}},{"type":"Feature","geometry":{"type":"Point","coordinates":[-2.381124172644579,51.375725867378634]},"properties":{"name":null}},{"type":"Feature","geometry":{"type":"Point","coordinates":[-2.975661075324397,51.33828361172325]},"properties":{"name":null}},{"type":"Feature","geometry":{"type":"Point","coordinates":[-2.928105435990057,51.350666246740815]},"properties":{"name":null}},{"type":"Feature","geometry":{"type":"Point","coordinates":[-2.867935175770855,51.43404252900698]},"properties":{"name":null}},{"type":"Feature","geometry":{"type":"Point","coordinates":[-2.980201719958563,51.3209628708351]},"properties":{"name":null}},{"type":"Feature","geometry":{"type":"Point","coordinates":[-2.563006508166922,51.544478568211474]},"properties":{"name":null}},{"type":"Feature","geometry":{"type":"Point","coordinates":[-2.443738906175317,51.51098406599531]},"properties":{"name":null}},{"type":"Feature","geometry":{"type":"Point","coordinates":[-2.619028021422047,51.434749539110335]},"properties":{"name":null}},{"type":"Feature","geometry":{"type":"Point","coordinates":[-2.483167101467084,51.42807761716664]},"properties":{"name":null}},{"type":"Feature","geometry":{"type":"Point","coordinates":[-2.476502396662188,51.45654580864985]},"properties":{"name":null}},{"type":"Feature","geometry":{"type":"Point","coordinates":[-2.523644960119122,51.615407636394195]},"properties":{"name":null}},{"type":"Feature","geometry":{"type":"Point","coordinates":[-2.518691974953915,51.60789462805081]},"properties":{"name":null}},{"type":"Feature","geometry":{"type":"Point","coordinates":[-2.709875161208638,51.38742231621806]},"properties":{"name":null}},{"type":"Feature","geometry":{"type":"Point","coordinates":[-2.968245771236745,51.346105321421135]},"properties":{"name":null}},{"type":"Feature","geometry":{"type":"Point","coordinates":[-2.375660803038249,51.375276025494635]},"properties":{"name":null}},{"type":"Feature","geometry":{"type":"Point","coordinates":[-2.831200218101608,51.395571812599705]},"properties":{"name":null}},{"type":"Feature","geometry":{"type":"Point","coordinates":[-2.363148888903309,51.38640237982749]},"properties":{"name":null}},{"type":"Feature","geometry":{"type":"Point","coordinates":[-2.443506261796602,51.51076914428075]},"properties":{"name":null}},{"type":"Feature","geometry":{"type":"Point","coordinates":[-2.810806365036111,51.380239410993276]},"properties":{"name":null}},{"type":"Feature","geometry":{"type":"Point","coordinates":[-2.927940787141622,51.32682891318261]},"properties":{"name":null}},{"type":"Feature","geometry":{"type":"Point","coordinates":[-2.530402663451981,51.378364584340545]},"properties":{"name":null}},{"type":"Feature","geometry":{"type":"Point","coordinates":[-2.668784268362127,51.5465387254051]},"properties":{"name":null}},{"type":"Feature","geometry":{"type":"Point","coordinates":[-2.576664900102975,51.507051784527576]},"properties":{"name":null}},{"type":"Feature","geometry":{"type":"Point","coordinates":[-2.315971534203381,51.411662346008775]},"properties":{"name":null}},{"type":"Feature","geometry":{"type":"Point","coordinates":[-2.586349234379916,51.45781062317267]},"properties":{"name":null}},{"type":"Feature","geometry":{"type":"Point","coordinates":[-2.64050569521267,51.551732371252456]},"properties":{"name":null}},{"type":"Feature","geometry":{"type":"Point","coordinates":[-2.520043954694838,51.312328860042314]},"properties":{"name":null}},{"type":"Feature","geometry":{"type":"Point","coordinates":[-2.42371672841823,51.53669346707051]},"properties":{"name":null}},{"type":"Feature","geometry":{"type":"Point","coordinates":[-2.709990398579363,51.38743960201886]},"properties":{"name":null}},{"type":"Feature","geometry":{"type":"Point","coordinates":[-2.684648488118357,51.389002123385175]},"properties":{"name":null}},{"type":"Feature","geometry":{"type":"Point","coordinates":[-2.498279764655505,51.461958247919]},"properties":{"name":null}},{"type":"Feature","geometry":{"type":"Point","coordinates":[-2.549564283211668,51.41026937798732]},"properties":{"name":null}},{"type":"Feature","geometry":{"type":"Point","coordinates":[-2.583303602249413,51.45486749504745]},"properties":{"name":null}},{"type":"Feature","geometry":{"type":"Point","coordinates":[-2.463279197589604,51.283379611058066]},"properties":{"name":null}},{"type":"Feature","geometry":{"type":"Point","coordinates":[-2.515445593253616,51.606865900951504]},"properties":{"name":null}},{"type":"Feature","geometry":{"type":"Point","coordinates":[-2.781811647851728,51.4857040676079]},"properties":{"name":null}},{"type":"Feature","geometry":{"type":"Point","coordinates":[-2.546623197533101,51.439686333769366]},"properties":{"name":null}},{"type":"Feature","geometry":{"type":"Point","coordinates":[-2.433753299618035,51.63078122072175]},"properties":{"name":null}},{"type":"Feature","geometry":{"type":"Point","coordinates":[-2.441753779323798,51.481507788014646]},"properties":{"name":null}},{"type":"Feature","geometry":{"type":"Point","coordinates":[-2.518927241689193,51.462534110690825]},"properties":{"name":null}},{"type":"Feature","geometry":{"type":"Point","coordinates":[-2.389034489095064,51.3648648140628]},"properties":{"name":null}},{"type":"Feature","geometry":{"type":"Point","coordinates":[-2.478149227696386,51.28895773731475]},"properties":{"name":null}},{"type":"Feature","geometry":{"type":"Point","coordinates":[-2.500410756501358,51.51468537563335]},"properties":{"name":null}},{"type":"Feature","geometry":{"type":"Point","coordinates":[-2.498988070959739,51.47278126636395]},"properties":{"name":null}},{"type":"Feature","geometry":{"type":"Point","coordinates":[-2.469195465721597,51.44579423123844]},"properties":{"name":null}},{"type":"Feature","geometry":{"type":"Point","coordinates":[-2.439073194259859,51.61166331911096]},"properties":{"name":null}},{"type":"Feature","geometry":{"type":"Point","coordinates":[-2.489771044089316,51.45506142180192]},"properties":{"name":null}},{"type":"Feature","geometry":{"type":"Point","coordinates":[-2.72814193535331,51.440893022527504]},"properties":{"name":null}},{"type":"Feature","geometry":{"type":"Point","coordinates":[-2.57136455719015,51.420901769565134]},"properties":{"name":null}},{"type":"Feature","geometry":{"type":"Point","coordinates":[-2.91466139681977,51.36636406459009]},"properties":{"name":null}},{"type":"Feature","geometry":{"type":"Point","coordinates":[-2.361743180402433,51.38855576577226]},"properties":{"name":null}},{"type":"Feature","geometry":{"type":"Point","coordinates":[-2.428331033658645,51.53367348786724]},"properties":{"name":null}},{"type":"Feature","geometry":{"type":"Point","coordinates":[-2.358984993090527,51.38869914603289]},"properties":{"name":null}},{"type":"Feature","geometry":{"type":"Point","coordinates":[-2.381563231973775,51.36118488028066]},"properties":{"name":null}},{"type":"Feature","geometry":{"type":"Point","coordinates":[-2.613167895365789,51.44949946514947]},"properties":{"name":null}},{"type":"Feature","geometry":{"type":"Point","coordinates":[-2.306100443047725,51.408415651410365]},"properties":{"name":null}},{"type":"Feature","geometry":{"type":"Point","coordinates":[-2.546123389865137,51.33013161527469]},"properties":{"name":null}},{"type":"Feature","geometry":{"type":"Point","coordinates":[-2.574172584594066,51.470441547680394]},"properties":{"name":null}},{"type":"Feature","geometry":{"type":"Point","coordinates":[-2.79746743425357,51.39072565674347]},"properties":{"name":null}},{"type":"Feature","geometry":{"type":"Point","coordinates":[-2.539090885582751,51.490326375118364]},"properties":{"name":null}},{"type":"Feature","geometry":{"type":"Point","coordinates":[-2.591600825679365,51.45542829137571]},"properties":{"name":null}},{"type":"Feature","geometry":{"type":"Point","coordinates":[-2.701326675864849,51.427074081373796]},"properties":{"name":null}},{"type":"Feature","geometry":{"type":"Point","coordinates":[-2.484841885027735,51.274983796756075]},"properties":{"name":null}},{"type":"Feature","geometry":{"type":"Point","coordinates":[-2.533100687133566,51.3086464782705]},"properties":{"name":null}},{"type":"Feature","geometry":{"type":"Point","coordinates":[-2.352943671090602,51.37682148605733]},"properties":{"name":null}},{"type":"Feature","geometry":{"type":"Point","coordinates":[-2.48631126325089,51.401880450966175]},"properties":{"name":null}},{"type":"Feature","geometry":{"type":"Point","coordinates":[-2.634223252857651,51.50876868705227]},"properties":{"name":null}},{"type":"Feature","geometry":{"type":"Point","coordinates":[-2.599406650531766,51.51181118314541]},"properties":{"name":null}},{"type":"Feature","geometry":{"type":"Point","coordinates":[-2.576432769792542,51.40765901670524]},"properties":{"name":null}},{"type":"Feature","geometry":{"type":"Point","coordinates":[-2.441623737246151,51.54707568132901]},"properties":{"name":null}},{"type":"Feature","geometry":{"type":"Point","coordinates":[-2.845920210252668,51.431461011954184]},"properties":{"name":null}},{"type":"Feature","geometry":{"type":"Point","coordinates":[-2.417073972954517,51.306446701366326]},"properties":{"name":null}},{"type":"Feature","geometry":{"type":"Point","coordinates":[-2.554394662224547,51.42091101614071]},"properties":{"name":null}},{"type":"Feature","geometry":{"type":"Point","coordinates":[-2.58926506621979,51.487486395325234]},"properties":{"name":null}},{"type":"Feature","geometry":{"type":"Point","coordinates":[-2.426519415943054,51.46622440111288]},"properties":{"name":null}},{"type":"Feature","geometry":{"type":"Point","coordinates":[-2.599666992534776,51.34161358140296]},"properties":{"name":null}},{"type":"Feature","geometry":{"type":"Point","coordinates":[-2.680672873574183,51.485175034109375]},"properties":{"name":null}},{"type":"Feature","geometry":{"type":"Point","coordinates":[-2.762943487239748,51.427759365086914]},"properties":{"name":null}},{"type":"Feature","geometry":{"type":"Point","coordinates":[-2.691560904440258,51.442364410955015]},"properties":{"name":null}},{"type":"Feature","geometry":{"type":"Point","coordinates":[-2.579312219587027,51.53734946525355]},"properties":{"name":null}},{"type":"Feature","geometry":{"type":"Point","coordinates":[-2.592610325190888,51.4156621278675]},"properties":{"name":null}},{"type":"Feature","geometry":{"type":"Point","coordinates":[-2.686167240101893,51.48852371555422]},"properties":{"name":null}},{"type":"Feature","geometry":{"type":"Point","coordinates":[-2.591397612568853,51.45863944916615]},"properties":{"name":null}},{"type":"Feature","geometry":{"type":"Point","coordinates":[-2.647843272104775,51.434862990176796]},"properties":{"name":null}},{"type":"Feature","geometry":{"type":"Point","coordinates":[-2.439303561589104,51.61159052417307]},"properties":{"name":null}},{"type":"Feature","geometry":{"type":"Point","coordinates":[-2.436106032682086,51.553696182458374]},"properties":{"name":null}},{"type":"Feature","geometry":{"type":"Point","coordinates":[-2.503175213391388,51.30744788057488]},"properties":{"name":null}},{"type":"Feature","geometry":{"type":"Point","coordinates":[-2.762341016151578,51.47628281654041]},"properties":{"name":null}},{"type":"Feature","geometry":{"type":"Point","coordinates":[-2.961054522033182,51.37640530271487]},"properties":{"name":null}},{"type":"Feature","geometry":{"type":"Point","coordinates":[-2.595678741562315,51.41606916709842]},"properties":{"name":null}},{"type":"Feature","geometry":{"type":"Point","coordinates":[-2.931828218341755,51.3628655599636]},"properties":{"name":null}},{"type":"Feature","geometry":{"type":"Point","coordinates":[-2.923813023431576,51.354296937689455]},"properties":{"name":null}},{"type":"Feature","geometry":{"type":"Point","coordinates":[-2.474589572732076,51.44421690327227]},"properties":{"name":null}},{"type":"Feature","geometry":{"type":"Point","coordinates":[-2.479916852612692,51.279724846682626]},"properties":{"name":null}},{"type":"Feature","geometry":{"type":"Point","coordinates":[-2.406027631829797,51.55472131251838]},"properties":{"name":null}},{"type":"Feature","geometry":{"type":"Point","coordinates":[-2.400702065908159,51.37024738166719]},"properties":{"name":null}},{"type":"Feature","geometry":{"type":"Point","coordinates":[-2.624957103927793,51.42330754013627]},"properties":{"name":null}},{"type":"Feature","geometry":{"type":"Point","coordinates":[-2.518234618817936,51.60450679672763]},"properties":{"name":null}},{"type":"Feature","geometry":{"type":"Point","coordinates":[-2.489533839657791,51.29282199948932]},"properties":{"name":null}},{"type":"Feature","geometry":{"type":"Point","coordinates":[-2.405163950561717,51.54031971876398]},"properties":{"name":null}},{"type":"Feature","geometry":{"type":"Point","coordinates":[-2.50640850121099,51.512321794046244]},"properties":{"name":null}},{"type":"Feature","geometry":{"type":"Point","coordinates":[-2.513216285870311,51.619185231112866]},"properties":{"name":null}},{"type":"Feature","geometry":{"type":"Point","coordinates":[-2.566885961840111,51.57118337655461]},"properties":{"name":null}},{"type":"Feature","geometry":{"type":"Point","coordinates":[-2.95859837036192,51.36818857262922]},"properties":{"name":null}},{"type":"Feature","geometry":{"type":"Point","coordinates":[-2.805099535685625,51.443150058955034]},"properties":{"name":null}},{"type":"Feature","geometry":{"type":"Point","coordinates":[-2.409844168341481,51.53964706913926]},"properties":{"name":null}},{"type":"Feature","geometry":{"type":"Point","coordinates":[-2.54559374749493,51.642705134505164]},"properties":{"name":null}},{"type":"Feature","geometry":{"type":"Point","coordinates":[-2.603465890115163,51.413340652500345]},"properties":{"name":null}},{"type":"Feature","geometry":{"type":"Point","coordinates":[-2.575742491763907,51.551511157766505]},"properties":{"name":null}},{"type":"Feature","geometry":{"type":"Point","coordinates":[-2.434019958489479,51.485996569376276]},"properties":{"name":null}},{"type":"Feature","geometry":{"type":"Point","coordinates":[-2.459931086158745,51.39892067521762]},"properties":{"name":null}},{"type":"Feature","geometry":{"type":"Point","coordinates":[-2.353832364724232,51.37654904871891]},"properties":{"name":null}},{"type":"Feature","geometry":{"type":"Point","coordinates":[-2.480160941560746,51.53368858282394]},"properties":{"name":null}},{"type":"Feature","geometry":{"type":"Point","coordinates":[-2.916229838144556,51.369373101440694]},"properties":{"name":null}},{"type":"Feature","geometry":{"type":"Point","coordinates":[-2.558688921532068,51.409821745319164]},"properties":{"name":null}},{"type":"Feature","geometry":{"type":"Point","coordinates":[-2.740604468687044,51.33155378104719]},"properties":{"name":null}},{"type":"Feature","geometry":{"type":"Point","coordinates":[-2.581766707714079,51.44943504727165]},"properties":{"name":null}},{"type":"Feature","geometry":{"type":"Point","coordinates":[-2.493511490356497,51.44825699880888]},"properties":{"name":null}},{"type":"Feature","geometry":{"type":"Point","coordinates":[-2.808595339065362,51.33299244322422]},"properties":{"name":null}},{"type":"Feature","geometry":{"type":"Point","coordinates":[-2.393423675689161,51.382563889350685]},"properties":{"name":null}},{"type":"Feature","geometry":{"type":"Point","coordinates":[-2.616099638948646,51.474796285593605]},"properties":{"name":null}},{"type":"Feature","geometry":{"type":"Point","coordinates":[-2.36570621135959,51.38271678595472]},"properties":{"name":null}},{"type":"Feature","geometry":{"type":"Point","coordinates":[-2.562583519558231,51.43420694294207]},"properties":{"name":null}},{"type":"Feature","geometry":{"type":"Point","coordinates":[-2.589357960024398,51.44889351058742]},"properties":{"name":null}},{"type":"Feature","geometry":{"type":"Point","coordinates":[-2.352982817563697,51.5592359120053]},"properties":{"name":null}},{"type":"Feature","geometry":{"type":"Point","coordinates":[-2.582245411297765,51.53783845367703]},"properties":{"name":null}},{"type":"Feature","geometry":{"type":"Point","coordinates":[-2.537598704994028,51.58008821161899]},"properties":{"name":null}},{"type":"Feature","geometry":{"type":"Point","coordinates":[-2.589746602129099,51.494677214320625]},"properties":{"name":null}},{"type":"Feature","geometry":{"type":"Point","coordinates":[-2.369537896910627,51.39995099766664]},"properties":{"name":null}},{"type":"Feature","geometry":{"type":"Point","coordinates":[-2.600944394299636,51.40420887302382]},"properties":{"name":null}},{"type":"Feature","geometry":{"type":"Point","coordinates":[-2.547621326674703,51.45098432618019]},"properties":{"name":null}},{"type":"Feature","geometry":{"type":"Point","coordinates":[-2.417991389236376,51.452983399445706]},"properties":{"name":null}},{"type":"Feature","geometry":{"type":"Point","coordinates":[-2.552719464143701,51.50719414513137]},"properties":{"name":null}},{"type":"Feature","geometry":{"type":"Point","coordinates":[-2.83606073767181,51.37597067103122]},"properties":{"name":null}},{"type":"Feature","geometry":{"type":"Point","coordinates":[-2.351094135149488,51.36044401550651]},"properties":{"name":null}},{"type":"Feature","geometry":{"type":"Point","coordinates":[-2.494263575566572,51.29920441708281]},"properties":{"name":null}},{"type":"Feature","geometry":{"type":"Point","coordinates":[-2.573377435615791,51.489678174765764]},"properties":{"name":null}},{"type":"Feature","geometry":{"type":"Point","coordinates":[-2.585279255980027,51.446144547544854]},"properties":{"name":null}},{"type":"Feature","geometry":{"type":"Point","coordinates":[-2.368783180413043,51.38830897376365]},"properties":{"name":null}},{"type":"Feature","geometry":{"type":"Point","coordinates":[-2.37644875036952,51.36451940216315]},"properties":{"name":null}},{"type":"Feature","geometry":{"type":"Point","coordinates":[-2.610789233053736,51.41361730112868]},"properties":{"name":null}},{"type":"Feature","geometry":{"type":"Point","coordinates":[-2.619254127144601,51.450483491583654]},"properties":{"name":null}},{"type":"Feature","geometry":{"type":"Point","coordinates":[-2.528758274506578,51.4699533147407]},"properties":{"name":null}},{"type":"Feature","geometry":{"type":"Point","coordinates":[-2.568018882275724,51.40390535300639]},"properties":{"name":null}},{"type":"Feature","geometry":{"type":"Point","coordinates":[-2.547192142894831,51.54251239530363]},"properties":{"name":null}},{"type":"Feature","geometry":{"type":"Point","coordinates":[-2.862251355602919,51.424804883452154]},"properties":{"name":null}},{"type":"Feature","geometry":{"type":"Point","coordinates":[-2.609046143316992,51.32785234678876]},"properties":{"name":null}},{"type":"Feature","geometry":{"type":"Point","coordinates":[-2.953191018150492,51.32220181157394]},"properties":{"name":null}},{"type":"Feature","geometry":{"type":"Point","coordinates":[-2.503580909819167,51.52904056786666]},"properties":{"name":null}},{"type":"Feature","geometry":{"type":"Point","coordinates":[-2.689204570642658,51.502685381668975]},"properties":{"name":null}},{"type":"Feature","geometry":{"type":"Point","coordinates":[-2.538206054674338,51.52399521744249]},"properties":{"name":null}},{"type":"Feature","geometry":{"type":"Point","coordinates":[-2.602758564552821,51.50264951629738]},"properties":{"name":null}},{"type":"Feature","geometry":{"type":"Point","coordinates":[-2.569709480611935,51.51427932476316]},"properties":{"name":null}},{"type":"Feature","geometry":{"type":"Point","coordinates":[-2.432703395066492,51.4884112144785]},"properties":{"name":null}},{"type":"Feature","geometry":{"type":"Point","coordinates":[-2.774327786348361,51.47327299576043]},"properties":{"name":null}},{"type":"Feature","geometry":{"type":"Point","coordinates":[-2.535152555853697,51.45910729164576]},"properties":{"name":null}},{"type":"Feature","geometry":{"type":"Point","coordinates":[-2.393494879425866,51.38081023938685]},"properties":{"name":null}},{"type":"Feature","geometry":{"type":"Point","coordinates":[-2.712438110068496,51.32481368082246]},"properties":{"name":null}},{"type":"Feature","geometry":{"type":"Point","coordinates":[-2.416983542999334,51.31546601285047]},"properties":{"name":null}},{"type":"Feature","geometry":{"type":"Point","coordinates":[-2.505524377780228,51.459760234182085]},"properties":{"name":null}},{"type":"Feature","geometry":{"type":"Point","coordinates":[-2.983296151927388,51.3509257447328]},"properties":{"name":null}},{"type":"Feature","geometry":{"type":"Point","coordinates":[-2.513972101664203,51.31851516767973]},"properties":{"name":null}},{"type":"Feature","geometry":{"type":"Point","coordinates":[-2.626363884756577,51.503056329921435]},"properties":{"name":null}},{"type":"Feature","geometry":{"type":"Point","coordinates":[-2.954793380101276,51.33026364501077]},"properties":{"name":null}},{"type":"Feature","geometry":{"type":"Point","coordinates":[-2.31732656996968,51.33325023198242]},"properties":{"name":null}},{"type":"Feature","geometry":{"type":"Point","coordinates":[-2.50455730038585,51.303962049535244]},"properties":{"name":null}},{"type":"Feature","geometry":{"type":"Point","coordinates":[-2.346044325008003,51.36501788753583]},"properties":{"name":null}},{"type":"Feature","geometry":{"type":"Point","coordinates":[-2.600576990303621,51.44185891741824]},"properties":{"name":null}},{"type":"Feature","geometry":{"type":"Point","coordinates":[-2.760044741688251,51.47933695234512]},"properties":{"name":null}},{"type":"Feature","geometry":{"type":"Point","coordinates":[-2.276292238908628,51.527126107647376]},"properties":{"name":null}},{"type":"Feature","geometry":{"type":"Point","coordinates":[-2.766202604207526,51.47815494600058]},"properties":{"name":null}},{"type":"Feature","geometry":{"type":"Point","coordinates":[-2.596408275545164,51.44437991566113]},"properties":{"name":null}},{"type":"Feature","geometry":{"type":"Point","coordinates":[-2.956938021715148,51.367788502322185]},"properties":{"name":null}},{"type":"Feature","geometry":{"type":"Point","coordinates":[-2.596574348867573,51.48470701184482]},"properties":{"name":null}},{"type":"Feature","geometry":{"type":"Point","coordinates":[-2.94128020170603,51.33834955100764]},"properties":{"name":null}},{"type":"Feature","geometry":{"type":"Point","coordinates":[-2.383976980731496,51.53456438593058]},"properties":{"name":null}},{"type":"Feature","geometry":{"type":"Point","coordinates":[-2.643223914712245,51.30870513865874]},"properties":{"name":null}},{"type":"Feature","geometry":{"type":"Point","coordinates":[-2.476563823058057,51.49429250677413]},"properties":{"name":null}},{"type":"Feature","geometry":{"type":"Point","coordinates":[-2.796338775285815,51.47717203426782]},"properties":{"name":null}},{"type":"Feature","geometry":{"type":"Point","coordinates":[-2.767954272511451,51.479564207810824]},"properties":{"name":null}},{"type":"Feature","geometry":{"type":"Point","coordinates":[-2.510408835762478,51.62129252247008]},"properties":{"name":null}},{"type":"Feature","geometry":{"type":"Point","coordinates":[-2.621301193865805,51.465534231187945]},"properties":{"name":null}},{"type":"Feature","geometry":{"type":"Point","coordinates":[-2.381833406278901,51.36946533849987]},"properties":{"name":null}},{"type":"Feature","geometry":{"type":"Point","coordinates":[-2.455665992093625,51.4816163880101]},"properties":{"name":null}},{"type":"Feature","geometry":{"type":"Point","coordinates":[-2.515034864016234,51.404536346856794]},"properties":{"name":null}},{"type":"Feature","geometry":{"type":"Point","coordinates":[-2.547704459721184,51.51312527673936]},"properties":{"name":null}},{"type":"Feature","geometry":{"type":"Point","coordinates":[-2.385205787913223,51.362224962410195]},"properties":{"name":null}},{"type":"Feature","geometry":{"type":"Point","coordinates":[-2.507814784158146,51.45734056043504]},"properties":{"name":null}},{"type":"Feature","geometry":{"type":"Point","coordinates":[-2.31150625528944,51.40627030103405]},"properties":{"name":null}},{"type":"Feature","geometry":{"type":"Point","coordinates":[-2.575270945503111,51.555290026929114]},"properties":{"name":null}},{"type":"Feature","geometry":{"type":"Point","coordinates":[-2.459108883694008,51.319570950570835]},"properties":{"name":null}},{"type":"Feature","geometry":{"type":"Point","coordinates":[-2.49280233080504,51.406592074775354]},"properties":{"name":null}},{"type":"Feature","geometry":{"type":"Point","coordinates":[-2.583022502087596,51.528717157707504]},"properties":{"name":null}},{"type":"Feature","geometry":{"type":"Point","coordinates":[-2.581506017243952,51.3700478726353]},"properties":{"name":null}},{"type":"Feature","geometry":{"type":"Point","coordinates":[-2.396485119755224,51.39098794640027]},"properties":{"name":null}},{"type":"Feature","geometry":{"type":"Point","coordinates":[-2.609881181886246,51.431695609150474]},"properties":{"name":null}},{"type":"Feature","geometry":{"type":"Point","coordinates":[-2.570473805282694,51.552328223790674]},"properties":{"name":null}},{"type":"Feature","geometry":{"type":"Point","coordinates":[-2.585035445498721,51.469875318193786]},"properties":{"name":null}},{"type":"Feature","geometry":{"type":"Point","coordinates":[-2.420614032902252,51.4517781386769]},"properties":{"name":null}},{"type":"Feature","geometry":{"type":"Point","coordinates":[-2.384460181046456,51.54058721198524]},"properties":{"name":null}},{"type":"Feature","geometry":{"type":"Point","coordinates":[-2.470033621876648,51.44334510806449]},"properties":{"name":null}},{"type":"Feature","geometry":{"type":"Point","coordinates":[-2.56658188527618,51.54207849526138]},"properties":{"name":null}},{"type":"Feature","geometry":{"type":"Point","coordinates":[-2.387977420444986,51.39445131677003]},"properties":{"name":null}},{"type":"Feature","geometry":{"type":"Point","coordinates":[-2.901470954294958,51.36473108160673]},"properties":{"name":null}},{"type":"Feature","geometry":{"type":"Point","coordinates":[-2.806154136127969,51.473616173095635]},"properties":{"name":null}},{"type":"Feature","geometry":{"type":"Point","coordinates":[-2.958707275287654,51.319710954891505]},"properties":{"name":null}},{"type":"Feature","geometry":{"type":"Point","coordinates":[-2.966000996208038,51.317843610194515]},"properties":{"name":null}},{"type":"Feature","geometry":{"type":"Point","coordinates":[-2.566429702914348,51.468357169958345]},"properties":{"name":null}},{"type":"Feature","geometry":{"type":"Point","coordinates":[-2.5908784038217,51.43955259768017]},"properties":{"name":null}},{"type":"Feature","geometry":{"type":"Point","coordinates":[-2.612759333800214,51.35014194987898]},"properties":{"name":null}},{"type":"Feature","geometry":{"type":"Point","coordinates":[-2.749895179927622,51.48738696649717]},"properties":{"name":null}},{"type":"Feature","geometry":{"type":"Point","coordinates":[-2.399149081491347,51.391581358100616]},"properties":{"name":null}},{"type":"Feature","geometry":{"type":"Point","coordinates":[-2.960091005566428,51.35095634800026]},"properties":{"name":null}},{"type":"Feature","geometry":{"type":"Point","coordinates":[-2.569829989554155,51.54351939925526]},"properties":{"name":null}},{"type":"Feature","geometry":{"type":"Point","coordinates":[-2.366833087443134,51.36553907550245]},"properties":{"name":null}},{"type":"Feature","geometry":{"type":"Point","coordinates":[-2.458242801687461,51.32338690802603]},"properties":{"name":null}},{"type":"Feature","geometry":{"type":"Point","coordinates":[-2.381833931526057,51.36952827853832]},"properties":{"name":null}},{"type":"Feature","geometry":{"type":"Point","coordinates":[-2.562443004200893,51.53387099189476]},"properties":{"name":null}},{"type":"Feature","geometry":{"type":"Point","coordinates":[-2.605968513222309,51.44045545889634]},"properties":{"name":null}},{"type":"Feature","geometry":{"type":"Point","coordinates":[-2.390018754098442,51.38432868598977]},"properties":{"name":null}},{"type":"Feature","geometry":{"type":"Point","coordinates":[-2.329315250078605,51.40169858999415]},"properties":{"name":null}},{"type":"Feature","geometry":{"type":"Point","coordinates":[-2.64241734351759,51.504318175768994]},"properties":{"name":null}},{"type":"Feature","geometry":{"type":"Point","coordinates":[-2.422075058603201,51.34653310066399]},"properties":{"name":null}},{"type":"Feature","geometry":{"type":"Point","coordinates":[-2.842640257558988,51.43457783673636]},"properties":{"name":null}},{"type":"Feature","geometry":{"type":"Point","coordinates":[-2.372242070615834,51.37006279980856]},"properties":{"name":null}},{"type":"Feature","geometry":{"type":"Point","coordinates":[-2.433576074894002,51.31144034472454]},"properties":{"name":null}},{"type":"Feature","geometry":{"type":"Point","coordinates":[-2.972752146534582,51.33242689708686]},"properties":{"name":null}},{"type":"Feature","geometry":{"type":"Point","coordinates":[-2.325432900315418,51.40358874682667]},"properties":{"name":null}},{"type":"Feature","geometry":{"type":"Point","coordinates":[-2.575961255508573,51.42955636691208]},"properties":{"name":null}},{"type":"Feature","geometry":{"type":"Point","coordinates":[-2.438919558126678,51.459255086700416]},"properties":{"name":null}},{"type":"Feature","geometry":{"type":"Point","coordinates":[-2.30675483723538,51.40092377527801]},"properties":{"name":null}},{"type":"Feature","geometry":{"type":"Point","coordinates":[-2.780625128755699,51.482852557416734]},"properties":{"name":null}},{"type":"Feature","geometry":{"type":"Point","coordinates":[-2.552225601382846,51.45448755347623]},"properties":{"name":null}},{"type":"Feature","geometry":{"type":"Point","coordinates":[-2.518378999634443,51.420527108908736]},"properties":{"name":null}},{"type":"Feature","geometry":{"type":"Point","coordinates":[-2.495522563635097,51.41879155712234]},"properties":{"name":null}},{"type":"Feature","geometry":{"type":"Point","coordinates":[-2.579765703568723,51.36532670699998]},"properties":{"name":null}},{"type":"Feature","geometry":{"type":"Point","coordinates":[-2.553135876497172,51.48332844677336]},"properties":{"name":null}},{"type":"Feature","geometry":{"type":"Point","coordinates":[-2.978582103891104,51.350065975493564]},"properties":{"name":null}},{"type":"Feature","geometry":{"type":"Point","coordinates":[-2.568229569640526,51.48920870378339]},"properties":{"name":null}},{"type":"Feature","geometry":{"type":"Point","coordinates":[-2.391390407019315,51.378344534877776]},"properties":{"name":null}},{"type":"Feature","geometry":{"type":"Point","coordinates":[-2.458099564487889,51.323414444824415]},"properties":{"name":null}},{"type":"Feature","geometry":{"type":"Point","coordinates":[-2.559997742739072,51.479195785333765]},"properties":{"name":null}},{"type":"Feature","geometry":{"type":"Point","coordinates":[-2.665397193104121,51.46177643158743]},"properties":{"name":null}},{"type":"Feature","geometry":{"type":"Point","coordinates":[-2.345421753692862,51.362457064333746]},"properties":{"name":null}},{"type":"Feature","geometry":{"type":"Point","coordinates":[-2.945428775615685,51.3355462905014]},"properties":{"name":null}},{"type":"Feature","geometry":{"type":"Point","coordinates":[-2.5008965472356,51.41576546484577]},"properties":{"name":null}},{"type":"Feature","geometry":{"type":"Point","coordinates":[-2.520821383983797,51.60721082412518]},"properties":{"name":null}},{"type":"Feature","geometry":{"type":"Point","coordinates":[-2.358944537845554,51.3817037102121]},"properties":{"name":null}},{"type":"Feature","geometry":{"type":"Point","coordinates":[-2.735074426863134,51.41562752661273]},"properties":{"name":null}},{"type":"Feature","geometry":{"type":"Point","coordinates":[-2.402530894183245,51.387154776324806]},"properties":{"name":null}},{"type":"Feature","geometry":{"type":"Point","coordinates":[-2.968066303741403,51.342357056617764]},"properties":{"name":null}},{"type":"Feature","geometry":{"type":"Point","coordinates":[-2.946576119170826,51.33270436974821]},"properties":{"name":null}},{"type":"Feature","geometry":{"type":"Point","coordinates":[-2.334474091630688,51.391586213609685]},"properties":{"name":null}},{"type":"Feature","geometry":{"type":"Point","coordinates":[-2.424239416688288,51.54793111536557]},"properties":{"name":null}},{"type":"Feature","geometry":{"type":"Point","coordinates":[-2.813566086543592,51.333227788801864]},"properties":{"name":null}},{"type":"Feature","geometry":{"type":"Point","coordinates":[-2.35304191040347,51.5594155671789]},"properties":{"name":null}},{"type":"Feature","geometry":{"type":"Point","coordinates":[-2.499683069971331,51.463921479715786]},"properties":{"name":null}},{"type":"Feature","geometry":{"type":"Point","coordinates":[-2.380608719441635,51.36384953239505]},"properties":{"name":null}},{"type":"Feature","geometry":{"type":"Point","coordinates":[-2.40243089043547,51.534520499619724]},"properties":{"name":null}},{"type":"Feature","geometry":{"type":"Point","coordinates":[-2.571449689331996,51.57495571578814]},"properties":{"name":null}},{"type":"Feature","geometry":{"type":"Point","coordinates":[-2.305775002474915,51.34022265921348]},"properties":{"name":null}},{"type":"Feature","geometry":{"type":"Point","coordinates":[-2.398318620214371,51.588619326811184]},"properties":{"name":null}},{"type":"Feature","geometry":{"type":"Point","coordinates":[-2.97676564088118,51.32134224225767]},"properties":{"name":null}},{"type":"Feature","geometry":{"type":"Point","coordinates":[-2.419073311106151,51.54602549009409]},"properties":{"name":null}},{"type":"Feature","geometry":{"type":"Point","coordinates":[-2.547565542443325,51.37172167125158]},"properties":{"name":null}},{"type":"Feature","geometry":{"type":"Point","coordinates":[-2.359163246494441,51.382107665059806]},"properties":{"name":null}},{"type":"Feature","geometry":{"type":"Point","coordinates":[-2.366444524971265,51.395995318779356]},"properties":{"name":null}},{"type":"Feature","geometry":{"type":"Point","coordinates":[-2.550855697142424,51.510350012209095]},"properties":{"name":null}},{"type":"Feature","geometry":{"type":"Point","coordinates":[-2.496874810416312,51.301917882319735]},"properties":{"name":null}},{"type":"Feature","geometry":{"type":"Point","coordinates":[-2.550891331283479,51.44644618516446]},"properties":{"name":null}},{"type":"Feature","geometry":{"type":"Point","coordinates":[-2.54186454913902,51.31704092709981]},"properties":{"name":null}},{"type":"Feature","geometry":{"type":"Point","coordinates":[-2.463491498505528,51.530536611329026]},"properties":{"name":null}},{"type":"Feature","geometry":{"type":"Point","coordinates":[-2.626749989477046,51.45871626478509]},"properties":{"name":null}},{"type":"Feature","geometry":{"type":"Point","coordinates":[-2.587340902882611,51.468901667474896]},"properties":{"name":null}},{"type":"Feature","geometry":{"type":"Point","coordinates":[-2.545155792707213,51.51209412488538]},"properties":{"name":null}},{"type":"Feature","geometry":{"type":"Point","coordinates":[-2.366377310738542,51.373210470993044]},"properties":{"name":null}},{"type":"Feature","geometry":{"type":"Point","coordinates":[-2.494701201185772,51.43853197892858]},"properties":{"name":null}},{"type":"Feature","geometry":{"type":"Point","coordinates":[-2.416338490100079,51.54659270777243]},"properties":{"name":null}},{"type":"Feature","geometry":{"type":"Point","coordinates":[-2.592685672990078,51.45918144155417]},"properties":{"name":null}},{"type":"Feature","geometry":{"type":"Point","coordinates":[-2.570926507821634,51.4146096188408]},"properties":{"name":null}},{"type":"Feature","geometry":{"type":"Point","coordinates":[-2.742139676398753,51.39459584402595]},"properties":{"name":null}},{"type":"Feature","geometry":{"type":"Point","coordinates":[-2.768928151996359,51.48266900901839]},"properties":{"name":null}},{"type":"Feature","geometry":{"type":"Point","coordinates":[-2.513661818899118,51.613869224451086]},"properties":{"name":null}},{"type":"Feature","geometry":{"type":"Point","coordinates":[-2.63115624179727,51.50788607649925]},"properties":{"name":null}},{"type":"Feature","geometry":{"type":"Point","coordinates":[-2.435279944436683,51.550264438855095]},"properties":{"name":null}},{"type":"Feature","geometry":{"type":"Point","coordinates":[-2.387349329142897,51.36602134670298]},"properties":{"name":null}},{"type":"Feature","geometry":{"type":"Point","coordinates":[-2.473299578886849,51.52963424084766]},"properties":{"name":null}},{"type":"Feature","geometry":{"type":"Point","coordinates":[-2.851980683458915,51.43246915947514]},"properties":{"name":null}},{"type":"Feature","geometry":{"type":"Point","coordinates":[-2.693480914361376,51.515760738332936]},"properties":{"name":null}},{"type":"Feature","geometry":{"type":"Point","coordinates":[-2.595459067987864,51.50524941685962]},"properties":{"name":null}},{"type":"Feature","geometry":{"type":"Point","coordinates":[-2.567581681295184,51.44279686952836]},"properties":{"name":null}},{"type":"Feature","geometry":{"type":"Point","coordinates":[-2.416668495643668,51.540099588934815]},"properties":{"name":null}},{"type":"Feature","geometry":{"type":"Point","coordinates":[-2.546712407179037,51.48689226301634]},"properties":{"name":null}},{"type":"Feature","geometry":{"type":"Point","coordinates":[-2.536074748106234,51.47755404560733]},"properties":{"name":null}},{"type":"Feature","geometry":{"type":"Point","coordinates":[-2.511429249569584,51.41122407220182]},"properties":{"name":null}},{"type":"Feature","geometry":{"type":"Point","coordinates":[-2.491033083729369,51.45733106514999]},"properties":{"name":null}},{"type":"Feature","geometry":{"type":"Point","coordinates":[-2.796316422576076,51.38070738692255]},"properties":{"name":null}},{"type":"Feature","geometry":{"type":"Point","coordinates":[-2.377578925990811,51.362222867564874]},"properties":{"name":null}},{"type":"Feature","geometry":{"type":"Point","coordinates":[-2.588519056784442,51.53350907959621]},"properties":{"name":null}},{"type":"Feature","geometry":{"type":"Point","coordinates":[-2.719947167459951,51.47426706134821]},"properties":{"name":null}},{"type":"Feature","geometry":{"type":"Point","coordinates":[-2.472665135948082,51.44179691716134]},"properties":{"name":null}},{"type":"Feature","geometry":{"type":"Point","coordinates":[-2.367530384100677,51.4399796624805]},"properties":{"name":null}},{"type":"Feature","geometry":{"type":"Point","coordinates":[-2.5717896498054,51.52386314339461]},"properties":{"name":null}},{"type":"Feature","geometry":{"type":"Point","coordinates":[-2.493073130698823,51.29252831793012]},"properties":{"name":null}},{"type":"Feature","geometry":{"type":"Point","coordinates":[-2.450569639223876,51.30770770831439]},"properties":{"name":null}},{"type":"Feature","geometry":{"type":"Point","coordinates":[-2.57376357807815,51.44008725436073]},"properties":{"name":null}},{"type":"Feature","geometry":{"type":"Point","coordinates":[-2.569308771702253,51.62073382894147]},"properties":{"name":null}},{"type":"Feature","geometry":{"type":"Point","coordinates":[-2.308832294660736,51.40202428852801]},"properties":{"name":null}},{"type":"Feature","geometry":{"type":"Point","coordinates":[-2.916684903978553,51.35908272736455]},"properties":{"name":null}},{"type":"Feature","geometry":{"type":"Point","coordinates":[-2.401858732007431,51.39081677905056]},"properties":{"name":null}},{"type":"Feature","geometry":{"type":"Point","coordinates":[-2.584742579908958,51.45146135278043]},"properties":{"name":null}},{"type":"Feature","geometry":{"type":"Point","coordinates":[-2.376282213728226,51.37047245362723]},"properties":{"name":null}},{"type":"Feature","geometry":{"type":"Point","coordinates":[-2.399193211514855,51.39169810214396]},"properties":{"name":null}},{"type":"Feature","geometry":{"type":"Point","coordinates":[-2.534204278360757,51.528158708103454]},"properties":{"name":null}},{"type":"Feature","geometry":{"type":"Point","coordinates":[-2.975155543223114,51.346938281130356]},"properties":{"name":null}},{"type":"Feature","geometry":{"type":"Point","coordinates":[-2.970818389086633,51.354374855551946]},"properties":{"name":null}},{"type":"Feature","geometry":{"type":"Point","coordinates":[-2.61226259972083,51.480732828378954]},"properties":{"name":null}},{"type":"Feature","geometry":{"type":"Point","coordinates":[-2.49961243816057,51.46536046534931]},"properties":{"name":null}},{"type":"Feature","geometry":{"type":"Point","coordinates":[-2.617159981141238,51.434903303559686]},"properties":{"name":null}},{"type":"Feature","geometry":{"type":"Point","coordinates":[-2.498409387654252,51.292631502273785]},"properties":{"name":null}},{"type":"Feature","geometry":{"type":"Point","coordinates":[-2.961971803659548,51.37355624378174]},"properties":{"name":null}},{"type":"Feature","geometry":{"type":"Point","coordinates":[-2.375074368728043,51.32293650429738]},"properties":{"name":null}},{"type":"Feature","geometry":{"type":"Point","coordinates":[-2.549853127879183,51.41037592739176]},"properties":{"name":null}},{"type":"Feature","geometry":{"type":"Point","coordinates":[-2.950494304945562,51.3486698111923]},"properties":{"name":null}},{"type":"Feature","geometry":{"type":"Point","coordinates":[-2.774718942841233,51.48700096489419]},"properties":{"name":null}},{"type":"Feature","geometry":{"type":"Point","coordinates":[-2.742809096829213,51.44125943662146]},"properties":{"name":null}},{"type":"Feature","geometry":{"type":"Point","coordinates":[-2.930433218699315,51.32446207955704]},"properties":{"name":null}},{"type":"Feature","geometry":{"type":"Point","coordinates":[-2.553686462576657,51.412291180517926]},"properties":{"name":null}},{"type":"Feature","geometry":{"type":"Point","coordinates":[-2.420813383377943,51.54081311740136]},"properties":{"name":null}},{"type":"Feature","geometry":{"type":"Point","coordinates":[-2.413801233363856,51.53078535482144]},"properties":{"name":null}},{"type":"Feature","geometry":{"type":"Point","coordinates":[-2.560295008703898,51.471740386299096]},"properties":{"name":null}},{"type":"Feature","geometry":{"type":"Point","coordinates":[-2.623241475215925,51.508647723376384]},"properties":{"name":null}},{"type":"Feature","geometry":{"type":"Point","coordinates":[-2.480573692393708,51.3591657337806]},"properties":{"name":null}},{"type":"Feature","geometry":{"type":"Point","coordinates":[-2.359418156719547,51.377970694513216]},"properties":{"name":null}},{"type":"Feature","geometry":{"type":"Point","coordinates":[-2.4645244912208,51.549846536221516]},"properties":{"name":null}},{"type":"Feature","geometry":{"type":"Point","coordinates":[-2.573037316219103,51.43267279828874]},"properties":{"name":null}},{"type":"Feature","geometry":{"type":"Point","coordinates":[-2.559973401845046,51.49364531759452]},"properties":{"name":null}},{"type":"Feature","geometry":{"type":"Point","coordinates":[-2.54214545706126,51.4175962494495]},"properties":{"name":null}},{"type":"Feature","geometry":{"type":"Point","coordinates":[-2.453817172678517,51.29076297528149]},"properties":{"name":null}},{"type":"Feature","geometry":{"type":"Point","coordinates":[-2.622607454542453,51.30124544521045]},"properties":{"name":null}},{"type":"Feature","geometry":{"type":"Point","coordinates":[-2.620641889530112,51.437096659743254]},"properties":{"name":null}},{"type":"Feature","geometry":{"type":"Point","coordinates":[-2.793471599754476,51.334984193666344]},"properties":{"name":null}},{"type":"Feature","geometry":{"type":"Point","coordinates":[-2.510147552865789,51.40588849621257]},"properties":{"name":null}},{"type":"Feature","geometry":{"type":"Point","coordinates":[-2.82808876891628,51.37288902206526]},"properties":{"name":null}},{"type":"Feature","geometry":{"type":"Point","coordinates":[-2.958248242162097,51.35967583301523]},"properties":{"name":null}},{"type":"Feature","geometry":{"type":"Point","coordinates":[-2.318964166190872,51.39126084081844]},"properties":{"name":null}},{"type":"Feature","geometry":{"type":"Point","coordinates":[-2.396386814809274,51.394585025127]},"properties":{"name":null}},{"type":"Feature","geometry":{"type":"Point","coordinates":[-2.86472408919761,51.4376900248672]},"properties":{"name":null}},{"type":"Feature","geometry":{"type":"Point","coordinates":[-2.512209501126108,51.48604986070222]},"properties":{"name":null}},{"type":"Feature","geometry":{"type":"Point","coordinates":[-2.345712064684241,51.364767098749134]},"properties":{"name":null}},{"type":"Feature","geometry":{"type":"Point","coordinates":[-2.557178502844834,51.4357163237288]},"properties":{"name":null}},{"type":"Feature","geometry":{"type":"Point","coordinates":[-2.770382559599189,51.48693059727612]},"properties":{"name":null}},{"type":"Feature","geometry":{"type":"Point","coordinates":[-2.45352300311298,51.30020587363107]},"properties":{"name":null}},{"type":"Feature","geometry":{"type":"Point","coordinates":[-2.470463244858847,51.532783759090506]},"properties":{"name":null}},{"type":"Feature","geometry":{"type":"Point","coordinates":[-2.428968272868903,51.311205511518054]},"properties":{"name":null}},{"type":"Feature","geometry":{"type":"Point","coordinates":[-2.498890868517222,51.30395941975298]},"properties":{"name":null}},{"type":"Feature","geometry":{"type":"Point","coordinates":[-2.522227976133699,51.446550212185606]},"properties":{"name":null}},{"type":"Feature","geometry":{"type":"Point","coordinates":[-2.59477973560598,51.42099229512087]},"properties":{"name":null}},{"type":"Feature","geometry":{"type":"Point","coordinates":[-2.546319507958158,51.448014110639626]},"properties":{"name":null}},{"type":"Feature","geometry":{"type":"Point","coordinates":[-2.302463027775468,51.33651763873885]},"properties":{"name":null}},{"type":"Feature","geometry":{"type":"Point","coordinates":[-2.622833919098313,51.433236645452794]},"properties":{"name":null}},{"type":"Feature","geometry":{"type":"Point","coordinates":[-2.47201930940596,51.43639546912151]},"properties":{"name":null}},{"type":"Feature","geometry":{"type":"Point","coordinates":[-2.748028645970507,51.42606610968868]},"properties":{"name":null}},{"type":"Feature","geometry":{"type":"Point","coordinates":[-2.569923250780195,51.40097377738091]},"properties":{"name":null}},{"type":"Feature","geometry":{"type":"Point","coordinates":[-2.529677572870637,51.2979164051492]},"properties":{"name":null}},{"type":"Feature","geometry":{"type":"Point","coordinates":[-2.531276585090274,51.42772581612471]},"properties":{"name":null}},{"type":"Feature","geometry":{"type":"Point","coordinates":[-2.775792997969725,51.471375031242644]},"properties":{"name":null}},{"type":"Feature","geometry":{"type":"Point","coordinates":[-2.546276058556343,51.573178467594595]},"properties":{"name":null}},{"type":"Feature","geometry":{"type":"Point","coordinates":[-2.364696056064492,51.55562141334888]},"properties":{"name":null}},{"type":"Feature","geometry":{"type":"Point","coordinates":[-2.425015248876595,51.54143637376447]},"properties":{"name":null}},{"type":"Feature","geometry":{"type":"Point","coordinates":[-2.604264963849681,51.48143070291174]},"properties":{"name":null}},{"type":"Feature","geometry":{"type":"Point","coordinates":[-2.545153283090157,51.44796557449084]},"properties":{"name":null}},{"type":"Feature","geometry":{"type":"Point","coordinates":[-2.611019018293327,51.4738877620859]},"properties":{"name":null}},{"type":"Feature","geometry":{"type":"Point","coordinates":[-2.624530779097485,51.500701325902256]},"properties":{"name":null}},{"type":"Feature","geometry":{"type":"Point","coordinates":[-2.629037570549094,51.40736092216809]},"properties":{"name":null}},{"type":"Feature","geometry":{"type":"Point","coordinates":[-2.333461585268118,51.37490039474495]},"properties":{"name":null}},{"type":"Feature","geometry":{"type":"Point","coordinates":[-2.863286053024773,51.4278095422824]},"properties":{"name":null}},{"type":"Feature","geometry":{"type":"Point","coordinates":[-2.617097757591172,51.405869021308284]},"properties":{"name":null}},{"type":"Feature","geometry":{"type":"Point","coordinates":[-2.430179596368173,51.287327142184736]},"properties":{"name":null}},{"type":"Feature","geometry":{"type":"Point","coordinates":[-2.51943122152774,51.4625498630566]},"properties":{"name":null}},{"type":"Feature","geometry":{"type":"Point","coordinates":[-2.962148226121564,51.31613087621056]},"properties":{"name":null}},{"type":"Feature","geometry":{"type":"Point","coordinates":[-2.790227518484064,51.48432590346917]},"properties":{"name":null}},{"type":"Feature","geometry":{"type":"Point","coordinates":[-2.971757000002187,51.334242557035985]},"properties":{"name":null}},{"type":"Feature","geometry":{"type":"Point","coordinates":[-2.509944713934388,51.32025021560818]},"properties":{"name":null}},{"type":"Feature","geometry":{"type":"Point","coordinates":[-2.429937222758079,51.52970227280066]},"properties":{"name":null}},{"type":"Feature","geometry":{"type":"Point","coordinates":[-2.619144781922298,51.30401541555494]},"properties":{"name":null}},{"type":"Feature","geometry":{"type":"Point","coordinates":[-2.424184772705734,51.54361535178428]},"properties":{"name":null}},{"type":"Feature","geometry":{"type":"Point","coordinates":[-2.491966141067311,51.286931040416746]},"properties":{"name":null}},{"type":"Feature","geometry":{"type":"Point","coordinates":[-2.347953899741958,51.398974084774544]},"properties":{"name":null}},{"type":"Feature","geometry":{"type":"Point","coordinates":[-2.54667713355377,51.47433110623498]},"properties":{"name":null}},{"type":"Feature","geometry":{"type":"Point","coordinates":[-2.646315469291281,51.56374047678123]},"properties":{"name":null}},{"type":"Feature","geometry":{"type":"Point","coordinates":[-2.62177799424928,51.49213800168414]},"properties":{"name":null}},{"type":"Feature","geometry":{"type":"Point","coordinates":[-2.558022167425743,51.43412078929986]},"properties":{"name":null}},{"type":"Feature","geometry":{"type":"Point","coordinates":[-2.613085899226764,51.46804132358116]},"properties":{"name":null}},{"type":"Feature","geometry":{"type":"Point","coordinates":[-2.485674492586421,51.44741745701752]},"properties":{"name":null}},{"type":"Feature","geometry":{"type":"Point","coordinates":[-2.559318873270207,51.52364453111757]},"properties":{"name":null}},{"type":"Feature","geometry":{"type":"Point","coordinates":[-2.533756994550508,51.48252800930817]},"properties":{"name":null}},{"type":"Feature","geometry":{"type":"Point","coordinates":[-2.509196054074992,51.32262736191355]},"properties":{"name":null}},{"type":"Feature","geometry":{"type":"Point","coordinates":[-2.405946577093747,51.34443206649344]},"properties":{"name":null}},{"type":"Feature","geometry":{"type":"Point","coordinates":[-2.552875984530595,51.54627124297093]},"properties":{"name":null}},{"type":"Feature","geometry":{"type":"Point","coordinates":[-2.339735320828486,51.34130697514257]},"properties":{"name":null}},{"type":"Feature","geometry":{"type":"Point","coordinates":[-2.390115223255788,51.3382724977018]},"properties":{"name":null}},{"type":"Feature","geometry":{"type":"Point","coordinates":[-2.502403375091643,51.47436720666392]},"properties":{"name":null}},{"type":"Feature","geometry":{"type":"Point","coordinates":[-2.691804944867298,51.44232700399774]},"properties":{"name":null}},{"type":"Feature","geometry":{"type":"Point","coordinates":[-2.978225278703907,51.35016786736818]},"properties":{"name":null}},{"type":"Feature","geometry":{"type":"Point","coordinates":[-2.43569419666739,51.41083756955834]},"properties":{"name":null}},{"type":"Feature","geometry":{"type":"Point","coordinates":[-2.508204411124399,51.60240165978586]},"properties":{"name":null}},{"type":"Feature","geometry":{"type":"Point","coordinates":[-2.398156546891401,51.39314032754191]},"properties":{"name":null}},{"type":"Feature","geometry":{"type":"Point","coordinates":[-2.62219875433483,51.53357791678043]},"properties":{"name":null}},{"type":"Feature","geometry":{"type":"Point","coordinates":[-2.37977512833077,51.360327496721006]},"properties":{"name":null}},{"type":"Feature","geometry":{"type":"Point","coordinates":[-2.47578734257715,51.454219854780305]},"properties":{"name":null}},{"type":"Feature","geometry":{"type":"Point","coordinates":[-2.628006206093504,51.50619459087724]},"properties":{"name":null}},{"type":"Feature","geometry":{"type":"Point","coordinates":[-2.605698341265858,51.45053645144951]},"properties":{"name":null}},{"type":"Feature","geometry":{"type":"Point","coordinates":[-2.376973317397153,51.36368148089027]},"properties":{"name":null}},{"type":"Feature","geometry":{"type":"Point","coordinates":[-2.959441870516451,51.32190798958761]},"properties":{"name":null}},{"type":"Feature","geometry":{"type":"Point","coordinates":[-2.941827938592422,51.30760981960848]},"properties":{"name":null}},{"type":"Feature","geometry":{"type":"Point","coordinates":[-2.502431477811119,51.47430414465744]},"properties":{"name":null}},{"type":"Feature","geometry":{"type":"Point","coordinates":[-2.602870233727271,51.526359835753254]},"properties":{"name":null}},{"type":"Feature","geometry":{"type":"Point","coordinates":[-2.639853987687712,51.522917698365916]},"properties":{"name":null}},{"type":"Feature","geometry":{"type":"Point","coordinates":[-2.300569308356835,51.40029245646138]},"properties":{"name":null}},{"type":"Feature","geometry":{"type":"Point","coordinates":[-2.349087799623006,51.37234615264091]},"properties":{"name":null}},{"type":"Feature","geometry":{"type":"Point","coordinates":[-2.388485785936429,51.37637600685457]},"properties":{"name":null}},{"type":"Feature","geometry":{"type":"Point","coordinates":[-2.294332468945019,51.58856666130536]},"properties":{"name":null}},{"type":"Feature","geometry":{"type":"Point","coordinates":[-2.497597225441792,51.47861374045533]},"properties":{"name":null}},{"type":"Feature","geometry":{"type":"Point","coordinates":[-2.306281420165516,51.40106888698104]},"properties":{"name":null}},{"type":"Feature","geometry":{"type":"Point","coordinates":[-2.555217710225611,51.456739365066234]},"properties":{"name":null}},{"type":"Feature","geometry":{"type":"Point","coordinates":[-2.35417488183604,51.39669849079765]},"properties":{"name":null}},{"type":"Feature","geometry":{"type":"Point","coordinates":[-2.521384071770406,51.47093945089729]},"properties":{"name":null}},{"type":"Feature","geometry":{"type":"Point","coordinates":[-2.758353232644016,51.43112510484475]},"properties":{"name":null}},{"type":"Feature","geometry":{"type":"Point","coordinates":[-2.496888753785585,51.46376250359511]},"properties":{"name":null}},{"type":"Feature","geometry":{"type":"Point","coordinates":[-2.682393836863256,51.49045193565345]},"properties":{"name":null}},{"type":"Feature","geometry":{"type":"Point","coordinates":[-2.760269954516046,51.358484732956185]},"properties":{"name":null}},{"type":"Feature","geometry":{"type":"Point","coordinates":[-2.541777891458305,51.441192427107524]},"properties":{"name":null}},{"type":"Feature","geometry":{"type":"Point","coordinates":[-2.592508009026548,51.501011340771]},"properties":{"name":null}},{"type":"Feature","geometry":{"type":"Point","coordinates":[-2.358928526117327,51.377828330836195]},"properties":{"name":null}},{"type":"Feature","geometry":{"type":"Point","coordinates":[-2.544391816027777,51.41542781616853]},"properties":{"name":null}},{"type":"Feature","geometry":{"type":"Point","coordinates":[-2.593155408891874,51.444306537092324]},"properties":{"name":null}},{"type":"Feature","geometry":{"type":"Point","coordinates":[-2.609855438412008,51.42117543371065]},"properties":{"name":null}},{"type":"Feature","geometry":{"type":"Point","coordinates":[-2.471658756815981,51.52429977185797]},"properties":{"name":null}},{"type":"Feature","geometry":{"type":"Point","coordinates":[-2.483067058992587,51.44986499358268]},"properties":{"name":null}},{"type":"Feature","geometry":{"type":"Point","coordinates":[-2.568380666186105,51.52327729761014]},"properties":{"name":null}},{"type":"Feature","geometry":{"type":"Point","coordinates":[-2.347163876008397,51.35921486497482]},"properties":{"name":null}},{"type":"Feature","geometry":{"type":"Point","coordinates":[-2.544294570810922,51.42658713195264]},"properties":{"name":null}},{"type":"Feature","geometry":{"type":"Point","coordinates":[-2.688836923194968,51.49171795818544]},"properties":{"name":null}},{"type":"Feature","geometry":{"type":"Point","coordinates":[-2.967635801175819,51.32666932584823]},"properties":{"name":null}},{"type":"Feature","geometry":{"type":"Point","coordinates":[-2.949445829761353,51.35907311492547]},"properties":{"name":null}},{"type":"Feature","geometry":{"type":"Point","coordinates":[-2.831171961868591,51.33206114273291]},"properties":{"name":null}},{"type":"Feature","geometry":{"type":"Point","coordinates":[-2.958073911094385,51.33616272935282]},"properties":{"name":null}},{"type":"Feature","geometry":{"type":"Point","coordinates":[-2.623239740066837,51.359510031225405]},"properties":{"name":null}},{"type":"Feature","geometry":{"type":"Point","coordinates":[-2.40284548610603,51.429415255607665]},"properties":{"name":null}},{"type":"Feature","geometry":{"type":"Point","coordinates":[-2.599463701798771,51.48319069480357]},"properties":{"name":null}},{"type":"Feature","geometry":{"type":"Point","coordinates":[-2.577653807877474,51.45423012237343]},"properties":{"name":null}},{"type":"Feature","geometry":{"type":"Point","coordinates":[-2.544569863647407,51.5016575375337]},"properties":{"name":null}},{"type":"Feature","geometry":{"type":"Point","coordinates":[-2.823355984051561,51.46538605472623]},"properties":{"name":null}},{"type":"Feature","geometry":{"type":"Point","coordinates":[-2.48739802470046,51.459270462562564]},"properties":{"name":null}},{"type":"Feature","geometry":{"type":"Point","coordinates":[-2.321987795486403,51.36544617453442]},"properties":{"name":null}},{"type":"Feature","geometry":{"type":"Point","coordinates":[-2.512055627805232,51.48130295644587]},"properties":{"name":null}},{"type":"Feature","geometry":{"type":"Point","coordinates":[-2.456122374677867,51.30343297700632]},"properties":{"name":null}},{"type":"Feature","geometry":{"type":"Point","coordinates":[-2.544308079111991,51.50145194667942]},"properties":{"name":null}},{"type":"Feature","geometry":{"type":"Point","coordinates":[-2.496023203047814,51.48219905358146]},"properties":{"name":null}},{"type":"Feature","geometry":{"type":"Point","coordinates":[-2.31728034322651,51.40963565981683]},"properties":{"name":null}},{"type":"Feature","geometry":{"type":"Point","coordinates":[-2.753823989916365,51.43386983314877]},"properties":{"name":null}},{"type":"Feature","geometry":{"type":"Point","coordinates":[-2.589221840741322,51.5332268147769]},"properties":{"name":null}},{"type":"Feature","geometry":{"type":"Point","coordinates":[-2.508584865621067,51.486470248051326]},"properties":{"name":null}},{"type":"Feature","geometry":{"type":"Point","coordinates":[-2.44350447256613,51.29506460462015]},"properties":{"name":null}},{"type":"Feature","geometry":{"type":"Point","coordinates":[-2.587458896545131,51.41093139481537]},"properties":{"name":null}},{"type":"Feature","geometry":{"type":"Point","coordinates":[-2.587497828777184,51.463191047386836]},"properties":{"name":null}},{"type":"Feature","geometry":{"type":"Point","coordinates":[-2.606558558332814,51.479548636122274]},"properties":{"name":null}},{"type":"Feature","geometry":{"type":"Point","coordinates":[-2.600335537858745,51.450923770732715]},"properties":{"name":null}},{"type":"Feature","geometry":{"type":"Point","coordinates":[-2.563160126902042,51.46003750490038]},"properties":{"name":null}},{"type":"Feature","geometry":{"type":"Point","coordinates":[-2.328827955328544,51.3638446130366]},"properties":{"name":null}},{"type":"Feature","geometry":{"type":"Point","coordinates":[-2.344967203141417,51.37458832421615]},"properties":{"name":null}},{"type":"Feature","geometry":{"type":"Point","coordinates":[-2.990829321749595,51.35531345967805]},"properties":{"name":null}},{"type":"Feature","geometry":{"type":"Point","coordinates":[-2.504601318766632,51.30405177934596]},"properties":{"name":null}},{"type":"Feature","geometry":{"type":"Point","coordinates":[-2.378937580468796,51.377135708358615]},"properties":{"name":null}},{"type":"Feature","geometry":{"type":"Point","coordinates":[-2.760192186883827,51.4864665168743]},"properties":{"name":null}},{"type":"Feature","geometry":{"type":"Point","coordinates":[-2.490583027294245,51.44221785131719]},"properties":{"name":null}},{"type":"Feature","geometry":{"type":"Point","coordinates":[-2.599786103736053,51.406885409418685]},"properties":{"name":null}},{"type":"Feature","geometry":{"type":"Point","coordinates":[-2.69089356807109,51.4801248761742]},"properties":{"name":null}},{"type":"Feature","geometry":{"type":"Point","coordinates":[-2.307130891114606,51.4034135126596]},"properties":{"name":null}},{"type":"Feature","geometry":{"type":"Point","coordinates":[-2.625039399197088,51.47359797842153]},"properties":{"name":null}},{"type":"Feature","geometry":{"type":"Point","coordinates":[-2.550158400662971,51.5421568266959]},"properties":{"name":null}},{"type":"Feature","geometry":{"type":"Point","coordinates":[-2.550823599151973,51.43126838249898]},"properties":{"name":null}},{"type":"Feature","geometry":{"type":"Point","coordinates":[-2.964834454657028,51.354595143744845]},"properties":{"name":null}},{"type":"Feature","geometry":{"type":"Point","coordinates":[-2.416949495366032,51.311707472889424]},"properties":{"name":null}},{"type":"Feature","geometry":{"type":"Point","coordinates":[-2.555247987907383,51.52550710009871]},"properties":{"name":null}},{"type":"Feature","geometry":{"type":"Point","coordinates":[-2.47957895420844,51.44660634957691]},"properties":{"name":null}},{"type":"Feature","geometry":{"type":"Point","coordinates":[-2.596227317987192,51.45592633804445]},"properties":{"name":null}},{"type":"Feature","geometry":{"type":"Point","coordinates":[-2.600866592847221,51.45300718450994]},"properties":{"name":null}},{"type":"Feature","geometry":{"type":"Point","coordinates":[-2.960699708125907,51.34023272183403]},"properties":{"name":null}},{"type":"Feature","geometry":{"type":"Point","coordinates":[-2.382648368613456,51.37587373680151]},"properties":{"name":null}},{"type":"Feature","geometry":{"type":"Point","coordinates":[-2.954993007867821,51.330891465282]},"properties":{"name":null}},{"type":"Feature","geometry":{"type":"Point","coordinates":[-2.578786066721577,51.468665498844054]},"properties":{"name":null}},{"type":"Feature","geometry":{"type":"Point","coordinates":[-2.981510218906299,51.34731687735814]},"properties":{"name":null}},{"type":"Feature","geometry":{"type":"Point","coordinates":[-2.473738888706301,51.54831707073648]},"properties":{"name":null}},{"type":"Feature","geometry":{"type":"Point","coordinates":[-2.769356895227999,51.487602721146594]},"properties":{"name":null}},{"type":"Feature","geometry":{"type":"Point","coordinates":[-2.946822821687763,51.343304498923914]},"properties":{"name":null}},{"type":"Feature","geometry":{"type":"Point","coordinates":[-2.435850545368962,51.514880091327896]},"properties":{"name":null}},{"type":"Feature","geometry":{"type":"Point","coordinates":[-2.871852959181749,51.32916680846472]},"properties":{"name":null}},{"type":"Feature","geometry":{"type":"Point","coordinates":[-2.977689981905427,51.32297110472097]},"properties":{"name":null}},{"type":"Feature","geometry":{"type":"Point","coordinates":[-2.538128885772639,51.46737506760283]},"properties":{"name":null}},{"type":"Feature","geometry":{"type":"Point","coordinates":[-2.362904344322854,51.37911985650434]},"properties":{"name":null}},{"type":"Feature","geometry":{"type":"Point","coordinates":[-2.552107423511642,51.48402564427411]},"properties":{"name":null}},{"type":"Feature","geometry":{"type":"Point","coordinates":[-2.565577629521187,51.47628282665503]},"properties":{"name":null}},{"type":"Feature","geometry":{"type":"Point","coordinates":[-2.401023204462285,51.538400735508574]},"properties":{"name":null}},{"type":"Feature","geometry":{"type":"Point","coordinates":[-2.482940570501925,51.343824756425775]},"properties":{"name":null}},{"type":"Feature","geometry":{"type":"Point","coordinates":[-2.683145406291028,51.31993473630795]},"properties":{"name":null}},{"type":"Feature","geometry":{"type":"Point","coordinates":[-2.486848752453687,51.460405706601726]},"properties":{"name":null}},{"type":"Feature","geometry":{"type":"Point","coordinates":[-2.486453958733116,51.461180636494646]},"properties":{"name":null}},{"type":"Feature","geometry":{"type":"Point","coordinates":[-2.761641715877552,51.432515501305595]},"properties":{"name":null}},{"type":"Feature","geometry":{"type":"Point","coordinates":[-2.539324398698145,51.52836900192815]},"properties":{"name":null}},{"type":"Feature","geometry":{"type":"Point","coordinates":[-2.627398177521994,51.41884343795814]},"properties":{"name":null}},{"type":"Feature","geometry":{"type":"Point","coordinates":[-2.718334296010078,51.46599557159462]},"properties":{"name":null}},{"type":"Feature","geometry":{"type":"Point","coordinates":[-2.623180290928954,51.508387293664825]},"properties":{"name":null}},{"type":"Feature","geometry":{"type":"Point","coordinates":[-2.76468376065709,51.48634742462618]},"properties":{"name":null}},{"type":"Feature","geometry":{"type":"Point","coordinates":[-2.310712364211246,51.46310013383597]},"properties":{"name":null}},{"type":"Feature","geometry":{"type":"Point","coordinates":[-2.570634174099862,51.41769524784426]},"properties":{"name":null}},{"type":"Feature","geometry":{"type":"Point","coordinates":[-2.823486502533049,51.46543909022853]},"properties":{"name":null}},{"type":"Feature","geometry":{"type":"Point","coordinates":[-2.385825967134976,51.362528632152404]},"properties":{"name":null}},{"type":"Feature","geometry":{"type":"Point","coordinates":[-2.517471286205338,51.42037825591264]},"properties":{"name":null}},{"type":"Feature","geometry":{"type":"Point","coordinates":[-2.956564067884071,51.34639928869039]},"properties":{"name":null}},{"type":"Feature","geometry":{"type":"Point","coordinates":[-2.76641341660901,51.48385439627761]},"properties":{"name":null}},{"type":"Feature","geometry":{"type":"Point","coordinates":[-2.504332052825349,51.414348011070075]},"properties":{"name":null}},{"type":"Feature","geometry":{"type":"Point","coordinates":[-2.45327020479466,51.28187211780622]},"properties":{"name":null}},{"type":"Feature","geometry":{"type":"Point","coordinates":[-2.757166009083623,51.48984002051147]},"properties":{"name":null}},{"type":"Feature","geometry":{"type":"Point","coordinates":[-2.955888421655682,51.32424799434352]},"properties":{"name":null}},{"type":"Feature","geometry":{"type":"Point","coordinates":[-2.701236113452271,51.42679587290213]},"properties":{"name":null}},{"type":"Feature","geometry":{"type":"Point","coordinates":[-2.487014268994282,51.287851036465916]},"properties":{"name":null}},{"type":"Feature","geometry":{"type":"Point","coordinates":[-2.614815514325614,51.50998698582868]},"properties":{"name":null}},{"type":"Feature","geometry":{"type":"Point","coordinates":[-2.557100710190128,51.425825748056326]},"properties":{"name":null}},{"type":"Feature","geometry":{"type":"Point","coordinates":[-2.507663233135523,51.522800726868304]},"properties":{"name":null}},{"type":"Feature","geometry":{"type":"Point","coordinates":[-2.556066280124025,51.542983136668425]},"properties":{"name":null}},{"type":"Feature","geometry":{"type":"Point","coordinates":[-2.555432775742606,51.35226219467584]},"properties":{"name":null}},{"type":"Feature","geometry":{"type":"Point","coordinates":[-2.545751737340967,51.64262347574419]},"properties":{"name":null}},{"type":"Feature","geometry":{"type":"Point","coordinates":[-2.78709427920696,51.48051642776544]},"properties":{"name":null}},{"type":"Feature","geometry":{"type":"Point","coordinates":[-2.470593768890365,51.4978593459311]},"properties":{"name":null}},{"type":"Feature","geometry":{"type":"Point","coordinates":[-2.97103338771212,51.35435509025644]},"properties":{"name":null}},{"type":"Feature","geometry":{"type":"Point","coordinates":[-2.69900773770167,51.50121562165196]},"properties":{"name":null}},{"type":"Feature","geometry":{"type":"Point","coordinates":[-2.519522062545248,51.613564688464244]},"properties":{"name":null}},{"type":"Feature","geometry":{"type":"Point","coordinates":[-2.770424245761106,51.48684040523391]},"properties":{"name":null}},{"type":"Feature","geometry":{"type":"Point","coordinates":[-2.566071415276048,51.48591026507489]},"properties":{"name":null}},{"type":"Feature","geometry":{"type":"Point","coordinates":[-2.444900203978485,51.538503278084086]},"properties":{"name":null}},{"type":"Feature","geometry":{"type":"Point","coordinates":[-2.920786927046103,51.36809640371929]},"properties":{"name":null}},{"type":"Feature","geometry":{"type":"Point","coordinates":[-2.544747961331022,51.36794021751901]},"properties":{"name":null}},{"type":"Feature","geometry":{"type":"Point","coordinates":[-2.745488807472146,51.41759393558654]},"properties":{"name":null}},{"type":"Feature","geometry":{"type":"Point","coordinates":[-2.615932705207155,51.524430610286245]},"properties":{"name":null}},{"type":"Feature","geometry":{"type":"Point","coordinates":[-2.589601980954701,51.494632983640976]},"properties":{"name":null}},{"type":"Feature","geometry":{"type":"Point","coordinates":[-2.510353647735738,51.30663452241314]},"properties":{"name":null}},{"type":"Feature","geometry":{"type":"Point","coordinates":[-2.612058067651447,51.43637771205438]},"properties":{"name":null}},{"type":"Feature","geometry":{"type":"Point","coordinates":[-2.619520869357574,51.5094946577822]},"properties":{"name":null}},{"type":"Feature","geometry":{"type":"Point","coordinates":[-2.599928277565921,51.47470040390765]},"properties":{"name":null}},{"type":"Feature","geometry":{"type":"Point","coordinates":[-2.342692763019365,51.37975627633663]},"properties":{"name":null}},{"type":"Feature","geometry":{"type":"Point","coordinates":[-2.688044216566806,51.48024956052861]},"properties":{"name":null}},{"type":"Feature","geometry":{"type":"Point","coordinates":[-2.379516684122463,51.36033732718954]},"properties":{"name":null}},{"type":"Feature","geometry":{"type":"Point","coordinates":[-2.610411834466272,51.50501967296713]},"properties":{"name":null}},{"type":"Feature","geometry":{"type":"Point","coordinates":[-2.362923419490189,51.38333689832355]},"properties":{"name":null}},{"type":"Feature","geometry":{"type":"Point","coordinates":[-2.628779168259297,51.47331720134717]},"properties":{"name":null}},{"type":"Feature","geometry":{"type":"Point","coordinates":[-2.935606248345713,51.349491512385704]},"properties":{"name":null}},{"type":"Feature","geometry":{"type":"Point","coordinates":[-2.967914161845254,51.35421902900522]},"properties":{"name":null}},{"type":"Feature","geometry":{"type":"Point","coordinates":[-2.517445975256793,51.48935379710477]},"properties":{"name":null}},{"type":"Feature","geometry":{"type":"Point","coordinates":[-2.425515226161931,51.528549473501606]},"properties":{"name":null}},{"type":"Feature","geometry":{"type":"Point","coordinates":[-2.775704839413575,51.428781608369725]},"properties":{"name":null}},{"type":"Feature","geometry":{"type":"Point","coordinates":[-2.643483613149158,51.56344137691034]},"properties":{"name":null}},{"type":"Feature","geometry":{"type":"Point","coordinates":[-2.48639575621509,51.470613196066786]},"properties":{"name":null}},{"type":"Feature","geometry":{"type":"Point","coordinates":[-2.553014049271638,51.40183681819716]},"properties":{"name":null}},{"type":"Feature","geometry":{"type":"Point","coordinates":[-2.817282709939398,51.371939751883154]},"properties":{"name":null}},{"type":"Feature","geometry":{"type":"Point","coordinates":[-2.438181032928983,51.62398513636967]},"properties":{"name":null}},{"type":"Feature","geometry":{"type":"Point","coordinates":[-2.555111548146015,51.47408477384089]},"properties":{"name":null}},{"type":"Feature","geometry":{"type":"Point","coordinates":[-2.391291921085477,51.387030995538886]},"properties":{"name":null}},{"type":"Feature","geometry":{"type":"Point","coordinates":[-2.697258910883088,51.478270829989555]},"properties":{"name":null}},{"type":"Feature","geometry":{"type":"Point","coordinates":[-2.986366387670586,51.352131885270026]},"properties":{"name":null}},{"type":"Feature","geometry":{"type":"Point","coordinates":[-2.463441676450317,51.40348368274903]},"properties":{"name":null}},{"type":"Feature","geometry":{"type":"Point","coordinates":[-2.60518451597212,51.43662029814554]},"properties":{"name":null}},{"type":"Feature","geometry":{"type":"Point","coordinates":[-2.630352167561396,51.535152849957406]},"properties":{"name":null}},{"type":"Feature","geometry":{"type":"Point","coordinates":[-2.477112267506749,51.44740770762454]},"properties":{"name":null}},{"type":"Feature","geometry":{"type":"Point","coordinates":[-2.448485041154163,51.46007312846983]},"properties":{"name":null}},{"type":"Feature","geometry":{"type":"Point","coordinates":[-2.508432464579664,51.47274070603704]},"properties":{"name":null}},{"type":"Feature","geometry":{"type":"Point","coordinates":[-2.774785304680057,51.4764800642381]},"properties":{"name":null}},{"type":"Feature","geometry":{"type":"Point","coordinates":[-2.539204644838714,51.4914228344782]},"properties":{"name":null}},{"type":"Feature","geometry":{"type":"Point","coordinates":[-2.507891563002279,51.44610063461021]},"properties":{"name":null}},{"type":"Feature","geometry":{"type":"Point","coordinates":[-2.569822187467948,51.53136261699552]},"properties":{"name":null}},{"type":"Feature","geometry":{"type":"Point","coordinates":[-2.65210351470036,51.489437624179985]},"properties":{"name":null}},{"type":"Feature","geometry":{"type":"Point","coordinates":[-2.391831795637508,51.39641670120949]},"properties":{"name":null}},{"type":"Feature","geometry":{"type":"Point","coordinates":[-2.6708972321724,51.42753084069173]},"properties":{"name":null}},{"type":"Feature","geometry":{"type":"Point","coordinates":[-2.483897843710202,51.40610760964655]},"properties":{"name":null}},{"type":"Feature","geometry":{"type":"Point","coordinates":[-2.637526022417046,51.510018561655976]},"properties":{"name":null}},{"type":"Feature","geometry":{"type":"Point","coordinates":[-2.546223526008635,51.50019319920094]},"properties":{"name":null}},{"type":"Feature","geometry":{"type":"Point","coordinates":[-2.429907117463543,51.4559795278034]},"properties":{"name":null}},{"type":"Feature","geometry":{"type":"Point","coordinates":[-2.63290879740153,51.56135901058747]},"properties":{"name":null}},{"type":"Feature","geometry":{"type":"Point","coordinates":[-2.378232106623669,51.406595192010364]},"properties":{"name":null}},{"type":"Feature","geometry":{"type":"Point","coordinates":[-2.401498604338212,51.37098197511795]},"properties":{"name":null}},{"type":"Feature","geometry":{"type":"Point","coordinates":[-2.395581669362171,51.401223733579734]},"properties":{"name":null}},{"type":"Feature","geometry":{"type":"Point","coordinates":[-2.752658799991358,51.32787113144538]},"properties":{"name":null}},{"type":"Feature","geometry":{"type":"Point","coordinates":[-2.411290933430935,51.55296758468624]},"properties":{"name":null}},{"type":"Feature","geometry":{"type":"Point","coordinates":[-2.494809512874408,51.447199515279486]},"properties":{"name":null}},{"type":"Feature","geometry":{"type":"Point","coordinates":[-2.387466349254887,51.536306283213634]},"properties":{"name":null}},{"type":"Feature","geometry":{"type":"Point","coordinates":[-2.50461759835761,51.608378600300234]},"properties":{"name":null}},{"type":"Feature","geometry":{"type":"Point","coordinates":[-2.521018733106215,51.441430340642725]},"properties":{"name":null}},{"type":"Feature","geometry":{"type":"Point","coordinates":[-2.373999304760781,51.38470469129866]},"properties":{"name":null}},{"type":"Feature","geometry":{"type":"Point","coordinates":[-2.529452151295165,51.4801287588791]},"properties":{"name":null}},{"type":"Feature","geometry":{"type":"Point","coordinates":[-2.5024936375917,51.49180154016878]},"properties":{"name":null}},{"type":"Feature","geometry":{"type":"Point","coordinates":[-2.429300143146839,51.51405903338791]},"properties":{"name":null}},{"type":"Feature","geometry":{"type":"Point","coordinates":[-2.959275410667618,51.33388680586195]},"properties":{"name":null}},{"type":"Feature","geometry":{"type":"Point","coordinates":[-2.613453794924864,51.42992355648856]},"properties":{"name":null}},{"type":"Feature","geometry":{"type":"Point","coordinates":[-2.492701536212887,51.44387245879336]},"properties":{"name":null}},{"type":"Feature","geometry":{"type":"Point","coordinates":[-2.55986682629428,51.479088511091526]},"properties":{"name":null}},{"type":"Feature","geometry":{"type":"Point","coordinates":[-2.615127595473774,51.53733775272917]},"properties":{"name":null}},{"type":"Feature","geometry":{"type":"Point","coordinates":[-2.303872516503055,51.37595203743531]},"properties":{"name":null}},{"type":"Feature","geometry":{"type":"Point","coordinates":[-2.862394784706391,51.32765419698798]},"properties":{"name":null}},{"type":"Feature","geometry":{"type":"Point","coordinates":[-2.959975462915188,51.32409767587876]},"properties":{"name":null}},{"type":"Feature","geometry":{"type":"Point","coordinates":[-2.505733780647492,51.30659161831426]},"properties":{"name":null}},{"type":"Feature","geometry":{"type":"Point","coordinates":[-2.567508909893458,51.4265762658933]},"properties":{"name":null}},{"type":"Feature","geometry":{"type":"Point","coordinates":[-2.468803336564649,51.28374431879753]},"properties":{"name":null}},{"type":"Feature","geometry":{"type":"Point","coordinates":[-2.55050791507231,51.568725769791875]},"properties":{"name":null}},{"type":"Feature","geometry":{"type":"Point","coordinates":[-2.60933305254882,51.327841858949974]},"properties":{"name":null}},{"type":"Feature","geometry":{"type":"Point","coordinates":[-2.839686743659863,51.44689088407845]},"properties":{"name":null}},{"type":"Feature","geometry":{"type":"Point","coordinates":[-2.805813240412207,51.374914579449495]},"properties":{"name":null}},{"type":"Feature","geometry":{"type":"Point","coordinates":[-2.617934211499811,51.41556695335195]},"properties":{"name":null}},{"type":"Feature","geometry":{"type":"Point","coordinates":[-2.746383672814036,51.438997766169834]},"properties":{"name":null}},{"type":"Feature","geometry":{"type":"Point","coordinates":[-2.588282751199596,51.498461024143715]},"properties":{"name":null}},{"type":"Feature","geometry":{"type":"Point","coordinates":[-2.525659760510786,51.29650475589806]},"properties":{"name":null}},{"type":"Feature","geometry":{"type":"Point","coordinates":[-2.45391266490502,51.31504130556315]},"properties":{"name":null}},{"type":"Feature","geometry":{"type":"Point","coordinates":[-2.6142272188697,51.50266194713898]},"properties":{"name":null}},{"type":"Feature","geometry":{"type":"Point","coordinates":[-2.365408267400214,51.38139594273432]},"properties":{"name":null}},{"type":"Feature","geometry":{"type":"Point","coordinates":[-2.901406220742536,51.36216884673705]},"properties":{"name":null}},{"type":"Feature","geometry":{"type":"Point","coordinates":[-2.626347404489795,51.41249179645831]},"properties":{"name":null}},{"type":"Feature","geometry":{"type":"Point","coordinates":[-2.41691887104987,51.55485394052118]},"properties":{"name":null}},{"type":"Feature","geometry":{"type":"Point","coordinates":[-2.575260788537503,51.50882104245546]},"properties":{"name":null}},{"type":"Feature","geometry":{"type":"Point","coordinates":[-2.957679263848368,51.30754416793487]},"properties":{"name":null}},{"type":"Feature","geometry":{"type":"Point","coordinates":[-2.469415593236112,51.40284846207374]},"properties":{"name":null}},{"type":"Feature","geometry":{"type":"Point","coordinates":[-2.654717243590977,51.5050053393245]},"properties":{"name":null}},{"type":"Feature","geometry":{"type":"Point","coordinates":[-2.807399207331218,51.47563078531492]},"properties":{"name":null}},{"type":"Feature","geometry":{"type":"Point","coordinates":[-2.901002361319883,51.3327408794493]},"properties":{"name":null}},{"type":"Feature","geometry":{"type":"Point","coordinates":[-2.501788596711134,51.30790342438363]},"properties":{"name":null}},{"type":"Feature","geometry":{"type":"Point","coordinates":[-2.53281859749755,51.427979584370966]},"properties":{"name":null}},{"type":"Feature","geometry":{"type":"Point","coordinates":[-2.762395013308686,51.47779309502621]},"properties":{"name":null}},{"type":"Feature","geometry":{"type":"Point","coordinates":[-2.403680602249544,51.55029653565663]},"properties":{"name":null}},{"type":"Feature","geometry":{"type":"Point","coordinates":[-2.555476832274618,51.35234291331326]},"properties":{"name":null}},{"type":"Feature","geometry":{"type":"Point","coordinates":[-2.538014925615547,51.50778416423751]},"properties":{"name":null}},{"type":"Feature","geometry":{"type":"Point","coordinates":[-2.508267704007202,51.604190724058334]},"properties":{"name":null}},{"type":"Feature","geometry":{"type":"Point","coordinates":[-2.488127162853699,51.283278503730564]},"properties":{"name":null}},{"type":"Feature","geometry":{"type":"Point","coordinates":[-2.495635526153626,51.47563683501867]},"properties":{"name":null}},{"type":"Feature","geometry":{"type":"Point","coordinates":[-2.641117880811081,51.578821434446986]},"properties":{"name":null}},{"type":"Feature","geometry":{"type":"Point","coordinates":[-2.559279627711756,51.49697553030116]},"properties":{"name":null}},{"type":"Feature","geometry":{"type":"Point","coordinates":[-2.95933923517345,51.35483812378006]},"properties":{"name":null}},{"type":"Feature","geometry":{"type":"Point","coordinates":[-2.595662519628278,51.435671131183355]},"properties":{"name":null}},{"type":"Feature","geometry":{"type":"Point","coordinates":[-2.912637670589219,51.35273012332999]},"properties":{"name":null}},{"type":"Feature","geometry":{"type":"Point","coordinates":[-2.646641772868783,51.56436810336909]},"properties":{"name":null}},{"type":"Feature","geometry":{"type":"Point","coordinates":[-2.622440567567967,51.38002486657676]},"properties":{"name":null}},{"type":"Feature","geometry":{"type":"Point","coordinates":[-2.635729059661608,51.4937266452402]},"properties":{"name":null}},{"type":"Feature","geometry":{"type":"Point","coordinates":[-2.564478632338178,51.49337193091832]},"properties":{"name":null}},{"type":"Feature","geometry":{"type":"Point","coordinates":[-2.519116440398252,51.43988321212528]},"properties":{"name":null}},{"type":"Feature","geometry":{"type":"Point","coordinates":[-2.51295328690097,51.51125033163558]},"properties":{"name":null}},{"type":"Feature","geometry":{"type":"Point","coordinates":[-2.915469485575069,51.35286986172804]},"properties":{"name":null}},{"type":"Feature","geometry":{"type":"Point","coordinates":[-2.945376351349662,51.335789515281505]},"properties":{"name":null}},{"type":"Feature","geometry":{"type":"Point","coordinates":[-2.653995760641648,51.31055169376859]},"properties":{"name":null}},{"type":"Feature","geometry":{"type":"Point","coordinates":[-2.319972157894879,51.33800870195204]},"properties":{"name":null}},{"type":"Feature","geometry":{"type":"Point","coordinates":[-2.546094932420215,51.43159620792319]},"properties":{"name":null}},{"type":"Feature","geometry":{"type":"Point","coordinates":[-2.453455793756371,51.28179047765675]},"properties":{"name":null}},{"type":"Feature","geometry":{"type":"Point","coordinates":[-2.449864889637047,51.47453537546762]},"properties":{"name":null}},{"type":"Feature","geometry":{"type":"Point","coordinates":[-2.392303855767282,51.54221571015973]},"properties":{"name":null}},{"type":"Feature","geometry":{"type":"Point","coordinates":[-2.415182366516507,51.54632705816448]},"properties":{"name":null}},{"type":"Feature","geometry":{"type":"Point","coordinates":[-2.54767965351574,51.41138418258566]},"properties":{"name":null}},{"type":"Feature","geometry":{"type":"Point","coordinates":[-2.626786102230321,51.506533804595705]},"properties":{"name":null}},{"type":"Feature","geometry":{"type":"Point","coordinates":[-2.382174876755902,51.33807391094076]},"properties":{"name":null}},{"type":"Feature","geometry":{"type":"Point","coordinates":[-2.571118203215031,51.437951204047515]},"properties":{"name":null}},{"type":"Feature","geometry":{"type":"Point","coordinates":[-2.763533457519316,51.42777350794429]},"properties":{"name":null}},{"type":"Feature","geometry":{"type":"Point","coordinates":[-2.685225845698301,51.47860265995005]},"properties":{"name":null}},{"type":"Feature","geometry":{"type":"Point","coordinates":[-2.45145670439079,51.45927047125785]},"properties":{"name":null}},{"type":"Feature","geometry":{"type":"Point","coordinates":[-2.719774969638192,51.474304087524835]},"properties":{"name":null}},{"type":"Feature","geometry":{"type":"Point","coordinates":[-2.4738697311168,51.409547451360005]},"properties":{"name":null}},{"type":"Feature","geometry":{"type":"Point","coordinates":[-2.769961475537098,51.44224410424706]},"properties":{"name":null}},{"type":"Feature","geometry":{"type":"Point","coordinates":[-2.594569084753796,51.45679800629442]},"properties":{"name":null}},{"type":"Feature","geometry":{"type":"Point","coordinates":[-2.309062422580376,51.40204166311988]},"properties":{"name":null}},{"type":"Feature","geometry":{"type":"Point","coordinates":[-2.469858930638822,51.50205243942795]},"properties":{"name":null}},{"type":"Feature","geometry":{"type":"Point","coordinates":[-2.860274648092803,51.427534961363264]},"properties":{"name":null}},{"type":"Feature","geometry":{"type":"Point","coordinates":[-2.307862894442455,51.56804005214725]},"properties":{"name":null}},{"type":"Feature","geometry":{"type":"Point","coordinates":[-2.489979708198647,51.44365004671087]},"properties":{"name":null}},{"type":"Feature","geometry":{"type":"Point","coordinates":[-2.38045883546347,51.37000932806263]},"properties":{"name":null}},{"type":"Feature","geometry":{"type":"Point","coordinates":[-2.339997170160721,51.37858621218507]},"properties":{"name":null}},{"type":"Feature","geometry":{"type":"Point","coordinates":[-2.502022595067105,51.46722945649831]},"properties":{"name":null}},{"type":"Feature","geometry":{"type":"Point","coordinates":[-2.595104860641638,51.499073994856836]},"properties":{"name":null}},{"type":"Feature","geometry":{"type":"Point","coordinates":[-2.39820740953423,51.38905784480866]},"properties":{"name":null}},{"type":"Feature","geometry":{"type":"Point","coordinates":[-2.481099657723496,51.38611227305759]},"properties":{"name":null}},{"type":"Feature","geometry":{"type":"Point","coordinates":[-2.581865907375975,51.42224400266845]},"properties":{"name":null}},{"type":"Feature","geometry":{"type":"Point","coordinates":[-2.627470716770388,51.410525521498364]},"properties":{"name":null}},{"type":"Feature","geometry":{"type":"Point","coordinates":[-2.628938541214203,51.407478350833216]},"properties":{"name":null}},{"type":"Feature","geometry":{"type":"Point","coordinates":[-2.559064546501268,51.46177448292525]},"properties":{"name":null}},{"type":"Feature","geometry":{"type":"Point","coordinates":[-2.57184785841832,51.4986502328365]},"properties":{"name":null}},{"type":"Feature","geometry":{"type":"Point","coordinates":[-2.483636310266524,51.59627427409863]},"properties":{"name":null}},{"type":"Feature","geometry":{"type":"Point","coordinates":[-2.674987364288706,51.48344563524782]},"properties":{"name":null}},{"type":"Feature","geometry":{"type":"Point","coordinates":[-2.506273802876156,51.52618761391099]},"properties":{"name":null}},{"type":"Feature","geometry":{"type":"Point","coordinates":[-2.454594657403157,51.30124482204789]},"properties":{"name":null}},{"type":"Feature","geometry":{"type":"Point","coordinates":[-2.586789754868743,51.45849180291522]},"properties":{"name":null}},{"type":"Feature","geometry":{"type":"Point","coordinates":[-2.566766297280799,51.628838621563325]},"properties":{"name":null}},{"type":"Feature","geometry":{"type":"Point","coordinates":[-2.854033450840513,51.43454931996274]},"properties":{"name":null}},{"type":"Feature","geometry":{"type":"Point","coordinates":[-2.589903788258389,51.43648251119557]},"properties":{"name":null}},{"type":"Feature","geometry":{"type":"Point","coordinates":[-2.514306534469469,51.65300686057597]},"properties":{"name":null}},{"type":"Feature","geometry":{"type":"Point","coordinates":[-2.759935117732089,51.35908037771068]},"properties":{"name":null}},{"type":"Feature","geometry":{"type":"Point","coordinates":[-2.509069757151705,51.4627571438016]},"properties":{"name":null}},{"type":"Feature","geometry":{"type":"Point","coordinates":[-2.62691406629131,51.49483510513379]},"properties":{"name":null}},{"type":"Feature","geometry":{"type":"Point","coordinates":[-2.313606410016746,51.36019972878242]},"properties":{"name":null}},{"type":"Feature","geometry":{"type":"Point","coordinates":[-2.613340909637262,51.49888113924078]},"properties":{"name":null}},{"type":"Feature","geometry":{"type":"Point","coordinates":[-2.579247564550207,51.434575527804]},"properties":{"name":null}},{"type":"Feature","geometry":{"type":"Point","coordinates":[-2.508144650518942,51.602222085553]},"properties":{"name":null}},{"type":"Feature","geometry":{"type":"Point","coordinates":[-2.437886540103364,51.483698290192244]},"properties":{"name":null}},{"type":"Feature","geometry":{"type":"Point","coordinates":[-2.588248593710459,51.44879119457641]},"properties":{"name":null}},{"type":"Feature","geometry":{"type":"Point","coordinates":[-2.548253419233795,51.528831035818264]},"properties":{"name":null}},{"type":"Feature","geometry":{"type":"Point","coordinates":[-2.549671381204127,51.50416034980971]},"properties":{"name":null}},{"type":"Feature","geometry":{"type":"Point","coordinates":[-2.962169657552909,51.363807080897494]},"properties":{"name":null}},{"type":"Feature","geometry":{"type":"Point","coordinates":[-2.510224361901422,51.32347713966773]},"properties":{"name":null}},{"type":"Feature","geometry":{"type":"Point","coordinates":[-2.395922910921152,51.53385928153506]},"properties":{"name":null}},{"type":"Feature","geometry":{"type":"Point","coordinates":[-2.971968163711349,51.34491453139096]},"properties":{"name":null}},{"type":"Feature","geometry":{"type":"Point","coordinates":[-2.460530019048487,51.54989825571008]},"properties":{"name":null}},{"type":"Feature","geometry":{"type":"Point","coordinates":[-2.85393614596046,51.4416715993372]},"properties":{"name":null}},{"type":"Feature","geometry":{"type":"Point","coordinates":[-2.864341110901298,51.43493232445717]},"properties":{"name":null}},{"type":"Feature","geometry":{"type":"Point","coordinates":[-2.480279485410978,51.43114667694034]},"properties":{"name":null}},{"type":"Feature","geometry":{"type":"Point","coordinates":[-2.825365578500544,51.39083832093044]},"properties":{"name":null}},{"type":"Feature","geometry":{"type":"Point","coordinates":[-2.609055634673527,51.43343528405969]},"properties":{"name":null}},{"type":"Feature","geometry":{"type":"Point","coordinates":[-2.592594854988374,51.42549028884107]},"properties":{"name":null}},{"type":"Feature","geometry":{"type":"Point","coordinates":[-2.857029789227996,51.44091168981537]},"properties":{"name":null}},{"type":"Feature","geometry":{"type":"Point","coordinates":[-2.578369650179428,51.530115892573356]},"properties":{"name":null}},{"type":"Feature","geometry":{"type":"Point","coordinates":[-2.537998935514047,51.314091317042056]},"properties":{"name":null}},{"type":"Feature","geometry":{"type":"Point","coordinates":[-2.490870018312642,51.46762731855662]},"properties":{"name":null}},{"type":"Feature","geometry":{"type":"Point","coordinates":[-2.27801419556969,51.530574814795344]},"properties":{"name":null}},{"type":"Feature","geometry":{"type":"Point","coordinates":[-2.84809744892101,51.44183087260681]},"properties":{"name":null}},{"type":"Feature","geometry":{"type":"Point","coordinates":[-2.458370920633256,51.288668152898325]},"properties":{"name":null}},{"type":"Feature","geometry":{"type":"Point","coordinates":[-2.562279981876908,51.49028940371894]},"properties":{"name":null}},{"type":"Feature","geometry":{"type":"Point","coordinates":[-2.426047472474521,51.540794219720155]},"properties":{"name":null}},{"type":"Feature","geometry":{"type":"Point","coordinates":[-2.595607496859913,51.51550820283273]},"properties":{"name":null}},{"type":"Feature","geometry":{"type":"Point","coordinates":[-2.534542291030487,51.43886977054512]},"properties":{"name":null}},{"type":"Feature","geometry":{"type":"Point","coordinates":[-2.548574244557235,51.52673444897284]},"properties":{"name":null}},{"type":"Feature","geometry":{"type":"Point","coordinates":[-2.495801355435203,51.47765924181252]},"properties":{"name":null}},{"type":"Feature","geometry":{"type":"Point","coordinates":[-2.411288153453581,51.32842572416478]},"properties":{"name":null}},{"type":"Feature","geometry":{"type":"Point","coordinates":[-2.564601174138724,51.43102318784191]},"properties":{"name":null}},{"type":"Feature","geometry":{"type":"Point","coordinates":[-2.350248773131828,51.383276674638914]},"properties":{"name":null}},{"type":"Feature","geometry":{"type":"Point","coordinates":[-2.904942669621612,51.337494325302266]},"properties":{"name":null}},{"type":"Feature","geometry":{"type":"Point","coordinates":[-2.424205309355093,51.54427166347601]},"properties":{"name":null}},{"type":"Feature","geometry":{"type":"Point","coordinates":[-2.614961869272241,51.455550630142184]},"properties":{"name":null}},{"type":"Feature","geometry":{"type":"Point","coordinates":[-2.429876753817295,51.28867705321452]},"properties":{"name":null}},{"type":"Feature","geometry":{"type":"Point","coordinates":[-2.543613255888451,51.5314063412365]},"properties":{"name":null}},{"type":"Feature","geometry":{"type":"Point","coordinates":[-2.90895912269058,51.34097017537138]},"properties":{"name":null}},{"type":"Feature","geometry":{"type":"Point","coordinates":[-2.696894221761571,51.50055385625464]},"properties":{"name":null}},{"type":"Feature","geometry":{"type":"Point","coordinates":[-2.619772933966472,51.513206839917785]},"properties":{"name":null}},{"type":"Feature","geometry":{"type":"Point","coordinates":[-2.481739818144772,51.53575017575488]},"properties":{"name":null}},{"type":"Feature","geometry":{"type":"Point","coordinates":[-2.495790290077386,51.41431248818174]},"properties":{"name":null}},{"type":"Feature","geometry":{"type":"Point","coordinates":[-2.463335731350201,51.2832984635553]},"properties":{"name":null}},{"type":"Feature","geometry":{"type":"Point","coordinates":[-2.539491605541525,51.526659805393486]},"properties":{"name":null}},{"type":"Feature","geometry":{"type":"Point","coordinates":[-2.48768650835757,51.4606809718195]},"properties":{"name":null}},{"type":"Feature","geometry":{"type":"Point","coordinates":[-2.406004720759764,51.34451279167715]},"properties":{"name":null}},{"type":"Feature","geometry":{"type":"Point","coordinates":[-2.744666436553312,51.3341986481664]},"properties":{"name":null}},{"type":"Feature","geometry":{"type":"Point","coordinates":[-2.477331704936687,51.482276564420594]},"properties":{"name":null}},{"type":"Feature","geometry":{"type":"Point","coordinates":[-2.924320151693479,51.35023761533817]},"properties":{"name":null}},{"type":"Feature","geometry":{"type":"Point","coordinates":[-2.613140964262732,51.45714277575793]},"properties":{"name":null}},{"type":"Feature","geometry":{"type":"Point","coordinates":[-2.562950429922443,51.478084723875234]},"properties":{"name":null}},{"type":"Feature","geometry":{"type":"Point","coordinates":[-2.624337289664776,51.443326016939835]},"properties":{"name":null}},{"type":"Feature","geometry":{"type":"Point","coordinates":[-2.484674007257308,51.479342194013014]},"properties":{"name":null}},{"type":"Feature","geometry":{"type":"Point","coordinates":[-2.626627244561757,51.441380557636506]},"properties":{"name":null}},{"type":"Feature","geometry":{"type":"Point","coordinates":[-2.346738964552659,51.59173229704282]},"properties":{"name":null}},{"type":"Feature","geometry":{"type":"Point","coordinates":[-2.599042393069746,51.5301379150691]},"properties":{"name":null}},{"type":"Feature","geometry":{"type":"Point","coordinates":[-2.545051924529605,51.49980302026161]},"properties":{"name":null}},{"type":"Feature","geometry":{"type":"Point","coordinates":[-2.977605964320702,51.341981179146664]},"properties":{"name":null}},{"type":"Feature","geometry":{"type":"Point","coordinates":[-2.429390789440847,51.52984814132969]},"properties":{"name":null}},{"type":"Feature","geometry":{"type":"Point","coordinates":[-2.541241791472524,51.443316945130164]},"properties":{"name":null}},{"type":"Feature","geometry":{"type":"Point","coordinates":[-2.595077895066949,51.43275191777587]},"properties":{"name":null}},{"type":"Feature","geometry":{"type":"Point","coordinates":[-2.629446172385395,51.51136600276285]},"properties":{"name":null}},{"type":"Feature","geometry":{"type":"Point","coordinates":[-2.986911020349742,51.352082340804216]},"properties":{"name":null}},{"type":"Feature","geometry":{"type":"Point","coordinates":[-2.550117862171974,51.395286377224295]},"properties":{"name":null}},{"type":"Feature","geometry":{"type":"Point","coordinates":[-2.497712045991416,51.434940561203604]},"properties":{"name":null}},{"type":"Feature","geometry":{"type":"Point","coordinates":[-2.902466080824401,51.35909438385118]},"properties":{"name":null}},{"type":"Feature","geometry":{"type":"Point","coordinates":[-2.593866789366371,51.4570263724834]},"properties":{"name":null}},{"type":"Feature","geometry":{"type":"Point","coordinates":[-2.723380866434481,51.36260283470586]},"properties":{"name":null}},{"type":"Feature","geometry":{"type":"Point","coordinates":[-2.896645457800382,51.350794565831954]},"properties":{"name":null}},{"type":"Feature","geometry":{"type":"Point","coordinates":[-2.98057569087396,51.34254986743618]},"properties":{"name":null}},{"type":"Feature","geometry":{"type":"Point","coordinates":[-2.592067094325288,51.43354044557606]},"properties":{"name":null}},{"type":"Feature","geometry":{"type":"Point","coordinates":[-2.582521203304512,51.49401198543369]},"properties":{"name":null}},{"type":"Feature","geometry":{"type":"Point","coordinates":[-2.616037067861813,51.47122689203251]},"properties":{"name":null}},{"type":"Feature","geometry":{"type":"Point","coordinates":[-2.34772210814286,51.38737543541583]},"properties":{"name":null}},{"type":"Feature","geometry":{"type":"Point","coordinates":[-2.846070026286263,51.449686450071525]},"properties":{"name":null}},{"type":"Feature","geometry":{"type":"Point","coordinates":[-2.58912047977902,51.435982944246064]},"properties":{"name":null}},{"type":"Feature","geometry":{"type":"Point","coordinates":[-2.622044320116534,51.51914723148483]},"properties":{"name":null}},{"type":"Feature","geometry":{"type":"Point","coordinates":[-2.488449091405007,51.40955960700969]},"properties":{"name":null}},{"type":"Feature","geometry":{"type":"Point","coordinates":[-2.552213631154451,51.443922267512846]},"properties":{"name":null}},{"type":"Feature","geometry":{"type":"Point","coordinates":[-2.975511282627195,51.340020345707224]},"properties":{"name":null}},{"type":"Feature","geometry":{"type":"Point","coordinates":[-2.414730777115637,51.55374673508645]},"properties":{"name":null}},{"type":"Feature","geometry":{"type":"Point","coordinates":[-2.963278401695731,51.367358880534]},"properties":{"name":null}},{"type":"Feature","geometry":{"type":"Point","coordinates":[-2.51095681681604,51.32611761072514]},"properties":{"name":null}},{"type":"Feature","geometry":{"type":"Point","coordinates":[-2.506257626408364,51.490913180513715]},"properties":{"name":null}},{"type":"Feature","geometry":{"type":"Point","coordinates":[-2.28391955377242,51.53901275744086]},"properties":{"name":null}},{"type":"Feature","geometry":{"type":"Point","coordinates":[-2.434413010621235,51.487955302352844]},"properties":{"name":null}},{"type":"Feature","geometry":{"type":"Point","coordinates":[-2.869377220308449,51.372086539667585]},"properties":{"name":null}},{"type":"Feature","geometry":{"type":"Point","coordinates":[-2.84048010218658,51.400756898148884]},"properties":{"name":null}},{"type":"Feature","geometry":{"type":"Point","coordinates":[-2.652059724855751,51.43193523261252]},"properties":{"name":null}},{"type":"Feature","geometry":{"type":"Point","coordinates":[-2.536820677677524,51.46141955258688]},"properties":{"name":null}},{"type":"Feature","geometry":{"type":"Point","coordinates":[-2.318921613620516,51.391341882734665]},"properties":{"name":null}},{"type":"Feature","geometry":{"type":"Point","coordinates":[-2.350277670199254,51.38705310643073]},"properties":{"name":null}},{"type":"Feature","geometry":{"type":"Point","coordinates":[-2.496943809079371,51.45292720428363]},"properties":{"name":null}},{"type":"Feature","geometry":{"type":"Point","coordinates":[-2.465549648564482,51.42694399883743]},"properties":{"name":null}},{"type":"Feature","geometry":{"type":"Point","coordinates":[-2.921681252026678,51.360419226455775]},"properties":{"name":null}},{"type":"Feature","geometry":{"type":"Point","coordinates":[-2.587841700781522,51.41945375436587]},"properties":{"name":null}},{"type":"Feature","geometry":{"type":"Point","coordinates":[-2.365849131493126,51.424015602336745]},"properties":{"name":null}},{"type":"Feature","geometry":{"type":"Point","coordinates":[-2.519125859276032,51.31234191575218]},"properties":{"name":null}},{"type":"Feature","geometry":{"type":"Point","coordinates":[-2.2861636443365,51.5795324222635]},"properties":{"name":null}},{"type":"Feature","geometry":{"type":"Point","coordinates":[-2.758694467867722,51.489074840990305]},"properties":{"name":null}},{"type":"Feature","geometry":{"type":"Point","coordinates":[-2.518656453095854,51.45010877822417]},"properties":{"name":null}},{"type":"Feature","geometry":{"type":"Point","coordinates":[-2.398422427915512,51.38899417074011]},"properties":{"name":null}},{"type":"Feature","geometry":{"type":"Point","coordinates":[-2.596736778355608,51.46407946167106]},"properties":{"name":null}},{"type":"Feature","geometry":{"type":"Point","coordinates":[-2.494451456331068,51.30735033173545]},"properties":{"name":null}},{"type":"Feature","geometry":{"type":"Point","coordinates":[-2.503497735850568,51.339619880416706]},"properties":{"name":null}},{"type":"Feature","geometry":{"type":"Point","coordinates":[-2.611884360926936,51.43304286200504]},"properties":{"name":null}},{"type":"Feature","geometry":{"type":"Point","coordinates":[-2.910723088661652,51.36841802229285]},"properties":{"name":null}},{"type":"Feature","geometry":{"type":"Point","coordinates":[-2.576049232553184,51.52559561640438]},"properties":{"name":null}},{"type":"Feature","geometry":{"type":"Point","coordinates":[-2.980877867937202,51.32306137706209]},"properties":{"name":null}},{"type":"Feature","geometry":{"type":"Point","coordinates":[-2.625044694881809,51.41186934314319]},"properties":{"name":null}},{"type":"Feature","geometry":{"type":"Point","coordinates":[-2.947383197020229,51.30846419767936]},"properties":{"name":null}},{"type":"Feature","geometry":{"type":"Point","coordinates":[-2.77459828691402,51.47649029063039]},"properties":{"name":null}},{"type":"Feature","geometry":{"type":"Point","coordinates":[-2.565683561350537,51.63006670839784]},"properties":{"name":null}},{"type":"Feature","geometry":{"type":"Point","coordinates":[-2.526161717750696,51.355589220704125]},"properties":{"name":null}},{"type":"Feature","geometry":{"type":"Point","coordinates":[-2.865187686324372,51.425682423993806]},"properties":{"name":null}},{"type":"Feature","geometry":{"type":"Point","coordinates":[-2.668479876345025,51.5464325629408]},"properties":{"name":null}},{"type":"Feature","geometry":{"type":"Point","coordinates":[-2.611639198920227,51.41372974889013]},"properties":{"name":null}},{"type":"Feature","geometry":{"type":"Point","coordinates":[-2.39616321335028,51.38031568214431]},"properties":{"name":null}},{"type":"Feature","geometry":{"type":"Point","coordinates":[-2.467399461685622,51.448867604354305]},"properties":{"name":null}},{"type":"Feature","geometry":{"type":"Point","coordinates":[-2.92883806319822,51.352809474947904]},"properties":{"name":null}},{"type":"Feature","geometry":{"type":"Point","coordinates":[-2.483191611832731,51.43717714706922]},"properties":{"name":null}},{"type":"Feature","geometry":{"type":"Point","coordinates":[-2.781052024899506,51.333143366348445]},"properties":{"name":null}},{"type":"Feature","geometry":{"type":"Point","coordinates":[-2.37081897711046,51.38059661970454]},"properties":{"name":null}},{"type":"Feature","geometry":{"type":"Point","coordinates":[-2.357251595774511,51.382041592176364]},"properties":{"name":null}},{"type":"Feature","geometry":{"type":"Point","coordinates":[-2.646895162183323,51.410491418738715]},"properties":{"name":null}},{"type":"Feature","geometry":{"type":"Point","coordinates":[-2.378695781433739,51.377433221595346]},"properties":{"name":null}},{"type":"Feature","geometry":{"type":"Point","coordinates":[-2.62859401184977,51.41482660987336]},"properties":{"name":null}},{"type":"Feature","geometry":{"type":"Point","coordinates":[-2.913494427666693,51.35826244709218]},"properties":{"name":null}},{"type":"Feature","geometry":{"type":"Point","coordinates":[-2.496783418362275,51.418363610724754]},"properties":{"name":null}},{"type":"Feature","geometry":{"type":"Point","coordinates":[-2.388535344889422,51.3856374368045]},"properties":{"name":null}},{"type":"Feature","geometry":{"type":"Point","coordinates":[-2.558277814340772,51.458640109017075]},"properties":{"name":null}},{"type":"Feature","geometry":{"type":"Point","coordinates":[-2.370866047743875,51.53388727029344]},"properties":{"name":null}},{"type":"Feature","geometry":{"type":"Point","coordinates":[-2.498348088902026,51.41547059380236]},"properties":{"name":null}},{"type":"Feature","geometry":{"type":"Point","coordinates":[-2.755302034215934,51.44588216161243]},"properties":{"name":null}},{"type":"Feature","geometry":{"type":"Point","coordinates":[-2.510948923972236,51.46731677928302]},"properties":{"name":null}},{"type":"Feature","geometry":{"type":"Point","coordinates":[-2.5594677703718,51.53226676354675]},"properties":{"name":null}},{"type":"Feature","geometry":{"type":"Point","coordinates":[-2.550037225844035,51.43405054009631]},"properties":{"name":null}},{"type":"Feature","geometry":{"type":"Point","coordinates":[-2.618190661924711,51.44952698772169]},"properties":{"name":null}},{"type":"Feature","geometry":{"type":"Point","coordinates":[-2.56529023145117,51.43438277867127]},"properties":{"name":null}},{"type":"Feature","geometry":{"type":"Point","coordinates":[-2.591847208188288,51.49670771748624]},"properties":{"name":null}},{"type":"Feature","geometry":{"type":"Point","coordinates":[-2.43590299149521,51.55358004573124]},"properties":{"name":null}},{"type":"Feature","geometry":{"type":"Point","coordinates":[-2.369909006029625,51.45303717325445]},"properties":{"name":null}},{"type":"Feature","geometry":{"type":"Point","coordinates":[-2.526565851108305,51.454641308413535]},"properties":{"name":null}},{"type":"Feature","geometry":{"type":"Point","coordinates":[-2.509022066757656,51.52315450777738]},"properties":{"name":null}},{"type":"Feature","geometry":{"type":"Point","coordinates":[-2.657046841058314,51.49165787241152]},"properties":{"name":null}},{"type":"Feature","geometry":{"type":"Point","coordinates":[-2.373622551314983,51.359663936511915]},"properties":{"name":null}},{"type":"Feature","geometry":{"type":"Point","coordinates":[-2.60699194268193,51.50137785491659]},"properties":{"name":null}},{"type":"Feature","geometry":{"type":"Point","coordinates":[-2.948900320910641,51.30689629158932]},"properties":{"name":null}},{"type":"Feature","geometry":{"type":"Point","coordinates":[-2.435691918950043,51.525454940165844]},"properties":{"name":null}},{"type":"Feature","geometry":{"type":"Point","coordinates":[-2.563912562313383,51.557107649795995]},"properties":{"name":null}},{"type":"Feature","geometry":{"type":"Point","coordinates":[-2.383301643053577,51.36810278371244]},"properties":{"name":null}},{"type":"Feature","geometry":{"type":"Point","coordinates":[-2.365938023950254,51.39556529594992]},"properties":{"name":null}},{"type":"Feature","geometry":{"type":"Point","coordinates":[-2.561284908006945,51.442071860888326]},"properties":{"name":null}},{"type":"Feature","geometry":{"type":"Point","coordinates":[-2.787237695877806,51.38503989752311]},"properties":{"name":null}},{"type":"Feature","geometry":{"type":"Point","coordinates":[-2.584467217676794,51.45130986573316]},"properties":{"name":null}},{"type":"Feature","geometry":{"type":"Point","coordinates":[-2.366526705807337,51.37213099388729]},"properties":{"name":null}},{"type":"Feature","geometry":{"type":"Point","coordinates":[-2.776754870568346,51.44321536399776]},"properties":{"name":null}},{"type":"Feature","geometry":{"type":"Point","coordinates":[-2.949648918175685,51.35917037951883]},"properties":{"name":null}},{"type":"Feature","geometry":{"type":"Point","coordinates":[-2.496190131082839,51.49892281658256]},"properties":{"name":null}},{"type":"Feature","geometry":{"type":"Point","coordinates":[-2.902907515490731,51.365466333378386]},"properties":{"name":null}},{"type":"Feature","geometry":{"type":"Point","coordinates":[-2.587706074888179,51.45923353647111]},"properties":{"name":null}},{"type":"Feature","geometry":{"type":"Point","coordinates":[-2.507210406501114,51.40680041891594]},"properties":{"name":null}},{"type":"Feature","geometry":{"type":"Point","coordinates":[-2.582286411116895,51.40442908209258]},"properties":{"name":null}},{"type":"Feature","geometry":{"type":"Point","coordinates":[-2.508427907251092,51.40639051444962]},"properties":{"name":null}},{"type":"Feature","geometry":{"type":"Point","coordinates":[-2.517661539267736,51.61252088663132]},"properties":{"name":null}},{"type":"Feature","geometry":{"type":"Point","coordinates":[-2.664626791937976,51.56011286926663]},"properties":{"name":null}},{"type":"Feature","geometry":{"type":"Point","coordinates":[-2.744561070076255,51.433074849656144]},"properties":{"name":null}},{"type":"Feature","geometry":{"type":"Point","coordinates":[-2.433204727834654,51.31315023055394]},"properties":{"name":null}},{"type":"Feature","geometry":{"type":"Point","coordinates":[-2.640171709222479,51.52296091806678]},"properties":{"name":null}},{"type":"Feature","geometry":{"type":"Point","coordinates":[-2.51540341406301,51.469140577656574]},"properties":{"name":null}},{"type":"Feature","geometry":{"type":"Point","coordinates":[-2.48183761492454,51.341329572935834]},"properties":{"name":null}},{"type":"Feature","geometry":{"type":"Point","coordinates":[-2.542026839986165,51.44155993833697]},"properties":{"name":null}},{"type":"Feature","geometry":{"type":"Point","coordinates":[-2.357048336915824,51.359643725961895]},"properties":{"name":null}},{"type":"Feature","geometry":{"type":"Point","coordinates":[-2.53671668459287,51.440262552023704]},"properties":{"name":null}},{"type":"Feature","geometry":{"type":"Point","coordinates":[-2.549950971371236,51.46402940892072]},"properties":{"name":null}},{"type":"Feature","geometry":{"type":"Point","coordinates":[-2.385808990780757,51.392965826204914]},"properties":{"name":null}},{"type":"Feature","geometry":{"type":"Point","coordinates":[-2.960925765000959,51.34555423807352]},"properties":{"name":null}},{"type":"Feature","geometry":{"type":"Point","coordinates":[-2.456744836923503,51.649944951514094]},"properties":{"name":null}},{"type":"Feature","geometry":{"type":"Point","coordinates":[-2.580882619124813,51.46597558599869]},"properties":{"name":null}},{"type":"Feature","geometry":{"type":"Point","coordinates":[-2.654099191381835,51.49201604764246]},"properties":{"name":null}},{"type":"Feature","geometry":{"type":"Point","coordinates":[-2.549905203693644,51.535513151101654]},"properties":{"name":null}},{"type":"Feature","geometry":{"type":"Point","coordinates":[-2.637360586361675,51.584641678683234]},"properties":{"name":null}},{"type":"Feature","geometry":{"type":"Point","coordinates":[-2.925020785018807,51.36006915128151]},"properties":{"name":null}},{"type":"Feature","geometry":{"type":"Point","coordinates":[-2.416558669042006,51.54701453044352]},"properties":{"name":null}},{"type":"Feature","geometry":{"type":"Point","coordinates":[-2.494311210968066,51.438389750995725]},"properties":{"name":null}},{"type":"Feature","geometry":{"type":"Point","coordinates":[-2.485989817679223,51.497499849658304]},"properties":{"name":null}},{"type":"Feature","geometry":{"type":"Point","coordinates":[-2.860799337070684,51.375854567787]},"properties":{"name":null}},{"type":"Feature","geometry":{"type":"Point","coordinates":[-2.566274850653386,51.57658136631146]},"properties":{"name":null}},{"type":"Feature","geometry":{"type":"Point","coordinates":[-2.827461594434501,51.45440504564786]},"properties":{"name":null}},{"type":"Feature","geometry":{"type":"Point","coordinates":[-2.326021286475435,51.40344323838775]},"properties":{"name":null}},{"type":"Feature","geometry":{"type":"Point","coordinates":[-2.395184263450296,51.39012912091921]},"properties":{"name":null}},{"type":"Feature","geometry":{"type":"Point","coordinates":[-2.627896776396853,51.54733175791736]},"properties":{"name":null}},{"type":"Feature","geometry":{"type":"Point","coordinates":[-2.497496922561643,51.43368262636537]},"properties":{"name":null}},{"type":"Feature","geometry":{"type":"Point","coordinates":[-2.496902189320857,51.48091853054959]},"properties":{"name":null}},{"type":"Feature","geometry":{"type":"Point","coordinates":[-2.590081023356338,51.464805594891864]},"properties":{"name":null}},{"type":"Feature","geometry":{"type":"Point","coordinates":[-2.56473449412159,51.45462584848257]},"properties":{"name":null}},{"type":"Feature","geometry":{"type":"Point","coordinates":[-2.914519024781556,51.366428122281654]},"properties":{"name":null}},{"type":"Feature","geometry":{"type":"Point","coordinates":[-2.728827890880035,51.47949020166685]},"properties":{"name":null}},{"type":"Feature","geometry":{"type":"Point","coordinates":[-2.683022164615181,51.49489003745975]},"properties":{"name":null}},{"type":"Feature","geometry":{"type":"Point","coordinates":[-2.359097300640102,51.35902601842442]},"properties":{"name":null}},{"type":"Feature","geometry":{"type":"Point","coordinates":[-2.506261913545067,51.408135310042155]},"properties":{"name":null}},{"type":"Feature","geometry":{"type":"Point","coordinates":[-2.599439021208376,51.49230825097106]},"properties":{"name":null}},{"type":"Feature","geometry":{"type":"Point","coordinates":[-2.966214835289765,51.34989882545944]},"properties":{"name":null}},{"type":"Feature","geometry":{"type":"Point","coordinates":[-2.491508642255666,51.481534689221995]},"properties":{"name":null}},{"type":"Feature","geometry":{"type":"Point","coordinates":[-2.903838781834814,51.36461388530862]},"properties":{"name":null}},{"type":"Feature","geometry":{"type":"Point","coordinates":[-2.491323363240117,51.473649830353075]},"properties":{"name":null}},{"type":"Feature","geometry":{"type":"Point","coordinates":[-2.611874676122706,51.413063107971816]},"properties":{"name":null}},{"type":"Feature","geometry":{"type":"Point","coordinates":[-2.589900955351675,51.45307198900416]},"properties":{"name":null}},{"type":"Feature","geometry":{"type":"Point","coordinates":[-2.475753569538008,51.53271745852671]},"properties":{"name":null}},{"type":"Feature","geometry":{"type":"Point","coordinates":[-2.417295546181859,51.55031182065863]},"properties":{"name":null}},{"type":"Feature","geometry":{"type":"Point","coordinates":[-2.472399396762388,51.43419994343757]},"properties":{"name":null}},{"type":"Feature","geometry":{"type":"Point","coordinates":[-2.587258525898352,51.411004336244]},"properties":{"name":null}},{"type":"Feature","geometry":{"type":"Point","coordinates":[-2.52081435876895,51.48285592088144]},"properties":{"name":null}},{"type":"Feature","geometry":{"type":"Point","coordinates":[-2.601455305152573,51.43307902101449]},"properties":{"name":null}},{"type":"Feature","geometry":{"type":"Point","coordinates":[-2.486598081537071,51.46119802233364]},"properties":{"name":null}},{"type":"Feature","geometry":{"type":"Point","coordinates":[-2.59095807615097,51.44687129883567]},"properties":{"name":null}},{"type":"Feature","geometry":{"type":"Point","coordinates":[-2.616620278504899,51.49955629464487]},"properties":{"name":null}},{"type":"Feature","geometry":{"type":"Point","coordinates":[-2.471305493370956,51.49143640527738]},"properties":{"name":null}},{"type":"Feature","geometry":{"type":"Point","coordinates":[-2.629303192130017,51.51144769394252]},"properties":{"name":null}},{"type":"Feature","geometry":{"type":"Point","coordinates":[-2.579031477849128,51.419893163677166]},"properties":{"name":null}},{"type":"Feature","geometry":{"type":"Point","coordinates":[-2.555320577618224,51.4616663437634]},"properties":{"name":null}},{"type":"Feature","geometry":{"type":"Point","coordinates":[-2.909682697842034,51.362320558618606]},"properties":{"name":null}},{"type":"Feature","geometry":{"type":"Point","coordinates":[-2.511605517160317,51.42053886838776]},"properties":{"name":null}},{"type":"Feature","geometry":{"type":"Point","coordinates":[-2.750955386111583,51.332539929524785]},"properties":{"name":null}},{"type":"Feature","geometry":{"type":"Point","coordinates":[-2.632948665990468,51.49474874416646]},"properties":{"name":null}},{"type":"Feature","geometry":{"type":"Point","coordinates":[-2.557126617874597,51.505860500906266]},"properties":{"name":null}},{"type":"Feature","geometry":{"type":"Point","coordinates":[-2.672240006487156,51.467042614508784]},"properties":{"name":null}},{"type":"Feature","geometry":{"type":"Point","coordinates":[-2.601909497618326,51.44142948513456]},"properties":{"name":null}},{"type":"Feature","geometry":{"type":"Point","coordinates":[-2.763297511114327,51.49043873618831]},"properties":{"name":null}},{"type":"Feature","geometry":{"type":"Point","coordinates":[-2.449639228392338,51.45301027217092]},"properties":{"name":null}},{"type":"Feature","geometry":{"type":"Point","coordinates":[-2.459669775023384,51.28377143667878]},"properties":{"name":null}},{"type":"Feature","geometry":{"type":"Point","coordinates":[-2.858155447934488,51.44339421828825]},"properties":{"name":null}},{"type":"Feature","geometry":{"type":"Point","coordinates":[-2.73956740232656,51.41424148809739]},"properties":{"name":null}},{"type":"Feature","geometry":{"type":"Point","coordinates":[-2.776437308832436,51.47116395722872]},"properties":{"name":null}},{"type":"Feature","geometry":{"type":"Point","coordinates":[-2.601413222013989,51.43316016154953]},"properties":{"name":null}},{"type":"Feature","geometry":{"type":"Point","coordinates":[-2.624484752858127,51.42981102268529]},"properties":{"name":null}},{"type":"Feature","geometry":{"type":"Point","coordinates":[-2.567530980143186,51.4758867917557]},"properties":{"name":null}},{"type":"Feature","geometry":{"type":"Point","coordinates":[-2.28396392834683,51.53919248218936]},"properties":{"name":null}},{"type":"Feature","geometry":{"type":"Point","coordinates":[-2.554552886812812,51.442220773120944]},"properties":{"name":null}},{"type":"Feature","geometry":{"type":"Point","coordinates":[-2.850689089304964,51.44734212455959]},"properties":{"name":null}},{"type":"Feature","geometry":{"type":"Point","coordinates":[-2.393101670705265,51.398678396019264]},"properties":{"name":null}},{"type":"Feature","geometry":{"type":"Point","coordinates":[-2.723118237085617,51.419784212699106]},"properties":{"name":null}},{"type":"Feature","geometry":{"type":"Point","coordinates":[-2.749152307612075,51.41913517419298]},"properties":{"name":null}},{"type":"Feature","geometry":{"type":"Point","coordinates":[-2.371136628156067,51.37724171108857]},"properties":{"name":null}},{"type":"Feature","geometry":{"type":"Point","coordinates":[-2.573321975171629,51.51391101148573]},"properties":{"name":null}},{"type":"Feature","geometry":{"type":"Point","coordinates":[-2.366051482190993,51.3881646982636]},"properties":{"name":null}},{"type":"Feature","geometry":{"type":"Point","coordinates":[-2.555363718728386,51.405935024415406]},"properties":{"name":null}},{"type":"Feature","geometry":{"type":"Point","coordinates":[-2.481922426390232,51.29321340519117]},"properties":{"name":null}},{"type":"Feature","geometry":{"type":"Point","coordinates":[-2.807794598878237,51.333168816953]},"properties":{"name":null}},{"type":"Feature","geometry":{"type":"Point","coordinates":[-2.682080316240813,51.385429319763546]},"properties":{"name":null}},{"type":"Feature","geometry":{"type":"Point","coordinates":[-2.540184140688423,51.353646208085664]},"properties":{"name":null}},{"type":"Feature","geometry":{"type":"Point","coordinates":[-2.901335602677983,51.35198145369719]},"properties":{"name":null}},{"type":"Feature","geometry":{"type":"Point","coordinates":[-2.539508456036648,51.49031546382388]},"properties":{"name":null}},{"type":"Feature","geometry":{"type":"Point","coordinates":[-2.481657223653186,51.6207216801272]},"properties":{"name":null}},{"type":"Feature","geometry":{"type":"Point","coordinates":[-2.403031603823681,51.42931570685802]},"properties":{"name":null}},{"type":"Feature","geometry":{"type":"Point","coordinates":[-2.474433682358324,51.491684553988115]},"properties":{"name":null}},{"type":"Feature","geometry":{"type":"Point","coordinates":[-2.594274974708975,51.43963430589594]},"properties":{"name":null}},{"type":"Feature","geometry":{"type":"Point","coordinates":[-2.845235025393415,51.4504477876831]},"properties":{"name":null}},{"type":"Feature","geometry":{"type":"Point","coordinates":[-2.491207297240963,51.442736764595196]},"properties":{"name":null}},{"type":"Feature","geometry":{"type":"Point","coordinates":[-2.63956029398906,51.56246480255064]},"properties":{"name":null}},{"type":"Feature","geometry":{"type":"Point","coordinates":[-2.607875720434761,51.43450240116053]},"properties":{"name":null}},{"type":"Feature","geometry":{"type":"Point","coordinates":[-2.456293615396894,51.30334239039762]},"properties":{"name":null}},{"type":"Feature","geometry":{"type":"Point","coordinates":[-2.395716654011208,51.401870689290995]},"properties":{"name":null}},{"type":"Feature","geometry":{"type":"Point","coordinates":[-2.49217073848272,51.500252531012855]},"properties":{"name":null}},{"type":"Feature","geometry":{"type":"Point","coordinates":[-2.555020048201385,51.46181162985997]},"properties":{"name":null}},{"type":"Feature","geometry":{"type":"Point","coordinates":[-2.606063907396713,51.40866036721616]},"properties":{"name":null}},{"type":"Feature","geometry":{"type":"Point","coordinates":[-2.857401370135877,51.44000978308684]},"properties":{"name":null}},{"type":"Feature","geometry":{"type":"Point","coordinates":[-2.851704977840967,51.44934894071667]},"properties":{"name":null}},{"type":"Feature","geometry":{"type":"Point","coordinates":[-2.542393050476887,51.440892860497165]},"properties":{"name":null}},{"type":"Feature","geometry":{"type":"Point","coordinates":[-2.448303112960281,51.304766932367166]},"properties":{"name":null}},{"type":"Feature","geometry":{"type":"Point","coordinates":[-2.494792375265374,51.464247927459496]},"properties":{"name":null}},{"type":"Feature","geometry":{"type":"Point","coordinates":[-2.4859139674582,51.609482585357924]},"properties":{"name":null}},{"type":"Feature","geometry":{"type":"Point","coordinates":[-2.36619160224195,51.36615252487342]},"properties":{"name":null}},{"type":"Feature","geometry":{"type":"Point","coordinates":[-2.388324310263923,51.36750173433878]},"properties":{"name":null}},{"type":"Feature","geometry":{"type":"Point","coordinates":[-2.506692819309147,51.40809748166136]},"properties":{"name":null}},{"type":"Feature","geometry":{"type":"Point","coordinates":[-2.584439236408741,51.49305832549806]},"properties":{"name":null}},{"type":"Feature","geometry":{"type":"Point","coordinates":[-2.532668957327124,51.309772450310554]},"properties":{"name":null}},{"type":"Feature","geometry":{"type":"Point","coordinates":[-2.636071972473704,51.41901224341869]},"properties":{"name":null}},{"type":"Feature","geometry":{"type":"Point","coordinates":[-2.472439035448097,51.32786226367052]},"properties":{"name":null}},{"type":"Feature","geometry":{"type":"Point","coordinates":[-2.628268232911917,51.429862583510925]},"properties":{"name":null}},{"type":"Feature","geometry":{"type":"Point","coordinates":[-2.433527433080585,51.549488662011306]},"properties":{"name":null}},{"type":"Feature","geometry":{"type":"Point","coordinates":[-2.552278297664965,51.52906388131416]},"properties":{"name":null}},{"type":"Feature","geometry":{"type":"Point","coordinates":[-2.416534791967571,51.32453158943003]},"properties":{"name":null}},{"type":"Feature","geometry":{"type":"Point","coordinates":[-2.580082461477919,51.44369770316457]},"properties":{"name":null}},{"type":"Feature","geometry":{"type":"Point","coordinates":[-2.470848223216476,51.52257661769064]},"properties":{"name":null}},{"type":"Feature","geometry":{"type":"Point","coordinates":[-2.619688130692972,51.4686629586012]},"properties":{"name":null}},{"type":"Feature","geometry":{"type":"Point","coordinates":[-2.805435473812588,51.36401881874825]},"properties":{"name":null}},{"type":"Feature","geometry":{"type":"Point","coordinates":[-2.62820205746997,51.42187836133126]},"properties":{"name":null}},{"type":"Feature","geometry":{"type":"Point","coordinates":[-2.948728566803497,51.30691566763692]},"properties":{"name":null}},{"type":"Feature","geometry":{"type":"Point","coordinates":[-2.552352461241969,51.53400900369814]},"properties":{"name":null}},{"type":"Feature","geometry":{"type":"Point","coordinates":[-2.916536282160165,51.35667406818014]},"properties":{"name":null}},{"type":"Feature","geometry":{"type":"Point","coordinates":[-2.59158765823277,51.40551544686946]},"properties":{"name":null}},{"type":"Feature","geometry":{"type":"Point","coordinates":[-2.863532581242458,51.427915627953496]},"properties":{"name":null}},{"type":"Feature","geometry":{"type":"Point","coordinates":[-2.625018901413348,51.41208528819801]},"properties":{"name":null}},{"type":"Feature","geometry":{"type":"Point","coordinates":[-2.90159039980266,51.35984747742545]},"properties":{"name":null}},{"type":"Feature","geometry":{"type":"Point","coordinates":[-2.669544519143289,51.516844140946006]},"properties":{"name":null}},{"type":"Feature","geometry":{"type":"Point","coordinates":[-2.852012380896018,51.42335117529306]},"properties":{"name":null}},{"type":"Feature","geometry":{"type":"Point","coordinates":[-2.55315186206968,51.45371889151347]},"properties":{"name":null}},{"type":"Feature","geometry":{"type":"Point","coordinates":[-2.376459489806963,51.358836594875484]},"properties":{"name":null}},{"type":"Feature","geometry":{"type":"Point","coordinates":[-2.502114854406567,51.475627273215956]},"properties":{"name":null}},{"type":"Feature","geometry":{"type":"Point","coordinates":[-2.53883271075767,51.49164034331012]},"properties":{"name":null}},{"type":"Feature","geometry":{"type":"Point","coordinates":[-2.6276285474671,51.51332690911951]},"properties":{"name":null}},{"type":"Feature","geometry":{"type":"Point","coordinates":[-2.494842656623865,51.42240014161343]},"properties":{"name":null}},{"type":"Feature","geometry":{"type":"Point","coordinates":[-2.400424189133785,51.38121836072457]},"properties":{"name":null}},{"type":"Feature","geometry":{"type":"Point","coordinates":[-2.739282789868474,51.35556176169983]},"properties":{"name":null}},{"type":"Feature","geometry":{"type":"Point","coordinates":[-2.512284330679383,51.31900811758627]},"properties":{"name":null}},{"type":"Feature","geometry":{"type":"Point","coordinates":[-2.343658178145871,51.39544403019421]},"properties":{"name":null}},{"type":"Feature","geometry":{"type":"Point","coordinates":[-2.573435581078764,51.401361350629095]},"properties":{"name":null}},{"type":"Feature","geometry":{"type":"Point","coordinates":[-2.760572390323409,51.43222571337754]},"properties":{"name":null}},{"type":"Feature","geometry":{"type":"Point","coordinates":[-2.80540248382455,51.38590565945788]},"properties":{"name":null}},{"type":"Feature","geometry":{"type":"Point","coordinates":[-2.654414988924302,51.45779186442331]},"properties":{"name":null}},{"type":"Feature","geometry":{"type":"Point","coordinates":[-2.367866848617365,51.39770829717756]},"properties":{"name":null}},{"type":"Feature","geometry":{"type":"Point","coordinates":[-2.552126976732615,51.443895700052664]},"properties":{"name":null}},{"type":"Feature","geometry":{"type":"Point","coordinates":[-2.582730836187451,51.3102807955847]},"properties":{"name":null}},{"type":"Feature","geometry":{"type":"Point","coordinates":[-2.495295393088345,51.2791839470345]},"properties":{"name":null}},{"type":"Feature","geometry":{"type":"Point","coordinates":[-2.608167124139213,51.459776404324415]},"properties":{"name":null}},{"type":"Feature","geometry":{"type":"Point","coordinates":[-2.597530446203613,51.33298323760101]},"properties":{"name":null}},{"type":"Feature","geometry":{"type":"Point","coordinates":[-2.626235081387168,51.46209999610122]},"properties":{"name":null}},{"type":"Feature","geometry":{"type":"Point","coordinates":[-2.830744513745155,51.31316275765719]},"properties":{"name":null}},{"type":"Feature","geometry":{"type":"Point","coordinates":[-2.414433994603397,51.32551918448497]},"properties":{"name":null}},{"type":"Feature","geometry":{"type":"Point","coordinates":[-2.403876664620074,51.46482100782805]},"properties":{"name":null}},{"type":"Feature","geometry":{"type":"Point","coordinates":[-2.400898876762088,51.62588069815058]},"properties":{"name":null}},{"type":"Feature","geometry":{"type":"Point","coordinates":[-2.808959403446039,51.371637795173584]},"properties":{"name":null}},{"type":"Feature","geometry":{"type":"Point","coordinates":[-2.525398413785176,51.45449368579227]},"properties":{"name":null}},{"type":"Feature","geometry":{"type":"Point","coordinates":[-2.313100798095152,51.40397312983567]},"properties":{"name":null}},{"type":"Feature","geometry":{"type":"Point","coordinates":[-2.521983840155803,51.46673766277719]},"properties":{"name":null}},{"type":"Feature","geometry":{"type":"Point","coordinates":[-2.466455992004692,51.44244225352811]},"properties":{"name":null}},{"type":"Feature","geometry":{"type":"Point","coordinates":[-2.545853689655637,51.49938567269276]},"properties":{"name":null}},{"type":"Feature","geometry":{"type":"Point","coordinates":[-2.542988862913496,51.43047765257598]},"properties":{"name":null}},{"type":"Feature","geometry":{"type":"Point","coordinates":[-2.63805976021804,51.48525291508366]},"properties":{"name":null}},{"type":"Feature","geometry":{"type":"Point","coordinates":[-2.513051856534378,51.612289362861915]},"properties":{"name":null}},{"type":"Feature","geometry":{"type":"Point","coordinates":[-2.533000399309925,51.526293922007085]},"properties":{"name":null}},{"type":"Feature","geometry":{"type":"Point","coordinates":[-2.755500795296298,51.36366800067072]},"properties":{"name":null}},{"type":"Feature","geometry":{"type":"Point","coordinates":[-2.844041289815479,51.43098000586803]},"properties":{"name":null}},{"type":"Feature","geometry":{"type":"Point","coordinates":[-2.775664480262937,51.42639904169918]},"properties":{"name":null}},{"type":"Feature","geometry":{"type":"Point","coordinates":[-2.364422076797067,51.55563125649015]},"properties":{"name":null}},{"type":"Feature","geometry":{"type":"Point","coordinates":[-2.514098862915801,51.463247737591935]},"properties":{"name":null}},{"type":"Feature","geometry":{"type":"Point","coordinates":[-2.496947846141959,51.49838909971265]},"properties":{"name":null}},{"type":"Feature","geometry":{"type":"Point","coordinates":[-2.401315236594129,51.376296747033486]},"properties":{"name":null}},{"type":"Feature","geometry":{"type":"Point","coordinates":[-2.752999986995229,51.327671113723326]},"properties":{"name":null}},{"type":"Feature","geometry":{"type":"Point","coordinates":[-2.919041449908126,51.35196066362004]},"properties":{"name":null}},{"type":"Feature","geometry":{"type":"Point","coordinates":[-2.585603514958398,51.450135237549354]},"properties":{"name":null}},{"type":"Feature","geometry":{"type":"Point","coordinates":[-2.943606111532173,51.360055560116514]},"properties":{"name":null}},{"type":"Feature","geometry":{"type":"Point","coordinates":[-2.586191991664213,51.423121665101355]},"properties":{"name":null}},{"type":"Feature","geometry":{"type":"Point","coordinates":[-2.859154042553419,51.4276061275066]},"properties":{"name":null}},{"type":"Feature","geometry":{"type":"Point","coordinates":[-2.543956396898283,51.51423074876776]},"properties":{"name":null}},{"type":"Feature","geometry":{"type":"Point","coordinates":[-2.956852220389819,51.367807187370175]},"properties":{"name":null}},{"type":"Feature","geometry":{"type":"Point","coordinates":[-2.5105127400548,51.465646215672486]},"properties":{"name":null}},{"type":"Feature","geometry":{"type":"Point","coordinates":[-2.608500806896632,51.461051531782445]},"properties":{"name":null}},{"type":"Feature","geometry":{"type":"Point","coordinates":[-2.54746498347803,51.37172214057909]},"properties":{"name":null}},{"type":"Feature","geometry":{"type":"Point","coordinates":[-2.396433438271585,51.371673639257615]},"properties":{"name":null}},{"type":"Feature","geometry":{"type":"Point","coordinates":[-2.28495147567762,51.54263387157323]},"properties":{"name":null}},{"type":"Feature","geometry":{"type":"Point","coordinates":[-2.637833920927903,51.39892373233076]},"properties":{"name":null}},{"type":"Feature","geometry":{"type":"Point","coordinates":[-2.860719841396959,51.435147811474195]},"properties":{"name":null}},{"type":"Feature","geometry":{"type":"Point","coordinates":[-2.750503360949361,51.4366605698361]},"properties":{"name":null}},{"type":"Feature","geometry":{"type":"Point","coordinates":[-2.575324790528082,51.53101204045411]},"properties":{"name":null}},{"type":"Feature","geometry":{"type":"Point","coordinates":[-2.386564514476011,51.375141502971545]},"properties":{"name":null}},{"type":"Feature","geometry":{"type":"Point","coordinates":[-2.673328130747929,51.51833301011259]},"properties":{"name":null}},{"type":"Feature","geometry":{"type":"Point","coordinates":[-2.55208334698898,51.45103538798098]},"properties":{"name":null}},{"type":"Feature","geometry":{"type":"Point","coordinates":[-2.563471129942967,51.47477336972262]},"properties":{"name":null}},{"type":"Feature","geometry":{"type":"Point","coordinates":[-2.973898150714112,51.350617537909635]},"properties":{"name":null}},{"type":"Feature","geometry":{"type":"Point","coordinates":[-2.40937360808036,51.33425026666393]},"properties":{"name":null}},{"type":"Feature","geometry":{"type":"Point","coordinates":[-2.830229096812017,51.43955794183207]},"properties":{"name":null}},{"type":"Feature","geometry":{"type":"Point","coordinates":[-2.470429486289696,51.52670549687486]},"properties":{"name":null}},{"type":"Feature","geometry":{"type":"Point","coordinates":[-2.582037328837674,51.44126926484744]},"properties":{"name":null}},{"type":"Feature","geometry":{"type":"Point","coordinates":[-2.9527537252778,51.36205861255098]},"properties":{"name":null}},{"type":"Feature","geometry":{"type":"Point","coordinates":[-2.56448913977299,51.49305717420537]},"properties":{"name":null}},{"type":"Feature","geometry":{"type":"Point","coordinates":[-2.648528802553103,51.51768182064217]},"properties":{"name":null}},{"type":"Feature","geometry":{"type":"Point","coordinates":[-2.519607045851282,51.46660435081804]},"properties":{"name":null}},{"type":"Feature","geometry":{"type":"Point","coordinates":[-2.371605755742226,51.3589150510172]},"properties":{"name":null}},{"type":"Feature","geometry":{"type":"Point","coordinates":[-2.551867296088935,51.43906834234683]},"properties":{"name":null}},{"type":"Feature","geometry":{"type":"Point","coordinates":[-2.967632776157451,51.32652547768489]},"properties":{"name":null}},{"type":"Feature","geometry":{"type":"Point","coordinates":[-2.574405595907792,51.54043083501782]},"properties":{"name":null}},{"type":"Feature","geometry":{"type":"Point","coordinates":[-2.544906777192877,51.32191853038122]},"properties":{"name":null}},{"type":"Feature","geometry":{"type":"Point","coordinates":[-2.492459284131596,51.484237170973856]},"properties":{"name":null}},{"type":"Feature","geometry":{"type":"Point","coordinates":[-2.630287572123722,51.54813717481594]},"properties":{"name":null}},{"type":"Feature","geometry":{"type":"Point","coordinates":[-2.650813933547581,51.49497458314995]},"properties":{"name":null}},{"type":"Feature","geometry":{"type":"Point","coordinates":[-2.630944515113636,51.355808976033586]},"properties":{"name":null}},{"type":"Feature","geometry":{"type":"Point","coordinates":[-2.870098364508779,51.42599673856222]},"properties":{"name":null}},{"type":"Feature","geometry":{"type":"Point","coordinates":[-2.396030091655084,51.39821894181425]},"properties":{"name":null}},{"type":"Feature","geometry":{"type":"Point","coordinates":[-2.513081319067729,51.443119804157426]},"properties":{"name":null}},{"type":"Feature","geometry":{"type":"Point","coordinates":[-2.949034542071237,51.30435945362084]},"properties":{"name":null}},{"type":"Feature","geometry":{"type":"Point","coordinates":[-2.476389837497313,51.61981704142094]},"properties":{"name":null}},{"type":"Feature","geometry":{"type":"Point","coordinates":[-2.372357359195689,51.37010739064027]},"properties":{"name":null}},{"type":"Feature","geometry":{"type":"Point","coordinates":[-2.493237775302841,51.43757601027534]},"properties":{"name":null}},{"type":"Feature","geometry":{"type":"Point","coordinates":[-2.485855719188237,51.45092348457847]},"properties":{"name":null}},{"type":"Feature","geometry":{"type":"Point","coordinates":[-2.542798695777555,51.438697006779236]},"properties":{"name":null}},{"type":"Feature","geometry":{"type":"Point","coordinates":[-2.806062838853701,51.473338052067135]},"properties":{"name":null}},{"type":"Feature","geometry":{"type":"Point","coordinates":[-2.431428075827863,51.52575843269267]},"properties":{"name":null}},{"type":"Feature","geometry":{"type":"Point","coordinates":[-2.301414533901239,51.33861543740214]},"properties":{"name":null}},{"type":"Feature","geometry":{"type":"Point","coordinates":[-2.356178233745926,51.39368915436395]},"properties":{"name":null}},{"type":"Feature","geometry":{"type":"Point","coordinates":[-2.506489323720338,51.30746057470755]},"properties":{"name":null}},{"type":"Feature","geometry":{"type":"Point","coordinates":[-2.459179878082922,51.32669224359537]},"properties":{"name":null}},{"type":"Feature","geometry":{"type":"Point","coordinates":[-2.970895101740412,51.32060869252122]},"properties":{"name":null}},{"type":"Feature","geometry":{"type":"Point","coordinates":[-2.506427901935365,51.482864945015486]},"properties":{"name":null}},{"type":"Feature","geometry":{"type":"Point","coordinates":[-2.4252837899277,51.45252559967726]},"properties":{"name":null}},{"type":"Feature","geometry":{"type":"Point","coordinates":[-2.43093995303489,51.632724765229824]},"properties":{"name":null}},{"type":"Feature","geometry":{"type":"Point","coordinates":[-2.545321612694822,51.53321472647528]},"properties":{"name":null}},{"type":"Feature","geometry":{"type":"Point","coordinates":[-2.506465224248319,51.30265896431958]},"properties":{"name":null}},{"type":"Feature","geometry":{"type":"Point","coordinates":[-2.411815933447573,51.459236485306945]},"properties":{"name":null}},{"type":"Feature","geometry":{"type":"Point","coordinates":[-2.97164791744271,51.32839860123939]},"properties":{"name":null}},{"type":"Feature","geometry":{"type":"Point","coordinates":[-2.591533871255822,51.40468846546855]},"properties":{"name":null}},{"type":"Feature","geometry":{"type":"Point","coordinates":[-2.743652439256739,51.416976164860806]},"properties":{"name":null}},{"type":"Feature","geometry":{"type":"Point","coordinates":[-2.618109261936888,51.45839350614818]},"properties":{"name":null}},{"type":"Feature","geometry":{"type":"Point","coordinates":[-2.696319088932388,51.50816406129681]},"properties":{"name":null}},{"type":"Feature","geometry":{"type":"Point","coordinates":[-2.629637722966732,51.484435246582976]},"properties":{"name":null}},{"type":"Feature","geometry":{"type":"Point","coordinates":[-2.563512659367746,51.47463829731703]},"properties":{"name":null}},{"type":"Feature","geometry":{"type":"Point","coordinates":[-2.964746240304117,51.350396518755815]},"properties":{"name":null}},{"type":"Feature","geometry":{"type":"Point","coordinates":[-2.610511282139314,51.36575473471664]},"properties":{"name":null}},{"type":"Feature","geometry":{"type":"Point","coordinates":[-2.956519501948558,51.346327716992405]},"properties":{"name":null}},{"type":"Feature","geometry":{"type":"Point","coordinates":[-2.316664556874411,51.34340379536016]},"properties":{"name":null}},{"type":"Feature","geometry":{"type":"Point","coordinates":[-2.515877438222928,51.44867337404128]},"properties":{"name":null}},{"type":"Feature","geometry":{"type":"Point","coordinates":[-2.900126208728482,51.3554886451444]},"properties":{"name":null}},{"type":"Feature","geometry":{"type":"Point","coordinates":[-2.423787367549127,51.533429230384584]},"properties":{"name":null}},{"type":"Feature","geometry":{"type":"Point","coordinates":[-2.346060874664648,51.39575165948434]},"properties":{"name":null}},{"type":"Feature","geometry":{"type":"Point","coordinates":[-2.613220708179814,51.47164630436774]},"properties":{"name":null}},{"type":"Feature","geometry":{"type":"Point","coordinates":[-2.475815227271262,51.484629531466894]},"properties":{"name":null}},{"type":"Feature","geometry":{"type":"Point","coordinates":[-2.974483252103715,51.32944513947358]},"properties":{"name":null}},{"type":"Feature","geometry":{"type":"Point","coordinates":[-2.941158172250437,51.35204551826239]},"properties":{"name":null}},{"type":"Feature","geometry":{"type":"Point","coordinates":[-2.525094195754797,51.46182329024857]},"properties":{"name":null}},{"type":"Feature","geometry":{"type":"Point","coordinates":[-2.462330308163113,51.50980627032196]},"properties":{"name":null}},{"type":"Feature","geometry":{"type":"Point","coordinates":[-2.59418893438113,51.33543707846607]},"properties":{"name":null}},{"type":"Feature","geometry":{"type":"Point","coordinates":[-2.623252514639842,51.359393068115]},"properties":{"name":null}},{"type":"Feature","geometry":{"type":"Point","coordinates":[-2.747772751646323,51.43506853400637]},"properties":{"name":null}},{"type":"Feature","geometry":{"type":"Point","coordinates":[-2.487267983365195,51.394530148915116]},"properties":{"name":null}},{"type":"Feature","geometry":{"type":"Point","coordinates":[-2.542938845441774,51.49656683260875]},"properties":{"name":null}},{"type":"Feature","geometry":{"type":"Point","coordinates":[-2.435993368297745,51.6293432653125]},"properties":{"name":null}},{"type":"Feature","geometry":{"type":"Point","coordinates":[-2.587808908802784,51.4447921005071]},"properties":{"name":null}},{"type":"Feature","geometry":{"type":"Point","coordinates":[-2.632672307765443,51.55264719726593]},"properties":{"name":null}},{"type":"Feature","geometry":{"type":"Point","coordinates":[-2.951994095104753,51.356597572031234]},"properties":{"name":null}},{"type":"Feature","geometry":{"type":"Point","coordinates":[-2.442214559349318,51.5470284968939]},"properties":{"name":null}},{"type":"Feature","geometry":{"type":"Point","coordinates":[-2.361380476409616,51.386299961970096]},"properties":{"name":null}},{"type":"Feature","geometry":{"type":"Point","coordinates":[-2.854520952635218,51.425985507381036]},"properties":{"name":null}},{"type":"Feature","geometry":{"type":"Point","coordinates":[-2.562656442989338,51.43428751867623]},"properties":{"name":null}},{"type":"Feature","geometry":{"type":"Point","coordinates":[-2.771780381768259,51.34261948138714]},"properties":{"name":null}},{"type":"Feature","geometry":{"type":"Point","coordinates":[-2.392823702995472,51.36620088177849]},"properties":{"name":null}},{"type":"Feature","geometry":{"type":"Point","coordinates":[-2.974907672156186,51.34676049917067]},"properties":{"name":null}},{"type":"Feature","geometry":{"type":"Point","coordinates":[-2.423010876889982,51.396685939182234]},"properties":{"name":null}},{"type":"Feature","geometry":{"type":"Point","coordinates":[-2.77993213240419,51.48359449626161]},"properties":{"name":null}},{"type":"Feature","geometry":{"type":"Point","coordinates":[-2.516136622346641,51.6054062165572]},"properties":{"name":null}},{"type":"Feature","geometry":{"type":"Point","coordinates":[-2.761841093445716,51.48947707926287]},"properties":{"name":null}},{"type":"Feature","geometry":{"type":"Point","coordinates":[-2.418278559740238,51.45291044294758]},"properties":{"name":null}},{"type":"Feature","geometry":{"type":"Point","coordinates":[-2.96907766274524,51.34606247991979]},"properties":{"name":null}},{"type":"Feature","geometry":{"type":"Point","coordinates":[-2.97227856063589,51.35279810742663]},"properties":{"name":null}},{"type":"Feature","geometry":{"type":"Point","coordinates":[-2.574146933466438,51.508475829300984]},"properties":{"name":null}},{"type":"Feature","geometry":{"type":"Point","coordinates":[-2.496187979985944,51.2795218369359]},"properties":{"name":null}},{"type":"Feature","geometry":{"type":"Point","coordinates":[-2.52054754969,51.45946974289204]},"properties":{"name":null}},{"type":"Feature","geometry":{"type":"Point","coordinates":[-2.573798498413623,51.4704613623308]},"properties":{"name":null}},{"type":"Feature","geometry":{"type":"Point","coordinates":[-2.43979307191135,51.614421047315865]},"properties":{"name":null}},{"type":"Feature","geometry":{"type":"Point","coordinates":[-2.470461983573536,51.48223236638024]},"properties":{"name":null}},{"type":"Feature","geometry":{"type":"Point","coordinates":[-2.548127113786634,51.36701629736487]},"properties":{"name":null}},{"type":"Feature","geometry":{"type":"Point","coordinates":[-2.472536986925842,51.28289305224454]},"properties":{"name":null}},{"type":"Feature","geometry":{"type":"Point","coordinates":[-2.592731409277984,51.50268265038815]},"properties":{"name":null}},{"type":"Feature","geometry":{"type":"Point","coordinates":[-2.379153856980586,51.53363596308209]},"properties":{"name":null}},{"type":"Feature","geometry":{"type":"Point","coordinates":[-2.568006046732012,51.53486017835287]},"properties":{"name":null}},{"type":"Feature","geometry":{"type":"Point","coordinates":[-2.433665458270527,51.48962153553078]},"properties":{"name":null}},{"type":"Feature","geometry":{"type":"Point","coordinates":[-2.379021601595638,51.321287263926926]},"properties":{"name":null}},{"type":"Feature","geometry":{"type":"Point","coordinates":[-2.552550660968671,51.528936712093554]},"properties":{"name":null}},{"type":"Feature","geometry":{"type":"Point","coordinates":[-2.508620625286044,51.47282980677193]},"properties":{"name":null}},{"type":"Feature","geometry":{"type":"Point","coordinates":[-2.550308760620904,51.61196771931051]},"properties":{"name":null}},{"type":"Feature","geometry":{"type":"Point","coordinates":[-2.422411604615593,51.54988888555952]},"properties":{"name":null}},{"type":"Feature","geometry":{"type":"Point","coordinates":[-2.759100644858458,51.48058393567587]},"properties":{"name":null}},{"type":"Feature","geometry":{"type":"Point","coordinates":[-2.608220189375969,51.45187216934095]},"properties":{"name":null}},{"type":"Feature","geometry":{"type":"Point","coordinates":[-2.424324777083458,51.544711819091795]},"properties":{"name":null}},{"type":"Feature","geometry":{"type":"Point","coordinates":[-2.686564224134974,51.48906087023548]},"properties":{"name":null}},{"type":"Feature","geometry":{"type":"Point","coordinates":[-2.609433818454369,51.46408596698239]},"properties":{"name":null}},{"type":"Feature","geometry":{"type":"Point","coordinates":[-2.356530541305994,51.36324202223966]},"properties":{"name":null}},{"type":"Feature","geometry":{"type":"Point","coordinates":[-2.306800582507313,51.341164117544366]},"properties":{"name":null}},{"type":"Feature","geometry":{"type":"Point","coordinates":[-2.913791314015489,51.33269572014914]},"properties":{"name":null}},{"type":"Feature","geometry":{"type":"Point","coordinates":[-2.384903224608235,51.351858491904046]},"properties":{"name":null}},{"type":"Feature","geometry":{"type":"Point","coordinates":[-2.630984537451667,51.36707562089136]},"properties":{"name":null}},{"type":"Feature","geometry":{"type":"Point","coordinates":[-2.37816978854728,51.37289410951893]},"properties":{"name":null}},{"type":"Feature","geometry":{"type":"Point","coordinates":[-2.561267696680039,51.443016079835566]},"properties":{"name":null}},{"type":"Feature","geometry":{"type":"Point","coordinates":[-2.62233361807254,51.517113594607764]},"properties":{"name":null}},{"type":"Feature","geometry":{"type":"Point","coordinates":[-2.547731919675346,51.33021404294233]},"properties":{"name":null}},{"type":"Feature","geometry":{"type":"Point","coordinates":[-2.622487207460589,51.53358537715109]},"properties":{"name":null}},{"type":"Feature","geometry":{"type":"Point","coordinates":[-2.306083552381015,51.34128288773084]},"properties":{"name":null}},{"type":"Feature","geometry":{"type":"Point","coordinates":[-2.456143505774584,51.40109352320731]},"properties":{"name":null}},{"type":"Feature","geometry":{"type":"Point","coordinates":[-2.627790677315541,51.41810399093702]},"properties":{"name":null}},{"type":"Feature","geometry":{"type":"Point","coordinates":[-2.947469715982459,51.3572727581701]},"properties":{"name":null}},{"type":"Feature","geometry":{"type":"Point","coordinates":[-2.449905078728313,51.588333951764625]},"properties":{"name":null}},{"type":"Feature","geometry":{"type":"Point","coordinates":[-2.58159725811867,51.44173900044496]},"properties":{"name":null}},{"type":"Feature","geometry":{"type":"Point","coordinates":[-2.52297567603976,51.611211520707904]},"properties":{"name":null}},{"type":"Feature","geometry":{"type":"Point","coordinates":[-2.404964346507104,51.34376107660997]},"properties":{"name":null}},{"type":"Feature","geometry":{"type":"Point","coordinates":[-2.965915102543122,51.31785331084192]},"properties":{"name":null}},{"type":"Feature","geometry":{"type":"Point","coordinates":[-2.691294420935332,51.479969652704575]},"properties":{"name":null}},{"type":"Feature","geometry":{"type":"Point","coordinates":[-2.405154480948736,51.386444366204955]},"properties":{"name":null}},{"type":"Feature","geometry":{"type":"Point","coordinates":[-2.387645635558355,51.39430854497747]},"properties":{"name":null}},{"type":"Feature","geometry":{"type":"Point","coordinates":[-2.372632971687009,51.48005762961495]},"properties":{"name":null}},{"type":"Feature","geometry":{"type":"Point","coordinates":[-2.471652108956961,51.43984079822552]},"properties":{"name":null}},{"type":"Feature","geometry":{"type":"Point","coordinates":[-2.955747585954101,51.31539200020251]},"properties":{"name":null}},{"type":"Feature","geometry":{"type":"Point","coordinates":[-2.519311541519685,51.50647474951577]},"properties":{"name":null}},{"type":"Feature","geometry":{"type":"Point","coordinates":[-2.34553150039546,51.5886067808646]},"properties":{"name":null}},{"type":"Feature","geometry":{"type":"Point","coordinates":[-2.530443704269508,51.518392892925974]},"properties":{"name":null}},{"type":"Feature","geometry":{"type":"Point","coordinates":[-2.429602171483045,51.513994985272106]},"properties":{"name":null}},{"type":"Feature","geometry":{"type":"Point","coordinates":[-2.373335165944788,51.35964687039965]},"properties":{"name":null}},{"type":"Feature","geometry":{"type":"Point","coordinates":[-2.781008857987245,51.44291735702968]},"properties":{"name":null}},{"type":"Feature","geometry":{"type":"Point","coordinates":[-2.438049286276202,51.608816804835016]},"properties":{"name":null}},{"type":"Feature","geometry":{"type":"Point","coordinates":[-2.306098069077605,51.51789849706101]},"properties":{"name":null}},{"type":"Feature","geometry":{"type":"Point","coordinates":[-2.872090703960868,51.36140181483201]},"properties":{"name":null}},{"type":"Feature","geometry":{"type":"Point","coordinates":[-2.478676615079276,51.49521904413462]},"properties":{"name":null}},{"type":"Feature","geometry":{"type":"Point","coordinates":[-2.558737243623028,51.54795185726594]},"properties":{"name":null}},{"type":"Feature","geometry":{"type":"Point","coordinates":[-2.46785712375394,51.54995018004674]},"properties":{"name":null}},{"type":"Feature","geometry":{"type":"Point","coordinates":[-2.294595532205236,51.39903085135304]},"properties":{"name":null}},{"type":"Feature","geometry":{"type":"Point","coordinates":[-2.489484759915789,51.43641377514081]},"properties":{"name":null}},{"type":"Feature","geometry":{"type":"Point","coordinates":[-2.591073934314017,51.52597039410442]},"properties":{"name":null}},{"type":"Feature","geometry":{"type":"Point","coordinates":[-2.407299188860297,51.380349424670214]},"properties":{"name":null}},{"type":"Feature","geometry":{"type":"Point","coordinates":[-2.809576851008103,51.373252101211506]},"properties":{"name":null}},{"type":"Feature","geometry":{"type":"Point","coordinates":[-2.572228827068326,51.453141785405094]},"properties":{"name":null}},{"type":"Feature","geometry":{"type":"Point","coordinates":[-2.625929345885954,51.50288781016283]},"properties":{"name":null}},{"type":"Feature","geometry":{"type":"Point","coordinates":[-2.718527292038936,51.43517060762104]},"properties":{"name":null}},{"type":"Feature","geometry":{"type":"Point","coordinates":[-2.572727482168518,51.51018224581609]},"properties":{"name":null}},{"type":"Feature","geometry":{"type":"Point","coordinates":[-2.547357892197428,51.45061689102267]},"properties":{"name":null}},{"type":"Feature","geometry":{"type":"Point","coordinates":[-2.924096258533882,51.370498179190434]},"properties":{"name":null}},{"type":"Feature","geometry":{"type":"Point","coordinates":[-2.548165094395157,51.52867858961887]},"properties":{"name":null}},{"type":"Feature","geometry":{"type":"Point","coordinates":[-2.560028227181886,51.540338658108396]},"properties":{"name":null}},{"type":"Feature","geometry":{"type":"Point","coordinates":[-2.380359025417488,51.370099570232824]},"properties":{"name":null}},{"type":"Feature","geometry":{"type":"Point","coordinates":[-2.682266850698439,51.385410250009286]},"properties":{"name":null}},{"type":"Feature","geometry":{"type":"Point","coordinates":[-2.527661594618344,51.49840791346003]},"properties":{"name":null}},{"type":"Feature","geometry":{"type":"Point","coordinates":[-2.514516146890887,51.4734424970548]},"properties":{"name":null}},{"type":"Feature","geometry":{"type":"Point","coordinates":[-2.591421247958276,51.47491451859712]},"properties":{"name":null}},{"type":"Feature","geometry":{"type":"Point","coordinates":[-2.619467625047617,51.4556078042602]},"properties":{"name":null}},{"type":"Feature","geometry":{"type":"Point","coordinates":[-2.375017073184902,51.35807692442399]},"properties":{"name":null}},{"type":"Feature","geometry":{"type":"Point","coordinates":[-2.850835609523811,51.42736110875443]},"properties":{"name":null}},{"type":"Feature","geometry":{"type":"Point","coordinates":[-2.593602331113071,51.40677309286821]},"properties":{"name":null}},{"type":"Feature","geometry":{"type":"Point","coordinates":[-2.61702470986281,51.36514498965757]},"properties":{"name":null}},{"type":"Feature","geometry":{"type":"Point","coordinates":[-2.579693901972755,51.485744792962365]},"properties":{"name":null}},{"type":"Feature","geometry":{"type":"Point","coordinates":[-2.841305020887383,51.444901074933185]},"properties":{"name":null}},{"type":"Feature","geometry":{"type":"Point","coordinates":[-2.859934955487577,51.43548627522255]},"properties":{"name":null}},{"type":"Feature","geometry":{"type":"Point","coordinates":[-2.434971532257963,51.45882020271465]},"properties":{"name":null}},{"type":"Feature","geometry":{"type":"Point","coordinates":[-2.983487419295186,51.35113995324276]},"properties":{"name":null}},{"type":"Feature","geometry":{"type":"Point","coordinates":[-2.401130487555565,51.62593385643126]},"properties":{"name":null}},{"type":"Feature","geometry":{"type":"Point","coordinates":[-2.605496758002062,51.45595966467101]},"properties":{"name":null}},{"type":"Feature","geometry":{"type":"Point","coordinates":[-2.48435483822593,51.48320989387329]},"properties":{"name":null}},{"type":"Feature","geometry":{"type":"Point","coordinates":[-2.597598985237193,51.51351986228967]},"properties":{"name":null}},{"type":"Feature","geometry":{"type":"Point","coordinates":[-2.437342306283596,51.37566436979331]},"properties":{"name":null}},{"type":"Feature","geometry":{"type":"Point","coordinates":[-2.957693696373195,51.36200934495596]},"properties":{"name":null}},{"type":"Feature","geometry":{"type":"Point","coordinates":[-2.813622585451864,51.38429329328078]},"properties":{"name":null}},{"type":"Feature","geometry":{"type":"Point","coordinates":[-2.51526012155604,51.61599323801779]},"properties":{"name":null}},{"type":"Feature","geometry":{"type":"Point","coordinates":[-2.489192085437075,51.44131548047661]},"properties":{"name":null}},{"type":"Feature","geometry":{"type":"Point","coordinates":[-2.487698554203711,51.469924423261176]},"properties":{"name":null}},{"type":"Feature","geometry":{"type":"Point","coordinates":[-2.324375791637445,51.37610383292487]},"properties":{"name":null}},{"type":"Feature","geometry":{"type":"Point","coordinates":[-2.637942849462628,51.57778673762842]},"properties":{"name":null}},{"type":"Feature","geometry":{"type":"Point","coordinates":[-2.520583348815921,51.44998334735157]},"properties":{"name":null}},{"type":"Feature","geometry":{"type":"Point","coordinates":[-2.42708298634306,51.35084000288638]},"properties":{"name":null}},{"type":"Feature","geometry":{"type":"Point","coordinates":[-2.750790767120516,51.436640743792566]},"properties":{"name":null}},{"type":"Feature","geometry":{"type":"Point","coordinates":[-2.395504017637665,51.62017137315627]},"properties":{"name":null}},{"type":"Feature","geometry":{"type":"Point","coordinates":[-2.932469051521179,51.358355494705734]},"properties":{"name":null}},{"type":"Feature","geometry":{"type":"Point","coordinates":[-2.571607157231932,51.49093663839851]},"properties":{"name":null}},{"type":"Feature","geometry":{"type":"Point","coordinates":[-2.536782272025476,51.58061346810722]},"properties":{"name":null}},{"type":"Feature","geometry":{"type":"Point","coordinates":[-2.594360715621742,51.43958891458619]},"properties":{"name":null}},{"type":"Feature","geometry":{"type":"Point","coordinates":[-2.590734827500062,51.438456392773986]},"properties":{"name":null}},{"type":"Feature","geometry":{"type":"Point","coordinates":[-2.467969783536052,51.52721887205734]},"properties":{"name":null}},{"type":"Feature","geometry":{"type":"Point","coordinates":[-2.397577761697625,51.372757754552936]},"properties":{"name":null}},{"type":"Feature","geometry":{"type":"Point","coordinates":[-2.453956599489334,51.4226014765589]},"properties":{"name":null}},{"type":"Feature","geometry":{"type":"Point","coordinates":[-2.372974618772683,51.393007394689]},"properties":{"name":null}},{"type":"Feature","geometry":{"type":"Point","coordinates":[-2.542903475232875,51.475427610243386]},"properties":{"name":null}},{"type":"Feature","geometry":{"type":"Point","coordinates":[-2.792004232463428,51.443059407313896]},"properties":{"name":null}},{"type":"Feature","geometry":{"type":"Point","coordinates":[-2.473343159547815,51.32645586425414]},"properties":{"name":null}},{"type":"Feature","geometry":{"type":"Point","coordinates":[-2.933228398288429,51.349780276446005]},"properties":{"name":null}},{"type":"Feature","geometry":{"type":"Point","coordinates":[-2.532926366919014,51.524891562086545]},"properties":{"name":null}},{"type":"Feature","geometry":{"type":"Point","coordinates":[-2.483099066043138,51.34387805145872]},"properties":{"name":null}},{"type":"Feature","geometry":{"type":"Point","coordinates":[-2.801519233362495,51.36266088535691]},"properties":{"name":null}},{"type":"Feature","geometry":{"type":"Point","coordinates":[-2.450525638508914,51.30760896291747]},"properties":{"name":null}},{"type":"Feature","geometry":{"type":"Point","coordinates":[-2.861762468774262,51.44009469826624]},"properties":{"name":null}},{"type":"Feature","geometry":{"type":"Point","coordinates":[-2.498900350955894,51.4621084707753]},"properties":{"name":null}},{"type":"Feature","geometry":{"type":"Point","coordinates":[-2.576786816756863,51.55653242914466]},"properties":{"name":null}},{"type":"Feature","geometry":{"type":"Point","coordinates":[-2.379328925882531,51.37754805791267]},"properties":{"name":null}},{"type":"Feature","geometry":{"type":"Point","coordinates":[-2.519131906121369,51.474186447837084]},"properties":{"name":null}},{"type":"Feature","geometry":{"type":"Point","coordinates":[-2.600909609992172,51.44639799316502]},"properties":{"name":null}},{"type":"Feature","geometry":{"type":"Point","coordinates":[-2.728640996598552,51.479509348389215]},"properties":{"name":null}},{"type":"Feature","geometry":{"type":"Point","coordinates":[-2.519274575632341,51.481684842497565]},"properties":{"name":null}},{"type":"Feature","geometry":{"type":"Point","coordinates":[-2.394012039030659,51.397560347995885]},"properties":{"name":null}},{"type":"Feature","geometry":{"type":"Point","coordinates":[-2.375486403716891,51.42412900434357]},"properties":{"name":null}},{"type":"Feature","geometry":{"type":"Point","coordinates":[-2.911710275839857,51.355929478742645]},"properties":{"name":null}},{"type":"Feature","geometry":{"type":"Point","coordinates":[-2.698404482735994,51.35139757386348]},"properties":{"name":null}},{"type":"Feature","geometry":{"type":"Point","coordinates":[-2.447088145525477,51.56752000572876]},"properties":{"name":null}},{"type":"Feature","geometry":{"type":"Point","coordinates":[-2.357086543316741,51.39589836520903]},"properties":{"name":null}},{"type":"Feature","geometry":{"type":"Point","coordinates":[-2.619647748935083,51.46886998289336]},"properties":{"name":null}},{"type":"Feature","geometry":{"type":"Point","coordinates":[-2.494326419655511,51.44776802320225]},"properties":{"name":null}},{"type":"Feature","geometry":{"type":"Point","coordinates":[-2.637843129509161,51.56346328378449]},"properties":{"name":null}},{"type":"Feature","geometry":{"type":"Point","coordinates":[-2.486365663226576,51.29295216736484]},"properties":{"name":null}},{"type":"Feature","geometry":{"type":"Point","coordinates":[-2.541077669371086,51.465958828991454]},"properties":{"name":null}},{"type":"Feature","geometry":{"type":"Point","coordinates":[-2.561226075052411,51.45490344128591]},"properties":{"name":null}},{"type":"Feature","geometry":{"type":"Point","coordinates":[-2.590859630971096,51.45821954521902]},"properties":{"name":null}},{"type":"Feature","geometry":{"type":"Point","coordinates":[-2.757851477369216,51.48427865735868]},"properties":{"name":null}},{"type":"Feature","geometry":{"type":"Point","coordinates":[-2.972889290482511,51.34434038508159]},"properties":{"name":null}},{"type":"Feature","geometry":{"type":"Point","coordinates":[-2.377125342103341,51.38389437921438]},"properties":{"name":null}},{"type":"Feature","geometry":{"type":"Point","coordinates":[-2.795009155825039,51.4793750637666]},"properties":{"name":null}},{"type":"Feature","geometry":{"type":"Point","coordinates":[-2.358569122737831,51.377802458166386]},"properties":{"name":null}},{"type":"Feature","geometry":{"type":"Point","coordinates":[-2.426527727989373,51.471754261541626]},"properties":{"name":null}},{"type":"Feature","geometry":{"type":"Point","coordinates":[-2.719239144278557,51.448438214195484]},"properties":{"name":null}},{"type":"Feature","geometry":{"type":"Point","coordinates":[-2.951809475648778,51.356697985199986]},"properties":{"name":null}},{"type":"Feature","geometry":{"type":"Point","coordinates":[-2.451597626178885,51.33064222175846]},"properties":{"name":null}},{"type":"Feature","geometry":{"type":"Point","coordinates":[-2.453654946101143,51.422638611995794]},"properties":{"name":null}},{"type":"Feature","geometry":{"type":"Point","coordinates":[-2.937044836886039,51.33973254308806]},"properties":{"name":null}},{"type":"Feature","geometry":{"type":"Point","coordinates":[-2.935695699959914,51.32424023634355]},"properties":{"name":null}},{"type":"Feature","geometry":{"type":"Point","coordinates":[-2.417528108554259,51.44794073495464]},"properties":{"name":null}},{"type":"Feature","geometry":{"type":"Point","coordinates":[-2.588886294473496,51.459227602120734]},"properties":{"name":null}},{"type":"Feature","geometry":{"type":"Point","coordinates":[-2.583011813021741,51.338127937880486]},"properties":{"name":null}},{"type":"Feature","geometry":{"type":"Point","coordinates":[-2.827743226839341,51.313022151392]},"properties":{"name":null}},{"type":"Feature","geometry":{"type":"Point","coordinates":[-2.365844983560226,51.36951652767511]},"properties":{"name":null}},{"type":"Feature","geometry":{"type":"Point","coordinates":[-2.978305917531843,51.355976161707126]},"properties":{"name":null}},{"type":"Feature","geometry":{"type":"Point","coordinates":[-2.512283471165504,51.40661651671252]},"properties":{"name":null}},{"type":"Feature","geometry":{"type":"Point","coordinates":[-2.626133778587321,51.4063604363983]},"properties":{"name":null}},{"type":"Feature","geometry":{"type":"Point","coordinates":[-2.383532211840223,51.38192231787565]},"properties":{"name":null}},{"type":"Feature","geometry":{"type":"Point","coordinates":[-2.537390996594485,51.427841836399104]},"properties":{"name":null}},{"type":"Feature","geometry":{"type":"Point","coordinates":[-2.361362662134913,51.455158933936474]},"properties":{"name":null}},{"type":"Feature","geometry":{"type":"Point","coordinates":[-2.419876010210481,51.53295774297012]},"properties":{"name":null}},{"type":"Feature","geometry":{"type":"Point","coordinates":[-2.426161565324765,51.540658930121566]},"properties":{"name":null}},{"type":"Feature","geometry":{"type":"Point","coordinates":[-2.622196431573157,51.38003515982573]},"properties":{"name":null}},{"type":"Feature","geometry":{"type":"Point","coordinates":[-2.414586003042457,51.52830087381026]},"properties":{"name":null}},{"type":"Feature","geometry":{"type":"Point","coordinates":[-2.475907664554963,51.53366995356476]},"properties":{"name":null}},{"type":"Feature","geometry":{"type":"Point","coordinates":[-2.510798845469582,51.510594340539434]},"properties":{"name":null}},{"type":"Feature","geometry":{"type":"Point","coordinates":[-2.740519368938929,51.33161726321789]},"properties":{"name":null}},{"type":"Feature","geometry":{"type":"Point","coordinates":[-2.709215381171045,51.474872091462125]},"properties":{"name":null}},{"type":"Feature","geometry":{"type":"Point","coordinates":[-2.974206959606043,51.35028226094682]},"properties":{"name":null}},{"type":"Feature","geometry":{"type":"Point","coordinates":[-2.519691150351146,51.481593081812385]},"properties":{"name":null}},{"type":"Feature","geometry":{"type":"Point","coordinates":[-2.514452300044048,51.65311412077008]},"properties":{"name":null}},{"type":"Feature","geometry":{"type":"Point","coordinates":[-2.430206911189287,51.28871180609594]},"properties":{"name":null}},{"type":"Feature","geometry":{"type":"Point","coordinates":[-2.393667620789995,51.36578442453197]},"properties":{"name":null}},{"type":"Feature","geometry":{"type":"Point","coordinates":[-2.597110711379627,51.41670029520631]},"properties":{"name":null}},{"type":"Feature","geometry":{"type":"Point","coordinates":[-2.389306856496433,51.388503283158826]},"properties":{"name":null}},{"type":"Feature","geometry":{"type":"Point","coordinates":[-2.369841803284759,51.362796097146735]},"properties":{"name":null}},{"type":"Feature","geometry":{"type":"Point","coordinates":[-2.40063949648084,51.387790690971364]},"properties":{"name":null}},{"type":"Feature","geometry":{"type":"Point","coordinates":[-2.548267135138557,51.39317296706601]},"properties":{"name":null}},{"type":"Feature","geometry":{"type":"Point","coordinates":[-2.625318124184759,51.473974145393136]},"properties":{"name":null}},{"type":"Feature","geometry":{"type":"Point","coordinates":[-2.457503143129317,51.28649547323825]},"properties":{"name":null}},{"type":"Feature","geometry":{"type":"Point","coordinates":[-2.540934802058884,51.33074910889449]},"properties":{"name":null}},{"type":"Feature","geometry":{"type":"Point","coordinates":[-2.855741605276055,51.44665794928623]},"properties":{"name":null}},{"type":"Feature","geometry":{"type":"Point","coordinates":[-2.508591195680371,51.41847486218113]},"properties":{"name":null}},{"type":"Feature","geometry":{"type":"Point","coordinates":[-2.980636076088063,51.32989742273612]},"properties":{"name":null}},{"type":"Feature","geometry":{"type":"Point","coordinates":[-2.527557897598248,51.58914345533387]},"properties":{"name":null}},{"type":"Feature","geometry":{"type":"Point","coordinates":[-2.592801969717334,51.46925178617334]},"properties":{"name":null}},{"type":"Feature","geometry":{"type":"Point","coordinates":[-2.505991353181499,51.48114943482456]},"properties":{"name":null}},{"type":"Feature","geometry":{"type":"Point","coordinates":[-2.492321519305708,51.401999253800604]},"properties":{"name":null}},{"type":"Feature","geometry":{"type":"Point","coordinates":[-2.545482788384791,51.51051904275077]},"properties":{"name":null}},{"type":"Feature","geometry":{"type":"Point","coordinates":[-2.399166717384052,51.38036842517682]},"properties":{"name":null}},{"type":"Feature","geometry":{"type":"Point","coordinates":[-2.749091113178682,51.33088834734524]},"properties":{"name":null}},{"type":"Feature","geometry":{"type":"Point","coordinates":[-2.982579117680677,51.321410561189076]},"properties":{"name":null}},{"type":"Feature","geometry":{"type":"Point","coordinates":[-2.352704689093637,51.52884510400331]},"properties":{"name":null}},{"type":"Feature","geometry":{"type":"Point","coordinates":[-2.556898682595981,51.43754296656512]},"properties":{"name":null}},{"type":"Feature","geometry":{"type":"Point","coordinates":[-2.63650488684642,51.43779345562487]},"properties":{"name":null}},{"type":"Feature","geometry":{"type":"Point","coordinates":[-2.356950692880644,51.37662050076467]},"properties":{"name":null}},{"type":"Feature","geometry":{"type":"Point","coordinates":[-2.617920970895007,51.49772416347337]},"properties":{"name":null}},{"type":"Feature","geometry":{"type":"Point","coordinates":[-2.45070407863453,51.39907342581293]},"properties":{"name":null}},{"type":"Feature","geometry":{"type":"Point","coordinates":[-2.363031399648118,51.415104555783884]},"properties":{"name":null}},{"type":"Feature","geometry":{"type":"Point","coordinates":[-2.762685509502132,51.47621763516988]},"properties":{"name":null}},{"type":"Feature","geometry":{"type":"Point","coordinates":[-2.57073906374996,51.521692363398664]},"properties":{"name":null}},{"type":"Feature","geometry":{"type":"Point","coordinates":[-2.486231714190732,51.28437444477199]},"properties":{"name":null}},{"type":"Feature","geometry":{"type":"Point","coordinates":[-2.717423992553961,51.42075435395049]},"properties":{"name":null}},{"type":"Feature","geometry":{"type":"Point","coordinates":[-2.663178340988559,51.384117099049774]},"properties":{"name":null}},{"type":"Feature","geometry":{"type":"Point","coordinates":[-2.470855300120089,51.52466266842613]},"properties":{"name":null}},{"type":"Feature","geometry":{"type":"Point","coordinates":[-2.508974116996664,51.614420154369746]},"properties":{"name":null}},{"type":"Feature","geometry":{"type":"Point","coordinates":[-2.477374767122424,51.52644365272508]},"properties":{"name":null}},{"type":"Feature","geometry":{"type":"Point","coordinates":[-2.369362356946322,51.38884665342454]},"properties":{"name":null}},{"type":"Feature","geometry":{"type":"Point","coordinates":[-2.510498096530099,51.306723813021435]},"properties":{"name":null}},{"type":"Feature","geometry":{"type":"Point","coordinates":[-2.504805012129177,51.45195852234854]},"properties":{"name":null}},{"type":"Feature","geometry":{"type":"Point","coordinates":[-2.569525448742462,51.43714071832624]},"properties":{"name":null}},{"type":"Feature","geometry":{"type":"Point","coordinates":[-2.605885808791292,51.524411089255985]},"properties":{"name":null}},{"type":"Feature","geometry":{"type":"Point","coordinates":[-2.870421545968939,51.427864651339135]},"properties":{"name":null}},{"type":"Feature","geometry":{"type":"Point","coordinates":[-2.621843416635738,51.424879807716124]},"properties":{"name":null}},{"type":"Feature","geometry":{"type":"Point","coordinates":[-2.464047488223895,51.45747697590927]},"properties":{"name":null}},{"type":"Feature","geometry":{"type":"Point","coordinates":[-2.862363388910815,51.32751055348417]},"properties":{"name":null}},{"type":"Feature","geometry":{"type":"Point","coordinates":[-2.674914300123322,51.483374124027925]},"properties":{"name":null}},{"type":"Feature","geometry":{"type":"Point","coordinates":[-2.571371712292356,51.499740535228895]},"properties":{"name":null}},{"type":"Feature","geometry":{"type":"Point","coordinates":[-2.4968877764536,51.46367258995295]},"properties":{"name":null}},{"type":"Feature","geometry":{"type":"Point","coordinates":[-2.490915121926032,51.281180688722166]},"properties":{"name":null}},{"type":"Feature","geometry":{"type":"Point","coordinates":[-2.619651077752863,51.599546043556565]},"properties":{"name":null}},{"type":"Feature","geometry":{"type":"Point","coordinates":[-2.449702381483613,51.588271787264006]},"properties":{"name":null}},{"type":"Feature","geometry":{"type":"Point","coordinates":[-2.405701573993318,51.36380111907067]},"properties":{"name":null}},{"type":"Feature","geometry":{"type":"Point","coordinates":[-2.908844792319436,51.33517112710929]},"properties":{"name":null}},{"type":"Feature","geometry":{"type":"Point","coordinates":[-2.368348451633215,51.3682138633273]},"properties":{"name":null}},{"type":"Feature","geometry":{"type":"Point","coordinates":[-2.459671128230833,51.28390630857301]},"properties":{"name":null}},{"type":"Feature","geometry":{"type":"Point","coordinates":[-2.352843873897226,51.395578540555164]},"properties":{"name":null}},{"type":"Feature","geometry":{"type":"Point","coordinates":[-2.493233602587113,51.410582648386836]},"properties":{"name":null}},{"type":"Feature","geometry":{"type":"Point","coordinates":[-2.884906229214073,51.329500520863576]},"properties":{"name":null}},{"type":"Feature","geometry":{"type":"Point","coordinates":[-2.986329786649299,51.32298866520802]},"properties":{"name":null}},{"type":"Feature","geometry":{"type":"Point","coordinates":[-2.40571426267178,51.36361225027007]},"properties":{"name":null}},{"type":"Feature","geometry":{"type":"Point","coordinates":[-2.346913146977375,51.59185766471297]},"properties":{"name":null}},{"type":"Feature","geometry":{"type":"Point","coordinates":[-2.52254742076096,51.45185387355011]},"properties":{"name":null}},{"type":"Feature","geometry":{"type":"Point","coordinates":[-2.491748434926222,51.454252886586126]},"properties":{"name":null}},{"type":"Feature","geometry":{"type":"Point","coordinates":[-2.515909971463378,51.60961530465834]},"properties":{"name":null}},{"type":"Feature","geometry":{"type":"Point","coordinates":[-2.494377566313604,51.46449245396447]},"properties":{"name":null}},{"type":"Feature","geometry":{"type":"Point","coordinates":[-2.485994070199226,51.40719595145303]},"properties":{"name":null}},{"type":"Feature","geometry":{"type":"Point","coordinates":[-2.633078486738901,51.54970467853024]},"properties":{"name":null}},{"type":"Feature","geometry":{"type":"Point","coordinates":[-2.470630604658696,51.28156098586533]},"properties":{"name":null}},{"type":"Feature","geometry":{"type":"Point","coordinates":[-2.384785178829552,51.39256455833791]},"properties":{"name":null}},{"type":"Feature","geometry":{"type":"Point","coordinates":[-2.42661355489111,51.31567418662008]},"properties":{"name":null}},{"type":"Feature","geometry":{"type":"Point","coordinates":[-2.788945237768529,51.33722681058182]},"properties":{"name":null}},{"type":"Feature","geometry":{"type":"Point","coordinates":[-2.553886595055539,51.63419619391702]},"properties":{"name":null}},{"type":"Feature","geometry":{"type":"Point","coordinates":[-2.606556444316065,51.43592086780825]},"properties":{"name":null}},{"type":"Feature","geometry":{"type":"Point","coordinates":[-2.479324885082361,51.59265933561875]},"properties":{"name":null}},{"type":"Feature","geometry":{"type":"Point","coordinates":[-2.381551420098258,51.37872772758176]},"properties":{"name":null}},{"type":"Feature","geometry":{"type":"Point","coordinates":[-2.434218011883283,51.6340524313693]},"properties":{"name":null}},{"type":"Feature","geometry":{"type":"Point","coordinates":[-2.927763211769236,51.35078585342785]},"properties":{"name":null}},{"type":"Feature","geometry":{"type":"Point","coordinates":[-2.546177291735965,51.49994164819663]},"properties":{"name":null}},{"type":"Feature","geometry":{"type":"Point","coordinates":[-2.598214545147014,51.4360986933729]},"properties":{"name":null}},{"type":"Feature","geometry":{"type":"Point","coordinates":[-2.366351382727121,51.373561230166]},"properties":{"name":null}},{"type":"Feature","geometry":{"type":"Point","coordinates":[-2.568110366386835,51.413625150545464]},"properties":{"name":null}},{"type":"Feature","geometry":{"type":"Point","coordinates":[-2.665130462630844,51.49088394494115]},"properties":{"name":null}},{"type":"Feature","geometry":{"type":"Point","coordinates":[-2.3908103403346,51.36929178504197]},"properties":{"name":null}},{"type":"Feature","geometry":{"type":"Point","coordinates":[-2.757829987312845,51.47690549632748]},"properties":{"name":null}},{"type":"Feature","geometry":{"type":"Point","coordinates":[-2.58588880576371,51.485893828135175]},"properties":{"name":null}},{"type":"Feature","geometry":{"type":"Point","coordinates":[-2.861277400126029,51.44260701035513]},"properties":{"name":null}},{"type":"Feature","geometry":{"type":"Point","coordinates":[-2.533396160594265,51.29824124520747]},"properties":{"name":null}},{"type":"Feature","geometry":{"type":"Point","coordinates":[-2.633156745732839,51.35273076726968]},"properties":{"name":null}},{"type":"Feature","geometry":{"type":"Point","coordinates":[-2.97020168519771,51.336728282212654]},"properties":{"name":null}},{"type":"Feature","geometry":{"type":"Point","coordinates":[-2.414805573709898,51.52866875733533]},"properties":{"name":null}},{"type":"Feature","geometry":{"type":"Point","coordinates":[-2.491147680005175,51.46801279805755]},"properties":{"name":null}},{"type":"Feature","geometry":{"type":"Point","coordinates":[-2.540419543276965,51.49062597817439]},"properties":{"name":null}},{"type":"Feature","geometry":{"type":"Point","coordinates":[-2.563453052908805,51.40906168717621]},"properties":{"name":null}},{"type":"Feature","geometry":{"type":"Point","coordinates":[-2.500369986916235,51.48331353799896]},"properties":{"name":null}},{"type":"Feature","geometry":{"type":"Point","coordinates":[-2.398214422714089,51.62946847747243]},"properties":{"name":null}},{"type":"Feature","geometry":{"type":"Point","coordinates":[-2.767717078785206,51.47658945847972]},"properties":{"name":null}},{"type":"Feature","geometry":{"type":"Point","coordinates":[-2.585083040734609,51.448816063174384]},"properties":{"name":null}},{"type":"Feature","geometry":{"type":"Point","coordinates":[-2.34916710625681,51.375214294001985]},"properties":{"name":null}},{"type":"Feature","geometry":{"type":"Point","coordinates":[-2.467286536082334,51.3998986565036]},"properties":{"name":null}},{"type":"Feature","geometry":{"type":"Point","coordinates":[-2.58147105805973,51.42173342672635]},"properties":{"name":null}},{"type":"Feature","geometry":{"type":"Point","coordinates":[-2.756185367924546,51.48455016582917]},"properties":{"name":null}},{"type":"Feature","geometry":{"type":"Point","coordinates":[-2.797714487540504,51.47596677287239]},"properties":{"name":null}},{"type":"Feature","geometry":{"type":"Point","coordinates":[-2.578593465275085,51.40456419355525]},"properties":{"name":null}},{"type":"Feature","geometry":{"type":"Point","coordinates":[-2.588472891348137,51.437092123216146]},"properties":{"name":null}},{"type":"Feature","geometry":{"type":"Point","coordinates":[-2.917300959692433,51.33449375154127]},"properties":{"name":null}},{"type":"Feature","geometry":{"type":"Point","coordinates":[-2.414008849387355,51.53778915058305]},"properties":{"name":null}},{"type":"Feature","geometry":{"type":"Point","coordinates":[-2.755898578257144,51.4340542935378]},"properties":{"name":null}},{"type":"Feature","geometry":{"type":"Point","coordinates":[-2.617068646426493,51.365207700758404]},"properties":{"name":null}},{"type":"Feature","geometry":{"type":"Point","coordinates":[-2.369968168846589,51.453234804463314]},"properties":{"name":null}},{"type":"Feature","geometry":{"type":"Point","coordinates":[-2.620167869585653,51.4467560692886]},"properties":{"name":null}},{"type":"Feature","geometry":{"type":"Point","coordinates":[-2.510846384202946,51.60751542765046]},"properties":{"name":null}},{"type":"Feature","geometry":{"type":"Point","coordinates":[-2.533354211889503,51.48256580755511]},"properties":{"name":null}},{"type":"Feature","geometry":{"type":"Point","coordinates":[-2.5764801078157,51.45932533777293]},"properties":{"name":null}},{"type":"Feature","geometry":{"type":"Point","coordinates":[-2.543059421525092,51.45343324839868]},"properties":{"name":null}},{"type":"Feature","geometry":{"type":"Point","coordinates":[-2.402705288269779,51.5345735080762]},"properties":{"name":null}},{"type":"Feature","geometry":{"type":"Point","coordinates":[-2.758697746697114,51.36242443107759]},"properties":{"name":null}},{"type":"Feature","geometry":{"type":"Point","coordinates":[-2.908082964171809,51.33876490004163]},"properties":{"name":null}},{"type":"Feature","geometry":{"type":"Point","coordinates":[-2.477493106272146,51.292053647302225]},"properties":{"name":null}},{"type":"Feature","geometry":{"type":"Point","coordinates":[-2.517014739467904,51.48432936810824]},"properties":{"name":null}},{"type":"Feature","geometry":{"type":"Point","coordinates":[-2.571053303377249,51.48235246919111]},"properties":{"name":null}},{"type":"Feature","geometry":{"type":"Point","coordinates":[-2.797500094765022,51.476058148652086]},"properties":{"name":null}},{"type":"Feature","geometry":{"type":"Point","coordinates":[-2.426555582363379,51.531899600568494]},"properties":{"name":null}},{"type":"Feature","geometry":{"type":"Point","coordinates":[-2.720906186835031,51.47299332079842]},"properties":{"name":null}},{"type":"Feature","geometry":{"type":"Point","coordinates":[-2.40351564317715,51.37818647898104]},"properties":{"name":null}},{"type":"Feature","geometry":{"type":"Point","coordinates":[-2.359211757957278,51.388293821637205]},"properties":{"name":null}},{"type":"Feature","geometry":{"type":"Point","coordinates":[-2.531644666815277,51.46685611309656]},"properties":{"name":null}},{"type":"Feature","geometry":{"type":"Point","coordinates":[-2.519568680510067,51.48349085698253]},"properties":{"name":null}},{"type":"Feature","geometry":{"type":"Point","coordinates":[-2.363360053328923,51.38766056763431]},"properties":{"name":null}},{"type":"Feature","geometry":{"type":"Point","coordinates":[-2.828190250914814,51.30358628352163]},"properties":{"name":null}},{"type":"Feature","geometry":{"type":"Point","coordinates":[-2.521824287061784,51.49563758561115]},"properties":{"name":null}},{"type":"Feature","geometry":{"type":"Point","coordinates":[-2.556220708830522,51.48120984437634]},"properties":{"name":null}},{"type":"Feature","geometry":{"type":"Point","coordinates":[-2.49236398365071,51.48475009279911]},"properties":{"name":null}},{"type":"Feature","geometry":{"type":"Point","coordinates":[-2.581489834762848,51.48880200985507]},"properties":{"name":null}},{"type":"Feature","geometry":{"type":"Point","coordinates":[-2.324707666390808,51.35804740851728]},"properties":{"name":null}},{"type":"Feature","geometry":{"type":"Point","coordinates":[-2.49469070727347,51.48816611150999]},"properties":{"name":null}},{"type":"Feature","geometry":{"type":"Point","coordinates":[-2.911049868309589,51.36462085251174]},"properties":{"name":null}},{"type":"Feature","geometry":{"type":"Point","coordinates":[-2.365976566815242,51.369803852438906]},"properties":{"name":null}},{"type":"Feature","geometry":{"type":"Point","coordinates":[-2.643009236609781,51.30874228774226]},"properties":{"name":null}},{"type":"Feature","geometry":{"type":"Point","coordinates":[-2.409959516934439,51.539646666109704]},"properties":{"name":null}},{"type":"Feature","geometry":{"type":"Point","coordinates":[-2.340400070803003,51.37866596767141]},"properties":{"name":null}},{"type":"Feature","geometry":{"type":"Point","coordinates":[-2.663165133855495,51.56176669030124]},"properties":{"name":null}},{"type":"Feature","geometry":{"type":"Point","coordinates":[-2.914545113377891,51.36341561522503]},"properties":{"name":null}},{"type":"Feature","geometry":{"type":"Point","coordinates":[-2.904333847823395,51.36859352292815]},"properties":{"name":null}},{"type":"Feature","geometry":{"type":"Point","coordinates":[-2.626384854148223,51.41207796612529]},"properties":{"name":null}},{"type":"Feature","geometry":{"type":"Point","coordinates":[-2.655568788279729,51.49204379638418]},"properties":{"name":null}},{"type":"Feature","geometry":{"type":"Point","coordinates":[-2.62242782782386,51.35894786768415]},"properties":{"name":null}},{"type":"Feature","geometry":{"type":"Point","coordinates":[-2.284995520850951,51.54275964699013]},"properties":{"name":null}},{"type":"Feature","geometry":{"type":"Point","coordinates":[-2.383256063323536,51.36780620806382]},"properties":{"name":null}},{"type":"Feature","geometry":{"type":"Point","coordinates":[-2.672971446051915,51.49515504165596]},"properties":{"name":null}},{"type":"Feature","geometry":{"type":"Point","coordinates":[-2.477093185913195,51.32546046083501]},"properties":{"name":null}},{"type":"Feature","geometry":{"type":"Point","coordinates":[-2.534683870251779,51.5284892126085]},"properties":{"name":null}},{"type":"Feature","geometry":{"type":"Point","coordinates":[-2.950451464322731,51.33199848860709]},"properties":{"name":null}},{"type":"Feature","geometry":{"type":"Point","coordinates":[-2.506731227619563,51.61144463493748]},"properties":{"name":null}},{"type":"Feature","geometry":{"type":"Point","coordinates":[-2.619476693706464,51.51261496236256]},"properties":{"name":null}},{"type":"Feature","geometry":{"type":"Point","coordinates":[-2.526676109837024,51.46169930446982]},"properties":{"name":null}},{"type":"Feature","geometry":{"type":"Point","coordinates":[-2.54736380316649,51.513558474791196]},"properties":{"name":null}},{"type":"Feature","geometry":{"type":"Point","coordinates":[-2.595975193903234,51.45867017321913]},"properties":{"name":null}},{"type":"Feature","geometry":{"type":"Point","coordinates":[-2.508810675133686,51.52229221916545]},"properties":{"name":null}},{"type":"Feature","geometry":{"type":"Point","coordinates":[-2.409467627603432,51.55069907865927]},"properties":{"name":null}},{"type":"Feature","geometry":{"type":"Point","coordinates":[-2.534992685864068,51.46142788123256]},"properties":{"name":null}},{"type":"Feature","geometry":{"type":"Point","coordinates":[-2.55760802442131,51.49810745355198]},"properties":{"name":null}},{"type":"Feature","geometry":{"type":"Point","coordinates":[-2.609579207356107,51.46419311358614]},"properties":{"name":null}},{"type":"Feature","geometry":{"type":"Point","coordinates":[-2.782849445144821,51.481551906958934]},"properties":{"name":null}},{"type":"Feature","geometry":{"type":"Point","coordinates":[-2.3136767021327,51.46295735202096]},"properties":{"name":null}},{"type":"Feature","geometry":{"type":"Point","coordinates":[-2.673585555953685,51.486034236001714]},"properties":{"name":null}},{"type":"Feature","geometry":{"type":"Point","coordinates":[-2.625916903015879,51.43570173923694]},"properties":{"name":null}},{"type":"Feature","geometry":{"type":"Point","coordinates":[-2.79000933897487,51.484201486363986]},"properties":{"name":null}},{"type":"Feature","geometry":{"type":"Point","coordinates":[-2.489489138460708,51.39927758361988]},"properties":{"name":null}},{"type":"Feature","geometry":{"type":"Point","coordinates":[-2.458472157749665,51.48141663147241]},"properties":{"name":null}},{"type":"Feature","geometry":{"type":"Point","coordinates":[-2.388850896988311,51.377076157523625]},"properties":{"name":null}},{"type":"Feature","geometry":{"type":"Point","coordinates":[-2.294668039744651,51.39912957820672]},"properties":{"name":null}},{"type":"Feature","geometry":{"type":"Point","coordinates":[-2.614166552080208,51.44239975123458]},"properties":{"name":null}},{"type":"Feature","geometry":{"type":"Point","coordinates":[-2.594185754529431,51.43606525302841]},"properties":{"name":null}},{"type":"Feature","geometry":{"type":"Point","coordinates":[-2.470247509219521,51.28614836687624]},"properties":{"name":null}},{"type":"Feature","geometry":{"type":"Point","coordinates":[-2.942632438711097,51.35530667511652]},"properties":{"name":null}},{"type":"Feature","geometry":{"type":"Point","coordinates":[-2.505527116100969,51.461306807470244]},"properties":{"name":null}},{"type":"Feature","geometry":{"type":"Point","coordinates":[-2.484453102849278,51.43945582987316]},"properties":{"name":null}},{"type":"Feature","geometry":{"type":"Point","coordinates":[-2.458950966841253,51.31812387549977]},"properties":{"name":null}},{"type":"Feature","geometry":{"type":"Point","coordinates":[-2.517946585955865,51.47631372030862]},"properties":{"name":null}},{"type":"Feature","geometry":{"type":"Point","coordinates":[-2.551078088127232,51.43924289334407]},"properties":{"name":null}},{"type":"Feature","geometry":{"type":"Point","coordinates":[-2.515678386818258,51.603196284943536]},"properties":{"name":null}},{"type":"Feature","geometry":{"type":"Point","coordinates":[-2.363951172043835,51.35534237672204]},"properties":{"name":null}},{"type":"Feature","geometry":{"type":"Point","coordinates":[-2.582624382683334,51.44898119336759]},"properties":{"name":null}},{"type":"Feature","geometry":{"type":"Point","coordinates":[-2.563803781204809,51.35100835186844]},"properties":{"name":null}},{"type":"Feature","geometry":{"type":"Point","coordinates":[-2.351120057490838,51.39570961106012]},"properties":{"name":null}},{"type":"Feature","geometry":{"type":"Point","coordinates":[-2.330921315607077,51.40114555555501]},"properties":{"name":null}},{"type":"Feature","geometry":{"type":"Point","coordinates":[-2.563600377154033,51.426873801360294]},"properties":{"name":null}},{"type":"Feature","geometry":{"type":"Point","coordinates":[-2.533840507103486,51.299453148966215]},"properties":{"name":null}},{"type":"Feature","geometry":{"type":"Point","coordinates":[-2.388276611519624,51.38562930266353]},"properties":{"name":null}},{"type":"Feature","geometry":{"type":"Point","coordinates":[-2.359708972797514,51.37841039421914]},"properties":{"name":null}},{"type":"Feature","geometry":{"type":"Point","coordinates":[-2.896782721562072,51.350469801185504]},"properties":{"name":null}},{"type":"Feature","geometry":{"type":"Point","coordinates":[-2.460177756962223,51.42483415704107]},"properties":{"name":null}},{"type":"Feature","geometry":{"type":"Point","coordinates":[-2.486192764713151,51.482698765028566]},"properties":{"name":null}},{"type":"Feature","geometry":{"type":"Point","coordinates":[-2.545352351702175,51.51045670816286]},"properties":{"name":null}},{"type":"Feature","geometry":{"type":"Point","coordinates":[-2.572683882316099,51.47801967671634]},"properties":{"name":null}},{"type":"Feature","geometry":{"type":"Point","coordinates":[-2.923142794371503,51.36024584455119]},"properties":{"name":null}},{"type":"Feature","geometry":{"type":"Point","coordinates":[-2.435353231629794,51.61682037283333]},"properties":{"name":null}},{"type":"Feature","geometry":{"type":"Point","coordinates":[-2.363028989743488,51.38034233915643]},"properties":{"name":null}},{"type":"Feature","geometry":{"type":"Point","coordinates":[-2.584892462875073,51.44967122728746]},"properties":{"name":null}},{"type":"Feature","geometry":{"type":"Point","coordinates":[-2.588823540758439,51.53029761426397]},"properties":{"name":null}},{"type":"Feature","geometry":{"type":"Point","coordinates":[-2.75943317804041,51.429454631545354]},"properties":{"name":null}},{"type":"Feature","geometry":{"type":"Point","coordinates":[-2.589035675558984,51.48756847171246]},"properties":{"name":null}},{"type":"Feature","geometry":{"type":"Point","coordinates":[-2.486608206947293,51.42434980847143]},"properties":{"name":null}},{"type":"Feature","geometry":{"type":"Point","coordinates":[-2.909634975821777,51.36208713814294]},"properties":{"name":null}},{"type":"Feature","geometry":{"type":"Point","coordinates":[-2.980566191152878,51.344123572954615]},"properties":{"name":null}},{"type":"Feature","geometry":{"type":"Point","coordinates":[-2.485623298718643,51.45207539641805]},"properties":{"name":null}},{"type":"Feature","geometry":{"type":"Point","coordinates":[-2.811716038875399,51.382930726745364]},"properties":{"name":null}},{"type":"Feature","geometry":{"type":"Point","coordinates":[-2.979510936128626,51.32626501141347]},"properties":{"name":null}},{"type":"Feature","geometry":{"type":"Point","coordinates":[-2.584720590175604,51.43730872720611]},"properties":{"name":null}},{"type":"Feature","geometry":{"type":"Point","coordinates":[-2.392335628974525,51.396504933899]},"properties":{"name":null}},{"type":"Feature","geometry":{"type":"Point","coordinates":[-2.505842720375421,51.418315904456584]},"properties":{"name":null}},{"type":"Feature","geometry":{"type":"Point","coordinates":[-2.395717122253726,51.39859765712703]},"properties":{"name":null}},{"type":"Feature","geometry":{"type":"Point","coordinates":[-2.764394522244078,51.44146228529094]},"properties":{"name":null}},{"type":"Feature","geometry":{"type":"Point","coordinates":[-2.68879939735156,51.521623844265875]},"properties":{"name":null}},{"type":"Feature","geometry":{"type":"Point","coordinates":[-2.359230318055523,51.37783639593895]},"properties":{"name":null}},{"type":"Feature","geometry":{"type":"Point","coordinates":[-2.632420711326732,51.47634579987827]},"properties":{"name":null}},{"type":"Feature","geometry":{"type":"Point","coordinates":[-2.616853824474288,51.60196157201747]},"properties":{"name":null}},{"type":"Feature","geometry":{"type":"Point","coordinates":[-2.500888046427996,51.52667830086493]},"properties":{"name":null}},{"type":"Feature","geometry":{"type":"Point","coordinates":[-2.386362591183668,51.36994498366682]},"properties":{"name":null}},{"type":"Feature","geometry":{"type":"Point","coordinates":[-2.739122371098206,51.355409910042454]},"properties":{"name":null}},{"type":"Feature","geometry":{"type":"Point","coordinates":[-2.942428035972029,51.350245884369116]},"properties":{"name":null}},{"type":"Feature","geometry":{"type":"Point","coordinates":[-2.542423279805146,51.51255640314158]},"properties":{"name":null}},{"type":"Feature","geometry":{"type":"Point","coordinates":[-2.580222891559092,51.53640082436508]},"properties":{"name":null}},{"type":"Feature","geometry":{"type":"Point","coordinates":[-2.526246897881643,51.46690743545773]},"properties":{"name":null}},{"type":"Feature","geometry":{"type":"Point","coordinates":[-2.6115927397609,51.32292943116992]},"properties":{"name":null}},{"type":"Feature","geometry":{"type":"Point","coordinates":[-2.546164178902802,51.50004960921611]},"properties":{"name":null}},{"type":"Feature","geometry":{"type":"Point","coordinates":[-2.626419609358569,51.461910178135064]},"properties":{"name":null}},{"type":"Feature","geometry":{"type":"Point","coordinates":[-2.762245636100006,51.48092322475226]},"properties":{"name":null}},{"type":"Feature","geometry":{"type":"Point","coordinates":[-2.98052836017175,51.33023103198369]},"properties":{"name":null}},{"type":"Feature","geometry":{"type":"Point","coordinates":[-2.689850344370314,51.424336676370544]},"properties":{"name":null}},{"type":"Feature","geometry":{"type":"Point","coordinates":[-2.378966253946532,51.37018502615175]},"properties":{"name":null}},{"type":"Feature","geometry":{"type":"Point","coordinates":[-2.789146192842067,51.3372254570397]},"properties":{"name":null}},{"type":"Feature","geometry":{"type":"Point","coordinates":[-2.480276194183456,51.47466664876207]},"properties":{"name":null}},{"type":"Feature","geometry":{"type":"Point","coordinates":[-2.372689024965629,51.359666913969846]},"properties":{"name":null}},{"type":"Feature","geometry":{"type":"Point","coordinates":[-2.50243847244815,51.40822368829858]},"properties":{"name":null}},{"type":"Feature","geometry":{"type":"Point","coordinates":[-2.529906956330272,51.48209587765168]},"properties":{"name":null}},{"type":"Feature","geometry":{"type":"Point","coordinates":[-2.56414377180691,51.510538592805176]},"properties":{"name":null}},{"type":"Feature","geometry":{"type":"Point","coordinates":[-2.366341244222478,51.372293425916155]},"properties":{"name":null}},{"type":"Feature","geometry":{"type":"Point","coordinates":[-2.576673617867225,51.50660216031831]},"properties":{"name":null}},{"type":"Feature","geometry":{"type":"Point","coordinates":[-2.505175810057308,51.48554984284755]},"properties":{"name":null}},{"type":"Feature","geometry":{"type":"Point","coordinates":[-2.496226119846449,51.34160215202578]},"properties":{"name":null}},{"type":"Feature","geometry":{"type":"Point","coordinates":[-2.717893620439897,51.47461237077007]},"properties":{"name":null}},{"type":"Feature","geometry":{"type":"Point","coordinates":[-2.525669393760553,51.614364547059964]},"properties":{"name":null}},{"type":"Feature","geometry":{"type":"Point","coordinates":[-2.468812733688266,51.32694175254903]},"properties":{"name":null}},{"type":"Feature","geometry":{"type":"Point","coordinates":[-2.472838822865953,51.42940555157286]},"properties":{"name":null}},{"type":"Feature","geometry":{"type":"Point","coordinates":[-2.592006517630919,51.438890538883044]},"properties":{"name":null}},{"type":"Feature","geometry":{"type":"Point","coordinates":[-2.637090109455642,51.557074189827276]},"properties":{"name":null}},{"type":"Feature","geometry":{"type":"Point","coordinates":[-2.39942982080101,51.59352498057466]},"properties":{"name":null}},{"type":"Feature","geometry":{"type":"Point","coordinates":[-2.317826101566385,51.405399049455696]},"properties":{"name":null}},{"type":"Feature","geometry":{"type":"Point","coordinates":[-2.607719356705635,51.47804104830773]},"properties":{"name":null}},{"type":"Feature","geometry":{"type":"Point","coordinates":[-2.604705698753667,51.42977133812769]},"properties":{"name":null}},{"type":"Feature","geometry":{"type":"Point","coordinates":[-2.487186211508107,51.41247822234255]},"properties":{"name":null}},{"type":"Feature","geometry":{"type":"Point","coordinates":[-2.688620192011516,51.38647010467199]},"properties":{"name":null}},{"type":"Feature","geometry":{"type":"Point","coordinates":[-2.47074714655202,51.52255903991482]},"properties":{"name":null}},{"type":"Feature","geometry":{"type":"Point","coordinates":[-2.576206125168953,51.58021055718429]},"properties":{"name":null}},{"type":"Feature","geometry":{"type":"Point","coordinates":[-2.479490736162807,51.33104356394541]},"properties":{"name":null}},{"type":"Feature","geometry":{"type":"Point","coordinates":[-2.42034351376365,51.31415016780376]},"properties":{"name":null}},{"type":"Feature","geometry":{"type":"Point","coordinates":[-2.603474583163408,51.50995599556453]},"properties":{"name":null}},{"type":"Feature","geometry":{"type":"Point","coordinates":[-2.854377641856368,51.42601352818816]},"properties":{"name":null}},{"type":"Feature","geometry":{"type":"Point","coordinates":[-2.403582366771555,51.38906642977445]},"properties":{"name":null}},{"type":"Feature","geometry":{"type":"Point","coordinates":[-2.50586237512014,51.456485790145166]},"properties":{"name":null}},{"type":"Feature","geometry":{"type":"Point","coordinates":[-2.981294204745256,51.33181623554008]},"properties":{"name":null}},{"type":"Feature","geometry":{"type":"Point","coordinates":[-2.51237485729096,51.606034133932184]},"properties":{"name":null}},{"type":"Feature","geometry":{"type":"Point","coordinates":[-2.520270771486792,51.39718491083146]},"properties":{"name":null}},{"type":"Feature","geometry":{"type":"Point","coordinates":[-2.76337087479211,51.49051918561323]},"properties":{"name":null}},{"type":"Feature","geometry":{"type":"Point","coordinates":[-2.86048917250375,51.398381673177994]},"properties":{"name":null}},{"type":"Feature","geometry":{"type":"Point","coordinates":[-2.506302256895492,51.41307166874576]},"properties":{"name":null}},{"type":"Feature","geometry":{"type":"Point","coordinates":[-2.982678594668233,51.32136476666072]},"properties":{"name":null}},{"type":"Feature","geometry":{"type":"Point","coordinates":[-2.47985249458057,51.432946775721554]},"properties":{"name":null}},{"type":"Feature","geometry":{"type":"Point","coordinates":[-2.567001031739783,51.50392488307809]},"properties":{"name":null}},{"type":"Feature","geometry":{"type":"Point","coordinates":[-2.359057835288821,51.37782793390475]},"properties":{"name":null}},{"type":"Feature","geometry":{"type":"Point","coordinates":[-2.602314719631365,51.51051045358502]},"properties":{"name":null}},{"type":"Feature","geometry":{"type":"Point","coordinates":[-2.97572926436683,51.3401444228259]},"properties":{"name":null}},{"type":"Feature","geometry":{"type":"Point","coordinates":[-2.600396920032323,51.51041239460237]},"properties":{"name":null}},{"type":"Feature","geometry":{"type":"Point","coordinates":[-2.92996381851325,51.352377919836634]},"properties":{"name":null}},{"type":"Feature","geometry":{"type":"Point","coordinates":[-2.312308035012285,51.4036695322102]},"properties":{"name":null}},{"type":"Feature","geometry":{"type":"Point","coordinates":[-2.489788244988743,51.46743402241341]},"properties":{"name":null}},{"type":"Feature","geometry":{"type":"Point","coordinates":[-2.970237217132701,51.33705170739748]},"properties":{"name":null}},{"type":"Feature","geometry":{"type":"Point","coordinates":[-2.627229726711388,51.49474350177513]},"properties":{"name":null}},{"type":"Feature","geometry":{"type":"Point","coordinates":[-2.57240956695696,51.383634329416076]},"properties":{"name":null}},{"type":"Feature","geometry":{"type":"Point","coordinates":[-2.59637279285475,51.442752600418416]},"properties":{"name":null}},{"type":"Feature","geometry":{"type":"Point","coordinates":[-2.363379456618937,51.355685840904044]},"properties":{"name":null}},{"type":"Feature","geometry":{"type":"Point","coordinates":[-2.479414686625484,51.32925449574501]},"properties":{"name":null}},{"type":"Feature","geometry":{"type":"Point","coordinates":[-2.581019355550044,51.423525015424865]},"properties":{"name":null}},{"type":"Feature","geometry":{"type":"Point","coordinates":[-2.579479184375261,51.48471182870671]},"properties":{"name":null}},{"type":"Feature","geometry":{"type":"Point","coordinates":[-2.435746994178752,51.629263255839376]},"properties":{"name":null}},{"type":"Feature","geometry":{"type":"Point","coordinates":[-2.506000102700515,51.45462391337777]},"properties":{"name":null}},{"type":"Feature","geometry":{"type":"Point","coordinates":[-2.772282830683096,51.34261617015886]},"properties":{"name":null}},{"type":"Feature","geometry":{"type":"Point","coordinates":[-2.552783084677655,51.49819327044515]},"properties":{"name":null}},{"type":"Feature","geometry":{"type":"Point","coordinates":[-2.518596862634415,51.44992920877626]},"properties":{"name":null}},{"type":"Feature","geometry":{"type":"Point","coordinates":[-2.305797184169258,51.33924249281377]},"properties":{"name":null}},{"type":"Feature","geometry":{"type":"Point","coordinates":[-2.460604403098422,51.55012275359637]},"properties":{"name":null}},{"type":"Feature","geometry":{"type":"Point","coordinates":[-2.726746945616337,51.47721926504461]},"properties":{"name":null}},{"type":"Feature","geometry":{"type":"Point","coordinates":[-2.59269695432653,51.48890774650733]},"properties":{"name":null}},{"type":"Feature","geometry":{"type":"Point","coordinates":[-2.496887027291875,51.452999378533654]},"properties":{"name":null}},{"type":"Feature","geometry":{"type":"Point","coordinates":[-2.486337835651848,51.29303321292455]},"properties":{"name":null}},{"type":"Feature","geometry":{"type":"Point","coordinates":[-2.364886644535755,51.35017816456263]},"properties":{"name":null}},{"type":"Feature","geometry":{"type":"Point","coordinates":[-2.631835733790437,51.53504595664092]},"properties":{"name":null}},{"type":"Feature","geometry":{"type":"Point","coordinates":[-2.812139004141011,51.33695141875692]},"properties":{"name":null}},{"type":"Feature","geometry":{"type":"Point","coordinates":[-2.525130087163391,51.472433339961384]},"properties":{"name":null}},{"type":"Feature","geometry":{"type":"Point","coordinates":[-2.981005087034309,51.34046909200708]},"properties":{"name":null}},{"type":"Feature","geometry":{"type":"Point","coordinates":[-2.546762988922066,51.459863156205856]},"properties":{"name":null}},{"type":"Feature","geometry":{"type":"Point","coordinates":[-2.492870080530941,51.42352342250342]},"properties":{"name":null}},{"type":"Feature","geometry":{"type":"Point","coordinates":[-2.654011891555803,51.45778512082767]},"properties":{"name":null}},{"type":"Feature","geometry":{"type":"Point","coordinates":[-2.570441331447689,51.50712719279368]},"properties":{"name":null}},{"type":"Feature","geometry":{"type":"Point","coordinates":[-2.595515479817144,51.49852342537716]},"properties":{"name":null}},{"type":"Feature","geometry":{"type":"Point","coordinates":[-2.483797210040598,51.40610802464048]},"properties":{"name":null}},{"type":"Feature","geometry":{"type":"Point","coordinates":[-2.492917810347861,51.29409360521572]},"properties":{"name":null}},{"type":"Feature","geometry":{"type":"Point","coordinates":[-2.579339717628196,51.5021111834374]},"properties":{"name":null}},{"type":"Feature","geometry":{"type":"Point","coordinates":[-2.442584023141609,51.56576572387782]},"properties":{"name":null}},{"type":"Feature","geometry":{"type":"Point","coordinates":[-2.564804972525512,51.458015441272956]},"properties":{"name":null}},{"type":"Feature","geometry":{"type":"Point","coordinates":[-2.571098042057349,51.414527859364924]},"properties":{"name":null}},{"type":"Feature","geometry":{"type":"Point","coordinates":[-2.636720021572068,51.49351445871603]},"properties":{"name":null}},{"type":"Feature","geometry":{"type":"Point","coordinates":[-2.577565755263329,51.49057475254366]},"properties":{"name":null}},{"type":"Feature","geometry":{"type":"Point","coordinates":[-2.578868333892034,51.59550132481709]},"properties":{"name":null}},{"type":"Feature","geometry":{"type":"Point","coordinates":[-2.478374399066831,51.451125137425464]},"properties":{"name":null}},{"type":"Feature","geometry":{"type":"Point","coordinates":[-2.429495160968012,51.38612387933516]},"properties":{"name":null}},{"type":"Feature","geometry":{"type":"Point","coordinates":[-2.810832558256875,51.37113928516818]},"properties":{"name":null}},{"type":"Feature","geometry":{"type":"Point","coordinates":[-2.804786989942337,51.38604476552383]},"properties":{"name":null}},{"type":"Feature","geometry":{"type":"Point","coordinates":[-2.542412004105521,51.317227232717585]},"properties":{"name":null}},{"type":"Feature","geometry":{"type":"Point","coordinates":[-2.981303755853066,51.323516412754564]},"properties":{"name":null}},{"type":"Feature","geometry":{"type":"Point","coordinates":[-2.377986855417039,51.375097666700775]},"properties":{"name":null}},{"type":"Feature","geometry":{"type":"Point","coordinates":[-2.329061759633778,51.37440929985341]},"properties":{"name":null}},{"type":"Feature","geometry":{"type":"Point","coordinates":[-2.495550929544239,51.57541782503887]},"properties":{"name":null}},{"type":"Feature","geometry":{"type":"Point","coordinates":[-2.439530428045478,51.4524101637031]},"properties":{"name":null}},{"type":"Feature","geometry":{"type":"Point","coordinates":[-2.821898745682589,51.314358174640546]},"properties":{"name":null}},{"type":"Feature","geometry":{"type":"Point","coordinates":[-2.565723493856413,51.512428289737265]},"properties":{"name":null}},{"type":"Feature","geometry":{"type":"Point","coordinates":[-2.712399220521554,51.37134736938388]},"properties":{"name":null}},{"type":"Feature","geometry":{"type":"Point","coordinates":[-2.95351059619161,51.35700786295993]},"properties":{"name":null}},{"type":"Feature","geometry":{"type":"Point","coordinates":[-2.506051096790775,51.63988805531505]},"properties":{"name":null}},{"type":"Feature","geometry":{"type":"Point","coordinates":[-2.747699028397808,51.427021346162086]},"properties":{"name":null}},{"type":"Feature","geometry":{"type":"Point","coordinates":[-2.501472790805034,51.40931583694462]},"properties":{"name":null}},{"type":"Feature","geometry":{"type":"Point","coordinates":[-2.535040410251764,51.515854354734714]},"properties":{"name":null}},{"type":"Feature","geometry":{"type":"Point","coordinates":[-2.880824930421256,51.36298204655665]},"properties":{"name":null}},{"type":"Feature","geometry":{"type":"Point","coordinates":[-2.827418664031822,51.45362305407102]},"properties":{"name":null}},{"type":"Feature","geometry":{"type":"Point","coordinates":[-2.507954085571,51.40903616919318]},"properties":{"name":null}},{"type":"Feature","geometry":{"type":"Point","coordinates":[-2.5893368345366,51.479645502249845]},"properties":{"name":null}},{"type":"Feature","geometry":{"type":"Point","coordinates":[-2.462795172811788,51.44751012866029]},"properties":{"name":null}},{"type":"Feature","geometry":{"type":"Point","coordinates":[-2.42902825184906,51.51119167513915]},"properties":{"name":null}},{"type":"Feature","geometry":{"type":"Point","coordinates":[-2.830804334533904,51.3132972148563]},"properties":{"name":null}},{"type":"Feature","geometry":{"type":"Point","coordinates":[-2.871465994014498,51.32919666532537]},"properties":{"name":null}},{"type":"Feature","geometry":{"type":"Point","coordinates":[-2.664072185444804,51.31285986131695]},"properties":{"name":null}},{"type":"Feature","geometry":{"type":"Point","coordinates":[-2.487178522977039,51.486021568325405]},"properties":{"name":null}},{"type":"Feature","geometry":{"type":"Point","coordinates":[-2.432244159602122,51.40332418717179]},"properties":{"name":null}},{"type":"Feature","geometry":{"type":"Point","coordinates":[-2.984380367899651,51.35595228194841]},"properties":{"name":null}},{"type":"Feature","geometry":{"type":"Point","coordinates":[-2.619401902792886,51.465607237528374]},"properties":{"name":null}},{"type":"Feature","geometry":{"type":"Point","coordinates":[-2.532057685666488,51.43675903255172]},"properties":{"name":null}},{"type":"Feature","geometry":{"type":"Point","coordinates":[-2.623868271914096,51.42995819434505]},"properties":{"name":null}},{"type":"Feature","geometry":{"type":"Point","coordinates":[-2.543759477720573,51.51463629188248]},"properties":{"name":null}},{"type":"Feature","geometry":{"type":"Point","coordinates":[-2.565453085054044,51.47552814688599]},"properties":{"name":null}},{"type":"Feature","geometry":{"type":"Point","coordinates":[-2.396351860344947,51.38053084851067]},"properties":{"name":null}},{"type":"Feature","geometry":{"type":"Point","coordinates":[-2.369123098692558,51.35737631880639]},"properties":{"name":null}},{"type":"Feature","geometry":{"type":"Point","coordinates":[-2.953131015416139,51.36155198182236]},"properties":{"name":null}},{"type":"Feature","geometry":{"type":"Point","coordinates":[-2.570598640034516,51.52774425059302]},"properties":{"name":null}},{"type":"Feature","geometry":{"type":"Point","coordinates":[-2.602436475125953,51.4924097829926]},"properties":{"name":null}},{"type":"Feature","geometry":{"type":"Point","coordinates":[-2.513900333093823,51.47629555288371]},"properties":{"name":null}},{"type":"Feature","geometry":{"type":"Point","coordinates":[-2.80700773790096,51.36848604501491]},"properties":{"name":null}},{"type":"Feature","geometry":{"type":"Point","coordinates":[-2.561374519655134,51.41192204991128]},"properties":{"name":null}},{"type":"Feature","geometry":{"type":"Point","coordinates":[-2.76518595821329,51.48795369019795]},"properties":{"name":null}},{"type":"Feature","geometry":{"type":"Point","coordinates":[-2.501820227630027,51.30817304662381]},"properties":{"name":null}},{"type":"Feature","geometry":{"type":"Point","coordinates":[-2.482357970587911,51.43725251753438]},"properties":{"name":null}},{"type":"Feature","geometry":{"type":"Point","coordinates":[-2.490185982151458,51.49519850298571]},"properties":{"name":null}},{"type":"Feature","geometry":{"type":"Point","coordinates":[-2.394820655492155,51.538107067551366]},"properties":{"name":null}},{"type":"Feature","geometry":{"type":"Point","coordinates":[-2.54204554137593,51.46624210376532]},"properties":{"name":null}},{"type":"Feature","geometry":{"type":"Point","coordinates":[-2.960879379092292,51.355005338087]},"properties":{"name":null}},{"type":"Feature","geometry":{"type":"Point","coordinates":[-2.593829245112516,51.337596978290115]},"properties":{"name":null}},{"type":"Feature","geometry":{"type":"Point","coordinates":[-2.505877694111268,51.63988880270937]},"properties":{"name":null}},{"type":"Feature","geometry":{"type":"Point","coordinates":[-2.901071084408747,51.350940420466]},"properties":{"name":null}},{"type":"Feature","geometry":{"type":"Point","coordinates":[-2.456523068630562,51.53576112595269]},"properties":{"name":null}},{"type":"Feature","geometry":{"type":"Point","coordinates":[-2.360875210277124,51.55763836250766]},"properties":{"name":null}},{"type":"Feature","geometry":{"type":"Point","coordinates":[-2.74648070663884,51.36280863013827]},"properties":{"name":null}},{"type":"Feature","geometry":{"type":"Point","coordinates":[-2.760635319390649,51.4360198084077]},"properties":{"name":null}},{"type":"Feature","geometry":{"type":"Point","coordinates":[-2.659241803753611,51.5020307291885]},"properties":{"name":null}},{"type":"Feature","geometry":{"type":"Point","coordinates":[-2.482077641119502,51.45020176890362]},"properties":{"name":null}},{"type":"Feature","geometry":{"type":"Point","coordinates":[-2.511284044217002,51.61305237597878]},"properties":{"name":null}},{"type":"Feature","geometry":{"type":"Point","coordinates":[-2.974910533074226,51.346895357882715]},"properties":{"name":null}},{"type":"Feature","geometry":{"type":"Point","coordinates":[-2.56802178965863,51.41227679447988]},"properties":{"name":null}},{"type":"Feature","geometry":{"type":"Point","coordinates":[-2.717753053161994,51.42064443768474]},"properties":{"name":null}},{"type":"Feature","geometry":{"type":"Point","coordinates":[-2.601806462189291,51.49927357558268]},"properties":{"name":null}},{"type":"Feature","geometry":{"type":"Point","coordinates":[-2.841602363600074,51.444638177025105]},"properties":{"name":null}},{"type":"Feature","geometry":{"type":"Point","coordinates":[-2.544134598781338,51.43730609585549]},"properties":{"name":null}},{"type":"Feature","geometry":{"type":"Point","coordinates":[-2.782317023780202,51.339995852526314]},"properties":{"name":null}},{"type":"Feature","geometry":{"type":"Point","coordinates":[-2.712997057056775,51.42092522335464]},"properties":{"name":null}},{"type":"Feature","geometry":{"type":"Point","coordinates":[-2.820465843104183,51.31446713457566]},"properties":{"name":null}},{"type":"Feature","geometry":{"type":"Point","coordinates":[-2.370784129162483,51.3567686177038]},"properties":{"name":null}},{"type":"Feature","geometry":{"type":"Point","coordinates":[-2.453072241296221,51.39870461853975]},"properties":{"name":null}},{"type":"Feature","geometry":{"type":"Point","coordinates":[-2.477897618478338,51.44957151296125]},"properties":{"name":null}},{"type":"Feature","geometry":{"type":"Point","coordinates":[-2.522895934330633,51.62186696802104]},"properties":{"name":null}},{"type":"Feature","geometry":{"type":"Point","coordinates":[-2.645598457720923,51.49695460099308]},"properties":{"name":null}},{"type":"Feature","geometry":{"type":"Point","coordinates":[-2.597254987606858,51.453061647951436]},"properties":{"name":null}},{"type":"Feature","geometry":{"type":"Point","coordinates":[-2.929474076685311,51.33522478299479]},"properties":{"name":null}},{"type":"Feature","geometry":{"type":"Point","coordinates":[-2.488798051179095,51.43408777484536]},"properties":{"name":null}},{"type":"Feature","geometry":{"type":"Point","coordinates":[-2.583053282622876,51.338001843970396]},"properties":{"name":null}},{"type":"Feature","geometry":{"type":"Point","coordinates":[-2.514878694725402,51.47112105287771]},"properties":{"name":null}},{"type":"Feature","geometry":{"type":"Point","coordinates":[-2.906949801254821,51.3519470784075]},"properties":{"name":null}},{"type":"Feature","geometry":{"type":"Point","coordinates":[-2.614716311580168,51.414765658561095]},"properties":{"name":null}},{"type":"Feature","geometry":{"type":"Point","coordinates":[-2.609055222138883,51.41406696365471]},"properties":{"name":null}},{"type":"Feature","geometry":{"type":"Point","coordinates":[-2.298517370911787,51.3986522216665]},"properties":{"name":null}},{"type":"Feature","geometry":{"type":"Point","coordinates":[-2.5995815119862,51.50976916673526]},"properties":{"name":null}},{"type":"Feature","geometry":{"type":"Point","coordinates":[-2.52750572329096,51.35507064740643]},"properties":{"name":null}},{"type":"Feature","geometry":{"type":"Point","coordinates":[-2.419316612020376,51.530127357547585]},"properties":{"name":null}},{"type":"Feature","geometry":{"type":"Point","coordinates":[-2.554203213655652,51.58546890508674]},"properties":{"name":null}},{"type":"Feature","geometry":{"type":"Point","coordinates":[-2.494421933167163,51.299257697381044]},"properties":{"name":null}},{"type":"Feature","geometry":{"type":"Point","coordinates":[-2.553569497562202,51.63426063164144]},"properties":{"name":null}},{"type":"Feature","geometry":{"type":"Point","coordinates":[-2.482311591284251,51.4464692331344]},"properties":{"name":null}},{"type":"Feature","geometry":{"type":"Point","coordinates":[-2.54906985679298,51.444548452272485]},"properties":{"name":null}},{"type":"Feature","geometry":{"type":"Point","coordinates":[-2.561480651364967,51.48970878492465]},"properties":{"name":null}},{"type":"Feature","geometry":{"type":"Point","coordinates":[-2.478371808000065,51.36150366464093]},"properties":{"name":null}},{"type":"Feature","geometry":{"type":"Point","coordinates":[-2.904716687865223,51.351577706221676]},"properties":{"name":null}},{"type":"Feature","geometry":{"type":"Point","coordinates":[-2.560189828597331,51.53001539612504]},"properties":{"name":null}},{"type":"Feature","geometry":{"type":"Point","coordinates":[-2.621155897559584,51.4124565971343]},"properties":{"name":null}},{"type":"Feature","geometry":{"type":"Point","coordinates":[-2.504853489823636,51.52158098529779]},"properties":{"name":null}},{"type":"Feature","geometry":{"type":"Point","coordinates":[-2.490539625335274,51.41410976131353]},"properties":{"name":null}},{"type":"Feature","geometry":{"type":"Point","coordinates":[-2.925644343283824,51.32539932836148]},"properties":{"name":null}},{"type":"Feature","geometry":{"type":"Point","coordinates":[-2.960103759499577,51.3357504293038]},"properties":{"name":null}},{"type":"Feature","geometry":{"type":"Point","coordinates":[-2.615906243137192,51.42190801177492]},"properties":{"name":null}},{"type":"Feature","geometry":{"type":"Point","coordinates":[-2.663172478662652,51.38967412780101]},"properties":{"name":null}},{"type":"Feature","geometry":{"type":"Point","coordinates":[-2.577348889413293,51.4073398089992]},"properties":{"name":null}},{"type":"Feature","geometry":{"type":"Point","coordinates":[-2.521429007796437,51.47109210976649]},"properties":{"name":null}},{"type":"Feature","geometry":{"type":"Point","coordinates":[-2.393812265467265,51.387669966539185]},"properties":{"name":null}},{"type":"Feature","geometry":{"type":"Point","coordinates":[-2.75568028124788,51.39987751550516]},"properties":{"name":null}},{"type":"Feature","geometry":{"type":"Point","coordinates":[-2.650171971689735,51.482237140909916]},"properties":{"name":null}},{"type":"Feature","geometry":{"type":"Point","coordinates":[-2.605014938023617,51.49241449375418]},"properties":{"name":null}},{"type":"Feature","geometry":{"type":"Point","coordinates":[-2.792754138990217,51.483859271473655]},"properties":{"name":null}},{"type":"Feature","geometry":{"type":"Point","coordinates":[-2.516359954882163,51.44935461721459]},"properties":{"name":null}},{"type":"Feature","geometry":{"type":"Point","coordinates":[-2.635151327152137,51.53295097601981]},"properties":{"name":null}},{"type":"Feature","geometry":{"type":"Point","coordinates":[-2.3949106014801,51.37166980087355]},"properties":{"name":null}},{"type":"Feature","geometry":{"type":"Point","coordinates":[-2.50651906897801,51.483296147769344]},"properties":{"name":null}},{"type":"Feature","geometry":{"type":"Point","coordinates":[-2.480467580976813,51.47369476886299]},"properties":{"name":null}},{"type":"Feature","geometry":{"type":"Point","coordinates":[-2.670081627998529,51.42782324537987]},"properties":{"name":null}},{"type":"Feature","geometry":{"type":"Point","coordinates":[-2.807282439900517,51.47554166988343]},"properties":{"name":null}},{"type":"Feature","geometry":{"type":"Point","coordinates":[-2.480933190206313,51.33721503337186]},"properties":{"name":null}},{"type":"Feature","geometry":{"type":"Point","coordinates":[-2.581451516315111,51.37028193267332]},"properties":{"name":null}},{"type":"Feature","geometry":{"type":"Point","coordinates":[-2.840037820067646,51.4362240388708]},"properties":{"name":null}},{"type":"Feature","geometry":{"type":"Point","coordinates":[-2.899812695195099,51.36367380027759]},"properties":{"name":null}},{"type":"Feature","geometry":{"type":"Point","coordinates":[-2.655178207370104,51.49092204826584]},"properties":{"name":null}},{"type":"Feature","geometry":{"type":"Point","coordinates":[-2.567043485746096,51.51312329235082]},"properties":{"name":null}},{"type":"Feature","geometry":{"type":"Point","coordinates":[-2.755997865962462,51.48453339004041]},"properties":{"name":null}},{"type":"Feature","geometry":{"type":"Point","coordinates":[-2.461088333106258,51.40106517534999]},"properties":{"name":null}},{"type":"Feature","geometry":{"type":"Point","coordinates":[-2.782215315424516,51.339924595413386]},"properties":{"name":null}},{"type":"Feature","geometry":{"type":"Point","coordinates":[-2.575354091253403,51.535615587919764]},"properties":{"name":null}},{"type":"Feature","geometry":{"type":"Point","coordinates":[-2.522238646092124,51.60487568874148]},"properties":{"name":null}},{"type":"Feature","geometry":{"type":"Point","coordinates":[-2.403903170480012,51.38141323133647]},"properties":{"name":null}},{"type":"Feature","geometry":{"type":"Point","coordinates":[-2.417297709082489,51.44792357158053]},"properties":{"name":null}},{"type":"Feature","geometry":{"type":"Point","coordinates":[-2.675673682240623,51.48699327075706]},"properties":{"name":null}},{"type":"Feature","geometry":{"type":"Point","coordinates":[-2.929236817069921,51.339821858830824]},"properties":{"name":null}},{"type":"Feature","geometry":{"type":"Point","coordinates":[-2.764422438009448,51.48622324105039]},"properties":{"name":null}},{"type":"Feature","geometry":{"type":"Point","coordinates":[-2.443968671931736,51.510902270769286]},"properties":{"name":null}},{"type":"Feature","geometry":{"type":"Point","coordinates":[-2.416314337069156,51.31920908480113]},"properties":{"name":null}},{"type":"Feature","geometry":{"type":"Point","coordinates":[-2.579546939814568,51.44117371961843]},"properties":{"name":null}},{"type":"Feature","geometry":{"type":"Point","coordinates":[-2.359529494295,51.38483102846215]},"properties":{"name":null}},{"type":"Feature","geometry":{"type":"Point","coordinates":[-2.507168516282553,51.461353673039575]},"properties":{"name":null}},{"type":"Feature","geometry":{"type":"Point","coordinates":[-2.498472835074523,51.4664623092177]},"properties":{"name":null}},{"type":"Feature","geometry":{"type":"Point","coordinates":[-2.503482594794298,51.33954800925068]},"properties":{"name":null}},{"type":"Feature","geometry":{"type":"Point","coordinates":[-2.55795575043206,51.42635221142432]},"properties":{"name":null}},{"type":"Feature","geometry":{"type":"Point","coordinates":[-2.856732273102834,51.447307127895996]},"properties":{"name":null}},{"type":"Feature","geometry":{"type":"Point","coordinates":[-2.677607587428536,51.495002421635974]},"properties":{"name":null}},{"type":"Feature","geometry":{"type":"Point","coordinates":[-2.973780125301449,51.33555662694783]},"properties":{"name":null}},{"type":"Feature","geometry":{"type":"Point","coordinates":[-2.587936855604738,51.48163961959254]},"properties":{"name":null}},{"type":"Feature","geometry":{"type":"Point","coordinates":[-2.559835312623065,51.41540024424162]},"properties":{"name":null}},{"type":"Feature","geometry":{"type":"Point","coordinates":[-2.862245555792458,51.43289761025546]},"properties":{"name":null}},{"type":"Feature","geometry":{"type":"Point","coordinates":[-2.594186565163011,51.439472913191864]},"properties":{"name":null}},{"type":"Feature","geometry":{"type":"Point","coordinates":[-2.427127536268604,51.452698736584495]},"properties":{"name":null}},{"type":"Feature","geometry":{"type":"Point","coordinates":[-2.506159969656522,51.3075159500223]},"properties":{"name":null}},{"type":"Feature","geometry":{"type":"Point","coordinates":[-2.569046750418816,51.40448486062392]},"properties":{"name":null}},{"type":"Feature","geometry":{"type":"Point","coordinates":[-2.560072504162658,51.417161520477194]},"properties":{"name":null}},{"type":"Feature","geometry":{"type":"Point","coordinates":[-2.534469601725108,51.524965456294304]},"properties":{"name":null}},{"type":"Feature","geometry":{"type":"Point","coordinates":[-2.596087823988574,51.491588024119]},"properties":{"name":null}},{"type":"Feature","geometry":{"type":"Point","coordinates":[-2.50980034061645,51.61468631758117]},"properties":{"name":null}},{"type":"Feature","geometry":{"type":"Point","coordinates":[-2.592224409131058,51.49691261919027]},"properties":{"name":null}},{"type":"Feature","geometry":{"type":"Point","coordinates":[-2.632739388795796,51.474401867261676]},"properties":{"name":null}},{"type":"Feature","geometry":{"type":"Point","coordinates":[-2.424338269695448,51.54770596818181]},"properties":{"name":null}},{"type":"Feature","geometry":{"type":"Point","coordinates":[-2.522559531201228,51.466726107120664]},"properties":{"name":null}},{"type":"Feature","geometry":{"type":"Point","coordinates":[-2.511499224629739,51.41105292153457]},"properties":{"name":null}},{"type":"Feature","geometry":{"type":"Point","coordinates":[-2.938197742057183,51.35966745374145]},"properties":{"name":null}},{"type":"Feature","geometry":{"type":"Point","coordinates":[-2.503137694790325,51.48880457348181]},"properties":{"name":null}},{"type":"Feature","geometry":{"type":"Point","coordinates":[-2.499288302541854,51.29300540751595]},"properties":{"name":null}},{"type":"Feature","geometry":{"type":"Point","coordinates":[-2.482867509864576,51.43238589384771]},"properties":{"name":null}},{"type":"Feature","geometry":{"type":"Point","coordinates":[-2.957762928617517,51.32191273876624]},"properties":{"name":null}},{"type":"Feature","geometry":{"type":"Point","coordinates":[-2.618240835500441,51.53936246178531]},"properties":{"name":null}},{"type":"Feature","geometry":{"type":"Point","coordinates":[-2.485784943220119,51.48498431917041]},"properties":{"name":null}},{"type":"Feature","geometry":{"type":"Point","coordinates":[-2.306142674921199,51.408280663963076]},"properties":{"name":null}},{"type":"Feature","geometry":{"type":"Point","coordinates":[-2.617881913702827,51.46392477666444]},"properties":{"name":null}},{"type":"Feature","geometry":{"type":"Point","coordinates":[-2.510037251415444,51.33380979075638]},"properties":{"name":null}},{"type":"Feature","geometry":{"type":"Point","coordinates":[-2.53900014237571,51.42890448642722]},"properties":{"name":null}},{"type":"Feature","geometry":{"type":"Point","coordinates":[-2.580606516339425,51.49750122133903]},"properties":{"name":null}},{"type":"Feature","geometry":{"type":"Point","coordinates":[-2.52030203632213,51.46191658215786]},"properties":{"name":null}},{"type":"Feature","geometry":{"type":"Point","coordinates":[-2.622907883606035,51.50001760623559]},"properties":{"name":null}},{"type":"Feature","geometry":{"type":"Point","coordinates":[-2.546803999230337,51.45364968485182]},"properties":{"name":null}},{"type":"Feature","geometry":{"type":"Point","coordinates":[-2.916283718745619,51.3576921282475]},"properties":{"name":null}},{"type":"Feature","geometry":{"type":"Point","coordinates":[-2.632154718245671,51.47689572434898]},"properties":{"name":null}},{"type":"Feature","geometry":{"type":"Point","coordinates":[-2.383275509687332,51.37871308765164]},"properties":{"name":null}},{"type":"Feature","geometry":{"type":"Point","coordinates":[-2.605913478931674,51.45048138561138]},"properties":{"name":null}},{"type":"Feature","geometry":{"type":"Point","coordinates":[-2.510189478917705,51.40578041180477]},"properties":{"name":null}},{"type":"Feature","geometry":{"type":"Point","coordinates":[-2.622107166218996,51.48032133488369]},"properties":{"name":null}},{"type":"Feature","geometry":{"type":"Point","coordinates":[-2.749543083074121,51.43600133913242]},"properties":{"name":null}},{"type":"Feature","geometry":{"type":"Point","coordinates":[-2.947827467006706,51.346074850555354]},"properties":{"name":null}},{"type":"Feature","geometry":{"type":"Point","coordinates":[-2.322429610646456,51.555052930386445]},"properties":{"name":null}},{"type":"Feature","geometry":{"type":"Point","coordinates":[-2.382490928401357,51.37594618764784]},"properties":{"name":null}},{"type":"Feature","geometry":{"type":"Point","coordinates":[-2.666090148987461,51.461916368786184]},"properties":{"name":null}},{"type":"Feature","geometry":{"type":"Point","coordinates":[-2.884484802708704,51.36134490879091]},"properties":{"name":null}},{"type":"Feature","geometry":{"type":"Point","coordinates":[-2.467089086937144,51.44806857473641]},"properties":{"name":null}},{"type":"Feature","geometry":{"type":"Point","coordinates":[-2.757595748740735,51.463635087898844]},"properties":{"name":null}},{"type":"Feature","geometry":{"type":"Point","coordinates":[-2.981645930015508,51.3321549941377]},"properties":{"name":null}},{"type":"Feature","geometry":{"type":"Point","coordinates":[-2.5251131519451,51.49477769762012]},"properties":{"name":null}},{"type":"Feature","geometry":{"type":"Point","coordinates":[-2.508809831837865,51.49245769959598]},"properties":{"name":null}},{"type":"Feature","geometry":{"type":"Point","coordinates":[-2.377192871363004,51.37813045429693]},"properties":{"name":null}},{"type":"Feature","geometry":{"type":"Point","coordinates":[-2.358224674052085,51.392549938152946]},"properties":{"name":null}},{"type":"Feature","geometry":{"type":"Point","coordinates":[-2.283359528836975,51.5393827722949]},"properties":{"name":null}},{"type":"Feature","geometry":{"type":"Point","coordinates":[-2.501958356840009,51.44301506632422]},"properties":{"name":null}},{"type":"Feature","geometry":{"type":"Point","coordinates":[-2.769198481569166,51.487603759422086]},"properties":{"name":null}},{"type":"Feature","geometry":{"type":"Point","coordinates":[-2.353443855169723,51.391368586103646]},"properties":{"name":null}},{"type":"Feature","geometry":{"type":"Point","coordinates":[-2.4812881009213,51.45997008529519]},"properties":{"name":null}},{"type":"Feature","geometry":{"type":"Point","coordinates":[-2.352817473826435,51.384689644295655]},"properties":{"name":null}},{"type":"Feature","geometry":{"type":"Point","coordinates":[-2.512698339778461,51.48597579300397]},"properties":{"name":null}},{"type":"Feature","geometry":{"type":"Point","coordinates":[-2.550977375224861,51.63736594828764]},"properties":{"name":null}},{"type":"Feature","geometry":{"type":"Point","coordinates":[-2.54987530559211,51.61195176772398]},"properties":{"name":null}},{"type":"Feature","geometry":{"type":"Point","coordinates":[-2.557982752370469,51.426208214823895]},"properties":{"name":null}},{"type":"Feature","geometry":{"type":"Point","coordinates":[-2.909682865810006,51.36667267851458]},"properties":{"name":null}},{"type":"Feature","geometry":{"type":"Point","coordinates":[-2.951190873847163,51.358726223808375]},"properties":{"name":null}},{"type":"Feature","geometry":{"type":"Point","coordinates":[-2.557713497422857,51.54443196666973]},"properties":{"name":null}},{"type":"Feature","geometry":{"type":"Point","coordinates":[-2.961245980324473,51.37662853724522]},"properties":{"name":null}},{"type":"Feature","geometry":{"type":"Point","coordinates":[-2.625052177890824,51.553371482732956]},"properties":{"name":null}},{"type":"Feature","geometry":{"type":"Point","coordinates":[-2.420444014421746,51.31258519259246]},"properties":{"name":null}},{"type":"Feature","geometry":{"type":"Point","coordinates":[-2.476419315206269,51.32552616031511]},"properties":{"name":null}},{"type":"Feature","geometry":{"type":"Point","coordinates":[-2.639904707500684,51.49154594225206]},"properties":{"name":null}},{"type":"Feature","geometry":{"type":"Point","coordinates":[-2.825538022202129,51.3908371066245]},"properties":{"name":null}},{"type":"Feature","geometry":{"type":"Point","coordinates":[-2.753708620656566,51.433852591502585]},"properties":{"name":null}},{"type":"Feature","geometry":{"type":"Point","coordinates":[-2.630077893328743,51.36695462719314]},"properties":{"name":null}},{"type":"Feature","geometry":{"type":"Point","coordinates":[-2.440479975308353,51.540650983262694]},"properties":{"name":null}},{"type":"Feature","geometry":{"type":"Point","coordinates":[-2.578245095066582,51.44290653108114]},"properties":{"name":null}},{"type":"Feature","geometry":{"type":"Point","coordinates":[-2.596351162781535,51.52718446145442]},"properties":{"name":null}},{"type":"Feature","geometry":{"type":"Point","coordinates":[-2.46222944473796,51.50980666784567]},"properties":{"name":null}},{"type":"Feature","geometry":{"type":"Point","coordinates":[-2.567507466712331,51.512194872375716]},"properties":{"name":null}},{"type":"Feature","geometry":{"type":"Point","coordinates":[-2.914701495924465,51.371255419180976]},"properties":{"name":null}},{"type":"Feature","geometry":{"type":"Point","coordinates":[-2.917483417994049,51.35232357118533]},"properties":{"name":null}},{"type":"Feature","geometry":{"type":"Point","coordinates":[-2.331292272535717,51.325199776794335]},"properties":{"name":null}},{"type":"Feature","geometry":{"type":"Point","coordinates":[-2.695768346249085,51.440864849079915]},"properties":{"name":null}},{"type":"Feature","geometry":{"type":"Point","coordinates":[-2.471901487169176,51.49196451508726]},"properties":{"name":null}},{"type":"Feature","geometry":{"type":"Point","coordinates":[-2.625975051376678,51.43574638406694]},"properties":{"name":null}},{"type":"Feature","geometry":{"type":"Point","coordinates":[-2.554683028630997,51.44227410856752]},"properties":{"name":null}},{"type":"Feature","geometry":{"type":"Point","coordinates":[-2.800944226920498,51.37582016906909]},"properties":{"name":null}},{"type":"Feature","geometry":{"type":"Point","coordinates":[-2.529702761553271,51.469463501002934]},"properties":{"name":null}},{"type":"Feature","geometry":{"type":"Point","coordinates":[-2.543156580804315,51.32074868022301]},"properties":{"name":null}},{"type":"Feature","geometry":{"type":"Point","coordinates":[-2.416406418305701,51.539821777278355]},"properties":{"name":null}},{"type":"Feature","geometry":{"type":"Point","coordinates":[-2.564994292669049,51.50708164692205]},"properties":{"name":null}},{"type":"Feature","geometry":{"type":"Point","coordinates":[-2.690005356414638,51.4965844522831]},"properties":{"name":null}},{"type":"Feature","geometry":{"type":"Point","coordinates":[-2.515167907511856,51.46868303676507]},"properties":{"name":null}},{"type":"Feature","geometry":{"type":"Point","coordinates":[-2.492604947499097,51.46965216307809]},"properties":{"name":null}},{"type":"Feature","geometry":{"type":"Point","coordinates":[-2.633612559114326,51.50629032062871]},"properties":{"name":null}},{"type":"Feature","geometry":{"type":"Point","coordinates":[-2.59623444712778,51.455368799456565]},"properties":{"name":null}},{"type":"Feature","geometry":{"type":"Point","coordinates":[-2.479122980158116,51.592678143558835]},"properties":{"name":null}},{"type":"Feature","geometry":{"type":"Point","coordinates":[-2.734745448373659,51.41573749191251]},"properties":{"name":null}},{"type":"Feature","geometry":{"type":"Point","coordinates":[-2.3944606894342,51.53983467899807]},"properties":{"name":null}},{"type":"Feature","geometry":{"type":"Point","coordinates":[-2.523333832595966,51.296290361371575]},"properties":{"name":null}},{"type":"Feature","geometry":{"type":"Point","coordinates":[-2.386606246877195,51.37497951503563]},"properties":{"name":null}},{"type":"Feature","geometry":{"type":"Point","coordinates":[-2.978625648789662,51.35615333688596]},"properties":{"name":null}},{"type":"Feature","geometry":{"type":"Point","coordinates":[-2.496474137081012,51.279466666713915]},"properties":{"name":null}},{"type":"Feature","geometry":{"type":"Point","coordinates":[-2.474428658557226,51.2786412948314]},"properties":{"name":null}},{"type":"Feature","geometry":{"type":"Point","coordinates":[-2.615151586656026,51.470692042926146]},"properties":{"name":null}},{"type":"Feature","geometry":{"type":"Point","coordinates":[-2.464027732677092,51.28508511793143]},"properties":{"name":null}},{"type":"Feature","geometry":{"type":"Point","coordinates":[-2.434277009352738,51.63417809492038]},"properties":{"name":null}},{"type":"Feature","geometry":{"type":"Point","coordinates":[-2.563053281961701,51.5225746857122]},"properties":{"name":null}},{"type":"Feature","geometry":{"type":"Point","coordinates":[-2.549998474540228,51.53128659266641]},"properties":{"name":null}},{"type":"Feature","geometry":{"type":"Point","coordinates":[-2.488780249667184,51.42034843658919]},"properties":{"name":null}},{"type":"Feature","geometry":{"type":"Point","coordinates":[-2.679511850047448,51.516445024513835]},"properties":{"name":null}},{"type":"Feature","geometry":{"type":"Point","coordinates":[-2.609133034860264,51.45233500476782]},"properties":{"name":null}},{"type":"Feature","geometry":{"type":"Point","coordinates":[-2.598837253068528,51.52879024257888]},"properties":{"name":null}},{"type":"Feature","geometry":{"type":"Point","coordinates":[-2.590533503161543,51.42184102217048]},"properties":{"name":null}},{"type":"Feature","geometry":{"type":"Point","coordinates":[-2.669887363457206,51.487224329405876]},"properties":{"name":null}},{"type":"Feature","geometry":{"type":"Point","coordinates":[-2.768955700366225,51.48430534376003]},"properties":{"name":null}},{"type":"Feature","geometry":{"type":"Point","coordinates":[-2.591487687888919,51.4589267367194]},"properties":{"name":null}},{"type":"Feature","geometry":{"type":"Point","coordinates":[-2.366160936907681,51.37848927790962]},"properties":{"name":null}},{"type":"Feature","geometry":{"type":"Point","coordinates":[-2.504995299128456,51.35313742022614]},"properties":{"name":null}},{"type":"Feature","geometry":{"type":"Point","coordinates":[-2.367994797451213,51.43689403545023]},"properties":{"name":null}},{"type":"Feature","geometry":{"type":"Point","coordinates":[-2.578438458390651,51.41962632898688]},"properties":{"name":null}},{"type":"Feature","geometry":{"type":"Point","coordinates":[-2.503930937262886,51.414484613361836]},"properties":{"name":null}},{"type":"Feature","geometry":{"type":"Point","coordinates":[-2.485939205853243,51.49002796921462]},"properties":{"name":null}},{"type":"Feature","geometry":{"type":"Point","coordinates":[-2.4916450284804,51.53709376683935]},"properties":{"name":null}},{"type":"Feature","geometry":{"type":"Point","coordinates":[-2.484194621347546,51.34975421710034]},"properties":{"name":null}},{"type":"Feature","geometry":{"type":"Point","coordinates":[-2.836009766798787,51.39841501284146]},"properties":{"name":null}},{"type":"Feature","geometry":{"type":"Point","coordinates":[-2.619224010556604,51.411037133029566]},"properties":{"name":null}},{"type":"Feature","geometry":{"type":"Point","coordinates":[-2.977627010333079,51.34229572919894]},"properties":{"name":null}},{"type":"Feature","geometry":{"type":"Point","coordinates":[-2.581045030291019,51.426654004924224]},"properties":{"name":null}},{"type":"Feature","geometry":{"type":"Point","coordinates":[-2.377323895769267,51.3765924417675]},"properties":{"name":null}},{"type":"Feature","geometry":{"type":"Point","coordinates":[-2.845756372547553,51.41168905585534]},"properties":{"name":null}},{"type":"Feature","geometry":{"type":"Point","coordinates":[-2.568401810505848,51.48453228410296]},"properties":{"name":null}},{"type":"Feature","geometry":{"type":"Point","coordinates":[-2.922145052024401,51.36491153711773]},"properties":{"name":null}},{"type":"Feature","geometry":{"type":"Point","coordinates":[-2.484929710701607,51.515721503630054]},"properties":{"name":null}},{"type":"Feature","geometry":{"type":"Point","coordinates":[-2.359935483927926,51.3834630357515]},"properties":{"name":null}},{"type":"Feature","geometry":{"type":"Point","coordinates":[-2.617974689129703,51.60049901668713]},"properties":{"name":null}},{"type":"Feature","geometry":{"type":"Point","coordinates":[-2.43287613867913,51.48840158458313]},"properties":{"name":null}},{"type":"Feature","geometry":{"type":"Point","coordinates":[-2.420045519134244,51.552927564380255]},"properties":{"name":null}},{"type":"Feature","geometry":{"type":"Point","coordinates":[-2.467847498125493,51.494147756932634]},"properties":{"name":null}},{"type":"Feature","geometry":{"type":"Point","coordinates":[-2.522333281085299,51.61563827261902]},"properties":{"name":null}},{"type":"Feature","geometry":{"type":"Point","coordinates":[-2.350914788338468,51.38393107827671]},"properties":{"name":null}},{"type":"Feature","geometry":{"type":"Point","coordinates":[-2.555965760593593,51.45908267819172]},"properties":{"name":null}},{"type":"Feature","geometry":{"type":"Point","coordinates":[-2.400974598757037,51.40474818054292]},"properties":{"name":null}},{"type":"Feature","geometry":{"type":"Point","coordinates":[-2.415385429195086,51.52585230100144]},"properties":{"name":null}},{"type":"Feature","geometry":{"type":"Point","coordinates":[-2.510431606934735,51.61817232883179]},"properties":{"name":null}},{"type":"Feature","geometry":{"type":"Point","coordinates":[-2.466389231336438,51.482500387938934]},"properties":{"name":null}},{"type":"Feature","geometry":{"type":"Point","coordinates":[-2.58644060686709,51.46381679604537]},"properties":{"name":null}},{"type":"Feature","geometry":{"type":"Point","coordinates":[-2.506217526662868,51.476850477145966]},"properties":{"name":null}},{"type":"Feature","geometry":{"type":"Point","coordinates":[-2.895645507649522,51.33112740006495]},"properties":{"name":null}},{"type":"Feature","geometry":{"type":"Point","coordinates":[-2.96032469334295,51.36075587863646]},"properties":{"name":null}},{"type":"Feature","geometry":{"type":"Point","coordinates":[-2.521947968372905,51.50266855403041]},"properties":{"name":null}},{"type":"Feature","geometry":{"type":"Point","coordinates":[-2.476577647568932,51.48316080530037]},"properties":{"name":null}},{"type":"Feature","geometry":{"type":"Point","coordinates":[-2.541352437248197,51.576564188457525]},"properties":{"name":null}},{"type":"Feature","geometry":{"type":"Point","coordinates":[-2.488736337069459,51.42027668517221]},"properties":{"name":null}},{"type":"Feature","geometry":{"type":"Point","coordinates":[-2.414453838389663,51.316581033916236]},"properties":{"name":null}},{"type":"Feature","geometry":{"type":"Point","coordinates":[-2.298074793211054,51.582541833243674]},"properties":{"name":null}},{"type":"Feature","geometry":{"type":"Point","coordinates":[-2.456369664047455,51.45685069728438]},"properties":{"name":null}},{"type":"Feature","geometry":{"type":"Point","coordinates":[-2.43578195666386,51.45322439972375]},"properties":{"name":null}},{"type":"Feature","geometry":{"type":"Point","coordinates":[-2.59532506267983,51.49053089592043]},"properties":{"name":null}},{"type":"Feature","geometry":{"type":"Point","coordinates":[-2.591615477751279,51.458791211028334]},"properties":{"name":null}},{"type":"Feature","geometry":{"type":"Point","coordinates":[-2.596867542317843,51.42225852432309]},"properties":{"name":null}},{"type":"Feature","geometry":{"type":"Point","coordinates":[-2.63588480964195,51.435620794552904]},"properties":{"name":null}},{"type":"Feature","geometry":{"type":"Point","coordinates":[-2.405640303855335,51.5517194441744]},"properties":{"name":null}},{"type":"Feature","geometry":{"type":"Point","coordinates":[-2.409786494043999,51.539647270611496]},"properties":{"name":null}},{"type":"Feature","geometry":{"type":"Point","coordinates":[-2.46481430435266,51.549980262031404]},"properties":{"name":null}},{"type":"Feature","geometry":{"type":"Point","coordinates":[-2.562223490478158,51.42251937329958]},"properties":{"name":null}},{"type":"Feature","geometry":{"type":"Point","coordinates":[-2.512992149448571,51.448011648914196]},"properties":{"name":null}},{"type":"Feature","geometry":{"type":"Point","coordinates":[-2.487525321092162,51.469880184825975]},"properties":{"name":null}},{"type":"Feature","geometry":{"type":"Point","coordinates":[-2.655885923823013,51.43091579229179]},"properties":{"name":null}},{"type":"Feature","geometry":{"type":"Point","coordinates":[-2.405779045462865,51.390452583365075]},"properties":{"name":null}},{"type":"Feature","geometry":{"type":"Point","coordinates":[-2.856056885341825,51.43582039530374]},"properties":{"name":null}},{"type":"Feature","geometry":{"type":"Point","coordinates":[-2.382085906991427,51.35496988215403]},"properties":{"name":null}},{"type":"Feature","geometry":{"type":"Point","coordinates":[-2.57680514179197,51.42465175026797]},"properties":{"name":null}},{"type":"Feature","geometry":{"type":"Point","coordinates":[-2.953020698364219,51.322293117646325]},"properties":{"name":null}},{"type":"Feature","geometry":{"type":"Point","coordinates":[-2.760397899318329,51.34105737823603]},"properties":{"name":null}},{"type":"Feature","geometry":{"type":"Point","coordinates":[-2.357430624247187,51.39947604595673]},"properties":{"name":null}},{"type":"Feature","geometry":{"type":"Point","coordinates":[-2.489712576177434,51.50748317942616]},"properties":{"name":null}},{"type":"Feature","geometry":{"type":"Point","coordinates":[-2.417140940095552,51.550752960229346]},"properties":{"name":null}},{"type":"Feature","geometry":{"type":"Point","coordinates":[-2.439487712607748,51.489968498544336]},"properties":{"name":null}},{"type":"Feature","geometry":{"type":"Point","coordinates":[-2.678503859183524,51.52714181157778]},"properties":{"name":null}},{"type":"Feature","geometry":{"type":"Point","coordinates":[-2.569953114369062,51.46458156764907]},"properties":{"name":null}},{"type":"Feature","geometry":{"type":"Point","coordinates":[-2.614312711538368,51.442569826510876]},"properties":{"name":null}},{"type":"Feature","geometry":{"type":"Point","coordinates":[-2.85200847701995,51.43550820912137]},"properties":{"name":null}},{"type":"Feature","geometry":{"type":"Point","coordinates":[-2.514025778768409,51.46314914878629]},"properties":{"name":null}},{"type":"Feature","geometry":{"type":"Point","coordinates":[-2.429979331729821,51.45600623812213]},"properties":{"name":null}},{"type":"Feature","geometry":{"type":"Point","coordinates":[-2.495209080158753,51.279157338597265]},"properties":{"name":null}},{"type":"Feature","geometry":{"type":"Point","coordinates":[-2.59503953922868,51.43756244798811]},"properties":{"name":null}},{"type":"Feature","geometry":{"type":"Point","coordinates":[-2.344360305327716,51.40854297755826]},"properties":{"name":null}},{"type":"Feature","geometry":{"type":"Point","coordinates":[-2.75845730681939,51.36265078782456]},"properties":{"name":null}},{"type":"Feature","geometry":{"type":"Point","coordinates":[-2.568365009867055,51.45840289474658]},"properties":{"name":null}},{"type":"Feature","geometry":{"type":"Point","coordinates":[-2.576312678561327,51.43230610070964]},"properties":{"name":null}},{"type":"Feature","geometry":{"type":"Point","coordinates":[-2.582531615121946,51.45301000806085]},"properties":{"name":null}},{"type":"Feature","geometry":{"type":"Point","coordinates":[-2.540004319301733,51.524913057470854]},"properties":{"name":null}},{"type":"Feature","geometry":{"type":"Point","coordinates":[-2.435627993128228,51.61685531986186]},"properties":{"name":null}},{"type":"Feature","geometry":{"type":"Point","coordinates":[-2.48382321953226,51.59620157033719]},"properties":{"name":null}},{"type":"Feature","geometry":{"type":"Point","coordinates":[-2.592443441941105,51.45937149983576]},"properties":{"name":null}},{"type":"Feature","geometry":{"type":"Point","coordinates":[-2.591356284644732,51.45543851974]},"properties":{"name":null}},{"type":"Feature","geometry":{"type":"Point","coordinates":[-2.538993845787359,51.4601687602183]},"properties":{"name":null}},{"type":"Feature","geometry":{"type":"Point","coordinates":[-2.552152812128349,51.43056078197486]},"properties":{"name":null}},{"type":"Feature","geometry":{"type":"Point","coordinates":[-2.587013130199507,51.53523403728087]},"properties":{"name":null}},{"type":"Feature","geometry":{"type":"Point","coordinates":[-2.32921321025513,51.39349838946614]},"properties":{"name":null}},{"type":"Feature","geometry":{"type":"Point","coordinates":[-2.485108208608706,51.487720565950966]},"properties":{"name":null}},{"type":"Feature","geometry":{"type":"Point","coordinates":[-2.614136547906304,51.41974127285861]},"properties":{"name":null}},{"type":"Feature","geometry":{"type":"Point","coordinates":[-2.325120684209685,51.3919992115255]},"properties":{"name":null}},{"type":"Feature","geometry":{"type":"Point","coordinates":[-2.542121566855526,51.460523046751916]},"properties":{"name":null}},{"type":"Feature","geometry":{"type":"Point","coordinates":[-2.662241317308351,51.38291748473331]},"properties":{"name":null}},{"type":"Feature","geometry":{"type":"Point","coordinates":[-2.647163106885683,51.45590782011437]},"properties":{"name":null}},{"type":"Feature","geometry":{"type":"Point","coordinates":[-2.541222789208122,51.322268277158116]},"properties":{"name":null}},{"type":"Feature","geometry":{"type":"Point","coordinates":[-2.981438850993927,51.35069852027003]},"properties":{"name":null}},{"type":"Feature","geometry":{"type":"Point","coordinates":[-2.603387415972817,51.50990249411944]},"properties":{"name":null}},{"type":"Feature","geometry":{"type":"Point","coordinates":[-2.426791954103802,51.52324872026059]},"properties":{"name":null}},{"type":"Feature","geometry":{"type":"Point","coordinates":[-2.544596847468503,51.50391430692943]},"properties":{"name":null}},{"type":"Feature","geometry":{"type":"Point","coordinates":[-2.548807080015566,51.51852412465286]},"properties":{"name":null}},{"type":"Feature","geometry":{"type":"Point","coordinates":[-2.394230288484283,51.53819896984863]},"properties":{"name":null}},{"type":"Feature","geometry":{"type":"Point","coordinates":[-2.495205488141642,51.48782225927844]},"properties":{"name":null}},{"type":"Feature","geometry":{"type":"Point","coordinates":[-2.470028680458367,51.4821082196318]},"properties":{"name":null}},{"type":"Feature","geometry":{"type":"Point","coordinates":[-2.578496488213368,51.44344479274878]},"properties":{"name":null}},{"type":"Feature","geometry":{"type":"Point","coordinates":[-2.470491429287859,51.5327207040671]},"properties":{"name":null}},{"type":"Feature","geometry":{"type":"Point","coordinates":[-2.797380431884457,51.39068128835313]},"properties":{"name":null}},{"type":"Feature","geometry":{"type":"Point","coordinates":[-2.543789248709009,51.375533805398206]},"properties":{"name":null}},{"type":"Feature","geometry":{"type":"Point","coordinates":[-2.952843592010682,51.347706525444714]},"properties":{"name":null}},{"type":"Feature","geometry":{"type":"Point","coordinates":[-2.358948891487641,51.36024935808863]},"properties":{"name":null}},{"type":"Feature","geometry":{"type":"Point","coordinates":[-2.544655358138989,51.483476010654826]},"properties":{"name":null}},{"type":"Feature","geometry":{"type":"Point","coordinates":[-2.586668067057224,51.50397197321619]},"properties":{"name":null}},{"type":"Feature","geometry":{"type":"Point","coordinates":[-2.938058658714829,51.34863557526291]},"properties":{"name":null}},{"type":"Feature","geometry":{"type":"Point","coordinates":[-2.505379012251675,51.41410072351185]},"properties":{"name":null}},{"type":"Feature","geometry":{"type":"Point","coordinates":[-2.46723365807252,51.62419679808769]},"properties":{"name":null}},{"type":"Feature","geometry":{"type":"Point","coordinates":[-2.76850042627769,51.48206935710382]},"properties":{"name":null}},{"type":"Feature","geometry":{"type":"Point","coordinates":[-2.68819017991932,51.49753024574077]},"properties":{"name":null}},{"type":"Feature","geometry":{"type":"Point","coordinates":[-2.910697754511749,51.3685890685189]},"properties":{"name":null}},{"type":"Feature","geometry":{"type":"Point","coordinates":[-2.519495483425036,51.47324071140999]},"properties":{"name":null}},{"type":"Feature","geometry":{"type":"Point","coordinates":[-2.383193637336935,51.37407360751199]},"properties":{"name":null}},{"type":"Feature","geometry":{"type":"Point","coordinates":[-2.830971196782694,51.33207155869956]},"properties":{"name":null}},{"type":"Feature","geometry":{"type":"Point","coordinates":[-2.621278326589155,51.541099764829234]},"properties":{"name":null}},{"type":"Feature","geometry":{"type":"Point","coordinates":[-2.512128550972312,51.40819076344706]},"properties":{"name":null}},{"type":"Feature","geometry":{"type":"Point","coordinates":[-2.55756460472277,51.5416901891892]},"properties":{"name":null}},{"type":"Feature","geometry":{"type":"Point","coordinates":[-2.907303521766088,51.33490431719445]},"properties":{"name":null}},{"type":"Feature","geometry":{"type":"Point","coordinates":[-2.575653211021308,51.493110780805395]},"properties":{"name":null}},{"type":"Feature","geometry":{"type":"Point","coordinates":[-2.438009479270432,51.604680808034075]},"properties":{"name":null}},{"type":"Feature","geometry":{"type":"Point","coordinates":[-2.616011962538983,51.537692771453024]},"properties":{"name":null}},{"type":"Feature","geometry":{"type":"Point","coordinates":[-2.406347395666359,51.53071250536399]},"properties":{"name":null}},{"type":"Feature","geometry":{"type":"Point","coordinates":[-2.459147063836117,51.28884496253546]},"properties":{"name":null}},{"type":"Feature","geometry":{"type":"Point","coordinates":[-2.399144105163573,51.59222216736405]},"properties":{"name":null}},{"type":"Feature","geometry":{"type":"Point","coordinates":[-2.617574021481375,51.47948211770014]},"properties":{"name":null}},{"type":"Feature","geometry":{"type":"Point","coordinates":[-2.386028773890237,51.37464873014245]},"properties":{"name":null}},{"type":"Feature","geometry":{"type":"Point","coordinates":[-2.529107354965746,51.521231294259714]},"properties":{"name":null}},{"type":"Feature","geometry":{"type":"Point","coordinates":[-2.761986301459828,51.48091591697869]},"properties":{"name":null}},{"type":"Feature","geometry":{"type":"Point","coordinates":[-2.43439967115772,51.51992083772992]},"properties":{"name":null}},{"type":"Feature","geometry":{"type":"Point","coordinates":[-2.548001466029202,51.434635538686955]},"properties":{"name":null}},{"type":"Feature","geometry":{"type":"Point","coordinates":[-2.510050471031473,51.468075992260594]},"properties":{"name":null}},{"type":"Feature","geometry":{"type":"Point","coordinates":[-2.972144509106135,51.32065229130104]},"properties":{"name":null}},{"type":"Feature","geometry":{"type":"Point","coordinates":[-2.551296062108143,51.439421705014816]},"properties":{"name":null}},{"type":"Feature","geometry":{"type":"Point","coordinates":[-2.416818400650722,51.55490824751012]},"properties":{"name":null}},{"type":"Feature","geometry":{"type":"Point","coordinates":[-2.405234927953034,51.54019359012018]},"properties":{"name":null}},{"type":"Feature","geometry":{"type":"Point","coordinates":[-2.81525766946708,51.44151530190859]},"properties":{"name":null}},{"type":"Feature","geometry":{"type":"Point","coordinates":[-2.930172295978378,51.32717086550037]},"properties":{"name":null}},{"type":"Feature","geometry":{"type":"Point","coordinates":[-2.942238913854467,51.34521193827261]},"properties":{"name":null}},{"type":"Feature","geometry":{"type":"Point","coordinates":[-2.915113829620093,51.376800287602705]},"properties":{"name":null}},{"type":"Feature","geometry":{"type":"Point","coordinates":[-2.543470483517277,51.42623127739711]},"properties":{"name":null}},{"type":"Feature","geometry":{"type":"Point","coordinates":[-2.932935485074958,51.35657140610644]},"properties":{"name":null}},{"type":"Feature","geometry":{"type":"Point","coordinates":[-2.611638476217202,51.48036743556249]},"properties":{"name":null}},{"type":"Feature","geometry":{"type":"Point","coordinates":[-2.579252432859672,51.441777598775374]},"properties":{"name":null}},{"type":"Feature","geometry":{"type":"Point","coordinates":[-2.322783180686647,51.40498982212566]},"properties":{"name":null}},{"type":"Feature","geometry":{"type":"Point","coordinates":[-2.61350917301267,51.42761243545225]},"properties":{"name":null}},{"type":"Feature","geometry":{"type":"Point","coordinates":[-2.907525647617343,51.3600173823808]},"properties":{"name":null}},{"type":"Feature","geometry":{"type":"Point","coordinates":[-2.804896638107687,51.47742836728325]},"properties":{"name":null}},{"type":"Feature","geometry":{"type":"Point","coordinates":[-2.652953123178345,51.40881222615983]},"properties":{"name":null}},{"type":"Feature","geometry":{"type":"Point","coordinates":[-2.587727472626668,51.528028289330344]},"properties":{"name":null}},{"type":"Feature","geometry":{"type":"Point","coordinates":[-2.573599055243444,51.49585428876711]},"properties":{"name":null}},{"type":"Feature","geometry":{"type":"Point","coordinates":[-2.77957423473501,51.34503169469775]},"properties":{"name":null}},{"type":"Feature","geometry":{"type":"Point","coordinates":[-2.35713677184038,51.37837331981415]},"properties":{"name":null}},{"type":"Feature","geometry":{"type":"Point","coordinates":[-2.862861715102466,51.37550669907775]},"properties":{"name":null}},{"type":"Feature","geometry":{"type":"Point","coordinates":[-2.542627686221424,51.46071853004072]},"properties":{"name":null}},{"type":"Feature","geometry":{"type":"Point","coordinates":[-2.923467595754591,51.36781450169949]},"properties":{"name":null}},{"type":"Feature","geometry":{"type":"Point","coordinates":[-2.9337705519937,51.360907807930886]},"properties":{"name":null}},{"type":"Feature","geometry":{"type":"Point","coordinates":[-2.511351288605502,51.61003988137553]},"properties":{"name":null}},{"type":"Feature","geometry":{"type":"Point","coordinates":[-2.524418109208865,51.45309536860749]},"properties":{"name":null}},{"type":"Feature","geometry":{"type":"Point","coordinates":[-2.491428775723322,51.39918854861103]},"properties":{"name":null}},{"type":"Feature","geometry":{"type":"Point","coordinates":[-2.546931931639037,51.464358198847876]},"properties":{"name":null}},{"type":"Feature","geometry":{"type":"Point","coordinates":[-2.30820781578375,51.567841329216584]},"properties":{"name":null}},{"type":"Feature","geometry":{"type":"Point","coordinates":[-2.922333944363563,51.372877004928824]},"properties":{"name":null}},{"type":"Feature","geometry":{"type":"Point","coordinates":[-2.61150941952417,51.4137034524833]},"properties":{"name":null}},{"type":"Feature","geometry":{"type":"Point","coordinates":[-2.480204394987722,51.5925568312072]},"properties":{"name":null}},{"type":"Feature","geometry":{"type":"Point","coordinates":[-2.297786092658461,51.58253357675773]},"properties":{"name":null}},{"type":"Feature","geometry":{"type":"Point","coordinates":[-2.960879747501682,51.309667037287795]},"properties":{"name":null}},{"type":"Feature","geometry":{"type":"Point","coordinates":[-2.508445541070005,51.49208162647186]},"properties":{"name":null}},{"type":"Feature","geometry":{"type":"Point","coordinates":[-2.793742413585271,51.44289479415124]},"properties":{"name":null}},{"type":"Feature","geometry":{"type":"Point","coordinates":[-2.316980573911558,51.412028271819864]},"properties":{"name":null}},{"type":"Feature","geometry":{"type":"Point","coordinates":[-2.760459321539865,51.424547437777136]},"properties":{"name":null}},{"type":"Feature","geometry":{"type":"Point","coordinates":[-2.884789347598065,51.32939349827213]},"properties":{"name":null}},{"type":"Feature","geometry":{"type":"Point","coordinates":[-2.855955600506023,51.44348223371655]},"properties":{"name":null}},{"type":"Feature","geometry":{"type":"Point","coordinates":[-2.530331760049499,51.37844583159267]},"properties":{"name":null}},{"type":"Feature","geometry":{"type":"Point","coordinates":[-2.54843926375449,51.371501784846615]},"properties":{"name":null}},{"type":"Feature","geometry":{"type":"Point","coordinates":[-2.591743658992161,51.4597976638929]},"properties":{"name":null}},{"type":"Feature","geometry":{"type":"Point","coordinates":[-2.936547452789425,51.35410575416787]},"properties":{"name":null}},{"type":"Feature","geometry":{"type":"Point","coordinates":[-2.849996005707597,51.4402435498178]},"properties":{"name":null}},{"type":"Feature","geometry":{"type":"Point","coordinates":[-2.63414942511263,51.47951949451424]},"properties":{"name":null}},{"type":"Feature","geometry":{"type":"Point","coordinates":[-2.674083455538327,51.48561776810699]},"properties":{"name":null}},{"type":"Feature","geometry":{"type":"Point","coordinates":[-2.576847657392837,51.402918256368274]},"properties":{"name":null}},{"type":"Feature","geometry":{"type":"Point","coordinates":[-2.732103745127531,51.48172666246196]},"properties":{"name":null}},{"type":"Feature","geometry":{"type":"Point","coordinates":[-2.386349430318807,51.53550970966708]},"properties":{"name":null}},{"type":"Feature","geometry":{"type":"Point","coordinates":[-2.42644278737597,51.31582767261647]},"properties":{"name":null}},{"type":"Feature","geometry":{"type":"Point","coordinates":[-2.790121527705524,51.466540714236004]},"properties":{"name":null}},{"type":"Feature","geometry":{"type":"Point","coordinates":[-2.625158364780461,51.482301232057644]},"properties":{"name":null}},{"type":"Feature","geometry":{"type":"Point","coordinates":[-2.79626238248681,51.380905578337234]},"properties":{"name":null}},{"type":"Feature","geometry":{"type":"Point","coordinates":[-2.372150060912906,51.360504863716265]},"properties":{"name":null}},{"type":"Feature","geometry":{"type":"Point","coordinates":[-2.563900625213601,51.490893041661494]},"properties":{"name":null}},{"type":"Feature","geometry":{"type":"Point","coordinates":[-2.357793689556648,51.37785878341762]},"properties":{"name":null}},{"type":"Feature","geometry":{"type":"Point","coordinates":[-2.33318479239278,51.40006910612393]},"properties":{"name":null}},{"type":"Feature","geometry":{"type":"Point","coordinates":[-2.947161561687494,51.30815127044811]},"properties":{"name":null}},{"type":"Feature","geometry":{"type":"Point","coordinates":[-2.54947223614728,51.43014174985817]},"properties":{"name":null}},{"type":"Feature","geometry":{"type":"Point","coordinates":[-2.347785360693365,51.34457434912611]},"properties":{"name":null}},{"type":"Feature","geometry":{"type":"Point","coordinates":[-2.489050922464751,51.468489121687064]},"properties":{"name":null}},{"type":"Feature","geometry":{"type":"Point","coordinates":[-2.533033735711604,51.46869310549073]},"properties":{"name":null}},{"type":"Feature","geometry":{"type":"Point","coordinates":[-2.587689126136795,51.43655658380168]},"properties":{"name":null}},{"type":"Feature","geometry":{"type":"Point","coordinates":[-2.842236744889759,51.376645828498]},"properties":{"name":null}},{"type":"Feature","geometry":{"type":"Point","coordinates":[-2.425274223262841,51.53208408660582]},"properties":{"name":null}},{"type":"Feature","geometry":{"type":"Point","coordinates":[-2.438901484229785,51.41542042204971]},"properties":{"name":null}},{"type":"Feature","geometry":{"type":"Point","coordinates":[-2.481112990603926,51.333815364863376]},"properties":{"name":null}},{"type":"Feature","geometry":{"type":"Point","coordinates":[-2.819688120189559,51.386786795598546]},"properties":{"name":null}},{"type":"Feature","geometry":{"type":"Point","coordinates":[-2.637214405540694,51.41947358234168]},"properties":{"name":null}},{"type":"Feature","geometry":{"type":"Point","coordinates":[-2.562983782971506,51.505293003024015]},"properties":{"name":null}},{"type":"Feature","geometry":{"type":"Point","coordinates":[-2.500582305389448,51.51455875934253]},"properties":{"name":null}},{"type":"Feature","geometry":{"type":"Point","coordinates":[-2.61705766840689,51.47110462499833]},"properties":{"name":null}},{"type":"Feature","geometry":{"type":"Point","coordinates":[-2.595229316986549,51.403626654517865]},"properties":{"name":null}},{"type":"Feature","geometry":{"type":"Point","coordinates":[-2.480451045517703,51.411921519737824]},"properties":{"name":null}},{"type":"Feature","geometry":{"type":"Point","coordinates":[-2.673352943283828,51.42628487185842]},"properties":{"name":null}},{"type":"Feature","geometry":{"type":"Point","coordinates":[-2.395342424606343,51.390137579282566]},"properties":{"name":null}},{"type":"Feature","geometry":{"type":"Point","coordinates":[-2.66790580263881,51.42854601949915]},"properties":{"name":null}},{"type":"Feature","geometry":{"type":"Point","coordinates":[-2.4809306943251,51.28890135223962]},"properties":{"name":null}},{"type":"Feature","geometry":{"type":"Point","coordinates":[-2.579310959917077,51.537250562379086]},"properties":{"name":null}},{"type":"Feature","geometry":{"type":"Point","coordinates":[-2.410513084580255,51.37821612330383]},"properties":{"name":null}},{"type":"Feature","geometry":{"type":"Point","coordinates":[-2.586081980967555,51.43801223156618]},"properties":{"name":null}},{"type":"Feature","geometry":{"type":"Point","coordinates":[-2.360821548966536,51.53260585548821]},"properties":{"name":null}},{"type":"Feature","geometry":{"type":"Point","coordinates":[-2.522345539842958,51.44676548830819]},"properties":{"name":null}},{"type":"Feature","geometry":{"type":"Point","coordinates":[-2.50157217778694,51.396088400683816]},"properties":{"name":null}},{"type":"Feature","geometry":{"type":"Point","coordinates":[-2.33186831606004,51.50421497169931]},"properties":{"name":null}},{"type":"Feature","geometry":{"type":"Point","coordinates":[-2.596459000192817,51.45051198756308]},"properties":{"name":null}},{"type":"Feature","geometry":{"type":"Point","coordinates":[-2.377628547451408,51.38917095640715]},"properties":{"name":null}},{"type":"Feature","geometry":{"type":"Point","coordinates":[-2.933979186641838,51.35210316459222]},"properties":{"name":null}},{"type":"Feature","geometry":{"type":"Point","coordinates":[-2.846098643550693,51.33121697867005]},"properties":{"name":null}},{"type":"Feature","geometry":{"type":"Point","coordinates":[-2.398173020824923,51.58847595476284]},"properties":{"name":null}},{"type":"Feature","geometry":{"type":"Point","coordinates":[-2.547117241897468,51.54227895973607]},"properties":{"name":null}},{"type":"Feature","geometry":{"type":"Point","coordinates":[-2.751984581006648,51.485701129107035]},"properties":{"name":null}},{"type":"Feature","geometry":{"type":"Point","coordinates":[-2.474462268342557,51.449963148774415]},"properties":{"name":null}},{"type":"Feature","geometry":{"type":"Point","coordinates":[-2.600874091391756,51.43483531111294]},"properties":{"name":null}},{"type":"Feature","geometry":{"type":"Point","coordinates":[-2.353803569967363,51.39142144833439]},"properties":{"name":null}},{"type":"Feature","geometry":{"type":"Point","coordinates":[-2.324688629279256,51.39187452609086]},"properties":{"name":null}},{"type":"Feature","geometry":{"type":"Point","coordinates":[-2.552503177979653,51.45961153837668]},"properties":{"name":null}},{"type":"Feature","geometry":{"type":"Point","coordinates":[-2.493842984154805,51.30947500902135]},"properties":{"name":null}},{"type":"Feature","geometry":{"type":"Point","coordinates":[-2.520475959289306,51.60731126464008]},"properties":{"name":null}},{"type":"Feature","geometry":{"type":"Point","coordinates":[-2.634563204845728,51.480281543960736]},"properties":{"name":null}},{"type":"Feature","geometry":{"type":"Point","coordinates":[-2.955441341545423,51.36558863804071]},"properties":{"name":null}},{"type":"Feature","geometry":{"type":"Point","coordinates":[-2.660372509521559,51.55520055007344]},"properties":{"name":null}},{"type":"Feature","geometry":{"type":"Point","coordinates":[-2.67000225669897,51.485245574383704]},"properties":{"name":null}},{"type":"Feature","geometry":{"type":"Point","coordinates":[-2.337448500752173,51.37783827541471]},"properties":{"name":null}},{"type":"Feature","geometry":{"type":"Point","coordinates":[-2.379951089184912,51.359032119810095]},"properties":{"name":null}},{"type":"Feature","geometry":{"type":"Point","coordinates":[-2.4288722043074,51.459202322625515]},"properties":{"name":null}},{"type":"Feature","geometry":{"type":"Point","coordinates":[-2.580376929998707,51.594927385976156]},"properties":{"name":null}},{"type":"Feature","geometry":{"type":"Point","coordinates":[-2.505380916842716,51.46760167062175]},"properties":{"name":null}},{"type":"Feature","geometry":{"type":"Point","coordinates":[-2.521863277763829,51.502821789648415]},"properties":{"name":null}},{"type":"Feature","geometry":{"type":"Point","coordinates":[-2.43160991623817,51.311384652914974]},"properties":{"name":null}},{"type":"Feature","geometry":{"type":"Point","coordinates":[-2.54300390491742,51.465725155680445]},"properties":{"name":null}},{"type":"Feature","geometry":{"type":"Point","coordinates":[-2.418966943564218,51.32054843109696]},"properties":{"name":null}},{"type":"Feature","geometry":{"type":"Point","coordinates":[-2.559613002288862,51.440668156795084]},"properties":{"name":null}},{"type":"Feature","geometry":{"type":"Point","coordinates":[-2.577844063365156,51.454480956865126]},"properties":{"name":null}},{"type":"Feature","geometry":{"type":"Point","coordinates":[-2.486367822685061,51.47069423670987]},"properties":{"name":null}},{"type":"Feature","geometry":{"type":"Point","coordinates":[-2.67825227490658,51.494764910460226]},"properties":{"name":null}},{"type":"Feature","geometry":{"type":"Point","coordinates":[-2.90361285340095,51.366998519703934]},"properties":{"name":null}},{"type":"Feature","geometry":{"type":"Point","coordinates":[-2.835801836451668,51.32222680077991]},"properties":{"name":null}},{"type":"Feature","geometry":{"type":"Point","coordinates":[-2.683053496733137,51.47006427411381]},"properties":{"name":null}},{"type":"Feature","geometry":{"type":"Point","coordinates":[-2.986984438032098,51.35549876071207]},"properties":{"name":null}},{"type":"Feature","geometry":{"type":"Point","coordinates":[-2.535302287203624,51.66096047071921]},"properties":{"name":null}},{"type":"Feature","geometry":{"type":"Point","coordinates":[-2.4864887428756,51.40234729181945]},"properties":{"name":null}},{"type":"Feature","geometry":{"type":"Point","coordinates":[-2.769058511972634,51.475870319242134]},"properties":{"name":null}},{"type":"Feature","geometry":{"type":"Point","coordinates":[-2.740737606079298,51.481321750357914]},"properties":{"name":null}},{"type":"Feature","geometry":{"type":"Point","coordinates":[-2.56583481531313,51.62596579357496]},"properties":{"name":null}},{"type":"Feature","geometry":{"type":"Point","coordinates":[-2.473723625244488,51.548236207856434]},"properties":{"name":null}},{"type":"Feature","geometry":{"type":"Point","coordinates":[-2.597401033689847,51.33296591439648]},"properties":{"name":null}},{"type":"Feature","geometry":{"type":"Point","coordinates":[-2.352068579371046,51.39194820377707]},"properties":{"name":null}},{"type":"Feature","geometry":{"type":"Point","coordinates":[-2.550963995418644,51.451301408034176]},"properties":{"name":null}},{"type":"Feature","geometry":{"type":"Point","coordinates":[-2.771805887628197,51.34584745351744]},"properties":{"name":null}},{"type":"Feature","geometry":{"type":"Point","coordinates":[-2.567661360258954,51.43533344973431]},"properties":{"name":null}},{"type":"Feature","geometry":{"type":"Point","coordinates":[-2.608002191150586,51.4895756957008]},"properties":{"name":null}},{"type":"Feature","geometry":{"type":"Point","coordinates":[-2.956282518808899,51.365285034127595]},"properties":{"name":null}},{"type":"Feature","geometry":{"type":"Point","coordinates":[-2.953885646418013,51.347410287900765]},"properties":{"name":null}},{"type":"Feature","geometry":{"type":"Point","coordinates":[-2.328184177003795,51.374240918557646]},"properties":{"name":null}},{"type":"Feature","geometry":{"type":"Point","coordinates":[-2.693378078434838,51.34091583347981]},"properties":{"name":null}},{"type":"Feature","geometry":{"type":"Point","coordinates":[-2.664538817981887,51.56298176361526]},"properties":{"name":null}},{"type":"Feature","geometry":{"type":"Point","coordinates":[-2.591372410053544,51.428814365286584]},"properties":{"name":null}},{"type":"Feature","geometry":{"type":"Point","coordinates":[-2.933889015602401,51.35190606537005]},"properties":{"name":null}},{"type":"Feature","geometry":{"type":"Point","coordinates":[-2.396086249072573,51.40304736957012]},"properties":{"name":null}},{"type":"Feature","geometry":{"type":"Point","coordinates":[-2.470300219634015,51.52675097381558]},"properties":{"name":null}},{"type":"Feature","geometry":{"type":"Point","coordinates":[-2.361460717329094,51.378261125319085]},"properties":{"name":null}},{"type":"Feature","geometry":{"type":"Point","coordinates":[-2.362992620025442,51.5952618145327]},"properties":{"name":null}},{"type":"Feature","geometry":{"type":"Point","coordinates":[-2.361046698626849,51.38588737396862]},"properties":{"name":null}},{"type":"Feature","geometry":{"type":"Point","coordinates":[-2.659885221584637,51.49470801701905]},"properties":{"name":null}},{"type":"Feature","geometry":{"type":"Point","coordinates":[-2.925047692364003,51.3599790190469]},"properties":{"name":null}},{"type":"Feature","geometry":{"type":"Point","coordinates":[-2.579303236863859,51.44352172807515]},"properties":{"name":null}},{"type":"Feature","geometry":{"type":"Point","coordinates":[-2.49561189356925,51.44422888711365]},"properties":{"name":null}},{"type":"Feature","geometry":{"type":"Point","coordinates":[-2.394963307937569,51.384482966900265]},"properties":{"name":null}},{"type":"Feature","geometry":{"type":"Point","coordinates":[-2.497509672345112,51.434851500222756]},"properties":{"name":null}},{"type":"Feature","geometry":{"type":"Point","coordinates":[-2.902295220698628,51.35843928599148]},"properties":{"name":null}},{"type":"Feature","geometry":{"type":"Point","coordinates":[-2.765105399226361,51.49002233627218]},"properties":{"name":null}},{"type":"Feature","geometry":{"type":"Point","coordinates":[-2.398782039551711,51.626652191017925]},"properties":{"name":null}},{"type":"Feature","geometry":{"type":"Point","coordinates":[-2.577347706169082,51.508630949587754]},"properties":{"name":null}},{"type":"Feature","geometry":{"type":"Point","coordinates":[-2.408465312439461,51.62710444755261]},"properties":{"name":null}},{"type":"Feature","geometry":{"type":"Point","coordinates":[-2.544115127519557,51.514247994982064]},"properties":{"name":null}},{"type":"Feature","geometry":{"type":"Point","coordinates":[-2.434601264682362,51.48806250443315]},"properties":{"name":null}},{"type":"Feature","geometry":{"type":"Point","coordinates":[-2.348330689737912,51.395592064026125]},"properties":{"name":null}},{"type":"Feature","geometry":{"type":"Point","coordinates":[-2.522159661702762,51.61561207026574]},"properties":{"name":null}},{"type":"Feature","geometry":{"type":"Point","coordinates":[-2.58214098576698,51.43923671068098]},"properties":{"name":null}},{"type":"Feature","geometry":{"type":"Point","coordinates":[-2.626071756257347,51.396577546952905]},"properties":{"name":null}},{"type":"Feature","geometry":{"type":"Point","coordinates":[-2.564832541553408,51.457916398227326]},"properties":{"name":null}},{"type":"Feature","geometry":{"type":"Point","coordinates":[-2.709529449610677,51.387370458132786]},"properties":{"name":null}},{"type":"Feature","geometry":{"type":"Point","coordinates":[-2.922070166602657,51.36475926467133]},"properties":{"name":null}},{"type":"Feature","geometry":{"type":"Point","coordinates":[-2.547406615408166,51.64083543292013]},"properties":{"name":null}},{"type":"Feature","geometry":{"type":"Point","coordinates":[-2.474442508504898,51.44391177992532]},"properties":{"name":null}},{"type":"Feature","geometry":{"type":"Point","coordinates":[-2.40685528693472,51.380521812747375]},"properties":{"name":null}},{"type":"Feature","geometry":{"type":"Point","coordinates":[-2.691066505016092,51.51525349209239]},"properties":{"name":null}},{"type":"Feature","geometry":{"type":"Point","coordinates":[-2.566891255081618,51.50899669960354]},"properties":{"name":null}},{"type":"Feature","geometry":{"type":"Point","coordinates":[-2.549545065362362,51.48651037310939]},"properties":{"name":null}},{"type":"Feature","geometry":{"type":"Point","coordinates":[-2.914698879471036,51.368243101444904]},"properties":{"name":null}},{"type":"Feature","geometry":{"type":"Point","coordinates":[-2.510798042739319,51.51052241025862]},"properties":{"name":null}},{"type":"Feature","geometry":{"type":"Point","coordinates":[-2.531082822023308,51.58443389697989]},"properties":{"name":null}},{"type":"Feature","geometry":{"type":"Point","coordinates":[-2.520375935462392,51.61498158587346]},"properties":{"name":null}},{"type":"Feature","geometry":{"type":"Point","coordinates":[-2.589665754885699,51.43923502838183]},"properties":{"name":null}},{"type":"Feature","geometry":{"type":"Point","coordinates":[-2.900253854936726,51.35540673500806]},"properties":{"name":null}},{"type":"Feature","geometry":{"type":"Point","coordinates":[-2.75285040347407,51.325549959150926]},"properties":{"name":null}},{"type":"Feature","geometry":{"type":"Point","coordinates":[-2.430843067011323,51.45908720175452]},"properties":{"name":null}},{"type":"Feature","geometry":{"type":"Point","coordinates":[-2.683953576185108,51.42435322692037]},"properties":{"name":null}},{"type":"Feature","geometry":{"type":"Point","coordinates":[-2.491937737911556,51.505378796766855]},"properties":{"name":null}},{"type":"Feature","geometry":{"type":"Point","coordinates":[-2.461274428057197,51.32517336667242]},"properties":{"name":null}},{"type":"Feature","geometry":{"type":"Point","coordinates":[-2.353390125639404,51.39931746751792]},"properties":{"name":null}},{"type":"Feature","geometry":{"type":"Point","coordinates":[-2.797844725792601,51.442983845065484]},"properties":{"name":null}},{"type":"Feature","geometry":{"type":"Point","coordinates":[-2.397300365522456,51.372246168087806]},"properties":{"name":null}},{"type":"Feature","geometry":{"type":"Point","coordinates":[-2.575111290725757,51.411199296129425]},"properties":{"name":null}},{"type":"Feature","geometry":{"type":"Point","coordinates":[-2.392004289766838,51.36445026091131]},"properties":{"name":null}},{"type":"Feature","geometry":{"type":"Point","coordinates":[-2.679391233692102,51.48518247801889]},"properties":{"name":null}},{"type":"Feature","geometry":{"type":"Point","coordinates":[-2.433652082041566,51.63077260300839]},"properties":{"name":null}},{"type":"Feature","geometry":{"type":"Point","coordinates":[-2.562688827545953,51.459167560448954]},"properties":{"name":null}},{"type":"Feature","geometry":{"type":"Point","coordinates":[-2.960136520195926,51.34007548658962]},"properties":{"name":null}},{"type":"Feature","geometry":{"type":"Point","coordinates":[-2.909258904527272,51.36195518317942]},"properties":{"name":null}},{"type":"Feature","geometry":{"type":"Point","coordinates":[-2.631852810300371,51.48736358011017]},"properties":{"name":null}},{"type":"Feature","geometry":{"type":"Point","coordinates":[-2.600329835958322,51.48005725228987]},"properties":{"name":null}},{"type":"Feature","geometry":{"type":"Point","coordinates":[-2.956714316038628,51.33636269364709]},"properties":{"name":null}},{"type":"Feature","geometry":{"type":"Point","coordinates":[-2.488677052164191,51.408021049839505]},"properties":{"name":null}},{"type":"Feature","geometry":{"type":"Point","coordinates":[-2.617852266950746,51.43074559088256]},"properties":{"name":null}},{"type":"Feature","geometry":{"type":"Point","coordinates":[-2.615098762560812,51.45929957305662]},"properties":{"name":null}},{"type":"Feature","geometry":{"type":"Point","coordinates":[-2.560332844042632,51.532271615775535]},"properties":{"name":null}},{"type":"Feature","geometry":{"type":"Point","coordinates":[-2.835424594808282,51.325160920520645]},"properties":{"name":null}},{"type":"Feature","geometry":{"type":"Point","coordinates":[-2.383045648953627,51.361548693307235]},"properties":{"name":null}},{"type":"Feature","geometry":{"type":"Point","coordinates":[-2.486258957239038,51.53634295118832]},"properties":{"name":null}},{"type":"Feature","geometry":{"type":"Point","coordinates":[-2.473586953007465,51.529543163745046]},"properties":{"name":null}},{"type":"Feature","geometry":{"type":"Point","coordinates":[-2.65507261529729,51.310608616661824]},"properties":{"name":null}},{"type":"Feature","geometry":{"type":"Point","coordinates":[-2.370990064578123,51.383976950472245]},"properties":{"name":null}},{"type":"Feature","geometry":{"type":"Point","coordinates":[-2.510030684341655,51.470171138967636]},"properties":{"name":null}},{"type":"Feature","geometry":{"type":"Point","coordinates":[-2.841525493690734,51.44202209204746]},"properties":{"name":null}},{"type":"Feature","geometry":{"type":"Point","coordinates":[-2.805334205954829,51.475294291596576]},"properties":{"name":null}},{"type":"Feature","geometry":{"type":"Point","coordinates":[-2.373186222944371,51.37486136101121]},"properties":{"name":null}},{"type":"Feature","geometry":{"type":"Point","coordinates":[-2.49394607603785,51.46719180210462]},"properties":{"name":null}},{"type":"Feature","geometry":{"type":"Point","coordinates":[-2.514822723338341,51.4891854998702]},"properties":{"name":null}},{"type":"Feature","geometry":{"type":"Point","coordinates":[-2.848649037098518,51.44364324548064]},"properties":{"name":null}},{"type":"Feature","geometry":{"type":"Point","coordinates":[-2.488083095319006,51.28317977860408]},"properties":{"name":null}},{"type":"Feature","geometry":{"type":"Point","coordinates":[-2.490380091780147,51.41130496662198]},"properties":{"name":null}},{"type":"Feature","geometry":{"type":"Point","coordinates":[-2.637267188808531,51.5707588054841]},"properties":{"name":null}},{"type":"Feature","geometry":{"type":"Point","coordinates":[-2.708488310352443,51.47719633512388]},"properties":{"name":null}},{"type":"Feature","geometry":{"type":"Point","coordinates":[-2.90010028005047,51.36368957105715]},"properties":{"name":null}},{"type":"Feature","geometry":{"type":"Point","coordinates":[-2.713630637686079,51.42097532071775]},"properties":{"name":null}},{"type":"Feature","geometry":{"type":"Point","coordinates":[-2.276158481207924,51.52646104231032]},"properties":{"name":null}},{"type":"Feature","geometry":{"type":"Point","coordinates":[-2.602705351441012,51.35763961787952]},"properties":{"name":null}},{"type":"Feature","geometry":{"type":"Point","coordinates":[-2.459088605517242,51.63730268197201]},"properties":{"name":null}},{"type":"Feature","geometry":{"type":"Point","coordinates":[-2.365806702695055,51.424105652046165]},"properties":{"name":null}},{"type":"Feature","geometry":{"type":"Point","coordinates":[-2.972421841093317,51.3521045181437]},"properties":{"name":null}},{"type":"Feature","geometry":{"type":"Point","coordinates":[-2.361259791806643,51.39834931008218]},"properties":{"name":null}},{"type":"Feature","geometry":{"type":"Point","coordinates":[-2.628288962349988,51.506849459612894]},"properties":{"name":null}},{"type":"Feature","geometry":{"type":"Point","coordinates":[-2.948984772115594,51.35969731578201]},"properties":{"name":null}},{"type":"Feature","geometry":{"type":"Point","coordinates":[-2.504783605325657,51.45784818303999]},"properties":{"name":null}},{"type":"Feature","geometry":{"type":"Point","coordinates":[-2.985194713614836,51.321586438695384]},"properties":{"name":null}},{"type":"Feature","geometry":{"type":"Point","coordinates":[-2.566819743988807,51.541492878165464]},"properties":{"name":null}},{"type":"Feature","geometry":{"type":"Point","coordinates":[-2.591980495133781,51.468078036516644]},"properties":{"name":null}},{"type":"Feature","geometry":{"type":"Point","coordinates":[-2.411499443314231,51.45925558071211]},"properties":{"name":null}},{"type":"Feature","geometry":{"type":"Point","coordinates":[-2.577753570082667,51.3423801777917]},"properties":{"name":null}},{"type":"Feature","geometry":{"type":"Point","coordinates":[-2.465859528556599,51.62543410988849]},"properties":{"name":null}},{"type":"Feature","geometry":{"type":"Point","coordinates":[-2.435077778933526,51.55023821429769]},"properties":{"name":null}},{"type":"Feature","geometry":{"type":"Point","coordinates":[-2.488494161531734,51.451389103956274]},"properties":{"name":null}},{"type":"Feature","geometry":{"type":"Point","coordinates":[-2.758146652781199,51.433419349006805]},"properties":{"name":null}},{"type":"Feature","geometry":{"type":"Point","coordinates":[-2.397048091996183,51.62495866246821]},"properties":{"name":null}},{"type":"Feature","geometry":{"type":"Point","coordinates":[-2.357435479535654,51.3779857629437]},"properties":{"name":null}},{"type":"Feature","geometry":{"type":"Point","coordinates":[-2.506768718708101,51.30547213976058]},"properties":{"name":null}},{"type":"Feature","geometry":{"type":"Point","coordinates":[-2.68326814759415,51.523778211885485]},"properties":{"name":null}},{"type":"Feature","geometry":{"type":"Point","coordinates":[-2.352783407393391,51.3951920768453]},"properties":{"name":null}},{"type":"Feature","geometry":{"type":"Point","coordinates":[-2.610243282334999,51.49237841582113]},"properties":{"name":null}},{"type":"Feature","geometry":{"type":"Point","coordinates":[-2.508601509861192,51.51903812033686]},"properties":{"name":null}},{"type":"Feature","geometry":{"type":"Point","coordinates":[-2.510068464476119,51.48131161241769]},"properties":{"name":null}},{"type":"Feature","geometry":{"type":"Point","coordinates":[-2.644011314391857,51.49677451295039]},"properties":{"name":null}},{"type":"Feature","geometry":{"type":"Point","coordinates":[-2.521730369486522,51.44454728713116]},"properties":{"name":null}},{"type":"Feature","geometry":{"type":"Point","coordinates":[-2.332125054632544,51.37682843133773]},"properties":{"name":null}},{"type":"Feature","geometry":{"type":"Point","coordinates":[-2.591174623822808,51.43685373491725]},"properties":{"name":null}},{"type":"Feature","geometry":{"type":"Point","coordinates":[-2.626239446944188,51.458224437329]},"properties":{"name":null}},{"type":"Feature","geometry":{"type":"Point","coordinates":[-2.485865179087996,51.49255492012632]},"properties":{"name":null}},{"type":"Feature","geometry":{"type":"Point","coordinates":[-2.35451209533816,51.38826321375629]},"properties":{"name":null}},{"type":"Feature","geometry":{"type":"Point","coordinates":[-2.975736856632838,51.3472661547175]},"properties":{"name":null}},{"type":"Feature","geometry":{"type":"Point","coordinates":[-2.856173138539793,51.435882489253295]},"properties":{"name":null}},{"type":"Feature","geometry":{"type":"Point","coordinates":[-2.343699751300631,51.37991517703087]},"properties":{"name":null}},{"type":"Feature","geometry":{"type":"Point","coordinates":[-2.92392572379278,51.35418814585768]},"properties":{"name":null}},{"type":"Feature","geometry":{"type":"Point","coordinates":[-2.663932549542564,51.49963046187633]},"properties":{"name":null}},{"type":"Feature","geometry":{"type":"Point","coordinates":[-2.58410674475504,51.42760992986747]},"properties":{"name":null}},{"type":"Feature","geometry":{"type":"Point","coordinates":[-2.796138615318398,51.47725431908236]},"properties":{"name":null}},{"type":"Feature","geometry":{"type":"Point","coordinates":[-2.630163345782239,51.421229348721965]},"properties":{"name":null}},{"type":"Feature","geometry":{"type":"Point","coordinates":[-2.535414136624822,51.591913276632496]},"properties":{"name":null}},{"type":"Feature","geometry":{"type":"Point","coordinates":[-2.435880223953739,51.514969898305864]},"properties":{"name":null}},{"type":"Feature","geometry":{"type":"Point","coordinates":[-2.898560767635537,51.33488178184217]},"properties":{"name":null}},{"type":"Feature","geometry":{"type":"Point","coordinates":[-2.859563610838583,51.444822616280405]},"properties":{"name":null}},{"type":"Feature","geometry":{"type":"Point","coordinates":[-2.46633479637634,51.28634385569555]},"properties":{"name":null}},{"type":"Feature","geometry":{"type":"Point","coordinates":[-2.423227890650498,51.39683801700683]},"properties":{"name":null}},{"type":"Feature","geometry":{"type":"Point","coordinates":[-2.567000225669607,51.53629475292074]},"properties":{"name":null}},{"type":"Feature","geometry":{"type":"Point","coordinates":[-2.378556400305484,51.35710340913648]},"properties":{"name":null}},{"type":"Feature","geometry":{"type":"Point","coordinates":[-2.557402348021854,51.54257215328108]},"properties":{"name":null}},{"type":"Feature","geometry":{"type":"Point","coordinates":[-2.581458519578411,51.42075338913072]},"properties":{"name":null}},{"type":"Feature","geometry":{"type":"Point","coordinates":[-2.490399065383994,51.28119185441418]},"properties":{"name":null}},{"type":"Feature","geometry":{"type":"Point","coordinates":[-2.303301924733432,51.339644623067755]},"properties":{"name":null}},{"type":"Feature","geometry":{"type":"Point","coordinates":[-2.491814315589308,51.46574409077953]},"properties":{"name":null}},{"type":"Feature","geometry":{"type":"Point","coordinates":[-2.564639390207665,51.556393800063056]},"properties":{"name":null}},{"type":"Feature","geometry":{"type":"Point","coordinates":[-2.52777507662745,51.310882599213855]},"properties":{"name":null}},{"type":"Feature","geometry":{"type":"Point","coordinates":[-2.864764919759581,51.438328151300354]},"properties":{"name":null}},{"type":"Feature","geometry":{"type":"Point","coordinates":[-2.873616192065213,51.366093302877154]},"properties":{"name":null}},{"type":"Feature","geometry":{"type":"Point","coordinates":[-2.422894146464522,51.54749538623352]},"properties":{"name":null}},{"type":"Feature","geometry":{"type":"Point","coordinates":[-2.723617888125581,51.36305996170201]},"properties":{"name":null}},{"type":"Feature","geometry":{"type":"Point","coordinates":[-2.711836338596931,51.37210611524567]},"properties":{"name":null}},{"type":"Feature","geometry":{"type":"Point","coordinates":[-2.471530226115966,51.43918488979387]},"properties":{"name":null}},{"type":"Feature","geometry":{"type":"Point","coordinates":[-2.498458679500181,51.44534980014786]},"properties":{"name":null}},{"type":"Feature","geometry":{"type":"Point","coordinates":[-2.413162528759116,51.54305225928679]},"properties":{"name":null}},{"type":"Feature","geometry":{"type":"Point","coordinates":[-2.639162133314477,51.54234336109927]},"properties":{"name":null}},{"type":"Feature","geometry":{"type":"Point","coordinates":[-2.431446492667732,51.28938163383697]},"properties":{"name":null}},{"type":"Feature","geometry":{"type":"Point","coordinates":[-2.43284173994287,51.45429629481097]},"properties":{"name":null}},{"type":"Feature","geometry":{"type":"Point","coordinates":[-2.457621177820756,51.45678288130268]},"properties":{"name":null}},{"type":"Feature","geometry":{"type":"Point","coordinates":[-2.805453319958611,51.47470001042481]},"properties":{"name":null}},{"type":"Feature","geometry":{"type":"Point","coordinates":[-2.688189154996926,51.4803116492034]},"properties":{"name":null}},{"type":"Feature","geometry":{"type":"Point","coordinates":[-2.541039877462978,51.412871649395186]},"properties":{"name":null}},{"type":"Feature","geometry":{"type":"Point","coordinates":[-2.591768460281732,51.4883909260791]},"properties":{"name":null}},{"type":"Feature","geometry":{"type":"Point","coordinates":[-2.457923677708252,51.30426222889796]},"properties":{"name":null}},{"type":"Feature","geometry":{"type":"Point","coordinates":[-2.422026656877228,51.31775893442234]},"properties":{"name":null}},{"type":"Feature","geometry":{"type":"Point","coordinates":[-2.710438670049649,51.39133039640755]},"properties":{"name":null}},{"type":"Feature","geometry":{"type":"Point","coordinates":[-2.390549354649882,51.38420103211599]},"properties":{"name":null}},{"type":"Feature","geometry":{"type":"Point","coordinates":[-2.914946284583489,51.36840302195249]},"properties":{"name":null}},{"type":"Feature","geometry":{"type":"Point","coordinates":[-2.566522384450074,51.62897467395207]},"properties":{"name":null}},{"type":"Feature","geometry":{"type":"Point","coordinates":[-2.684618536897347,51.49471886773691]},"properties":{"name":null}},{"type":"Feature","geometry":{"type":"Point","coordinates":[-2.550502299030283,51.52045831858986]},"properties":{"name":null}},{"type":"Feature","geometry":{"type":"Point","coordinates":[-2.605179418327926,51.455907354242235]},"properties":{"name":null}},{"type":"Feature","geometry":{"type":"Point","coordinates":[-2.942220592929527,51.35833127235104]},"properties":{"name":null}},{"type":"Feature","geometry":{"type":"Point","coordinates":[-2.897742893260215,51.34963516277935]},"properties":{"name":null}},{"type":"Feature","geometry":{"type":"Point","coordinates":[-2.582257010126625,51.430298624704044]},"properties":{"name":null}},{"type":"Feature","geometry":{"type":"Point","coordinates":[-2.377184665629464,51.384118983506276]},"properties":{"name":null}},{"type":"Feature","geometry":{"type":"Point","coordinates":[-2.619476911953431,51.5094409405855]},"properties":{"name":null}},{"type":"Feature","geometry":{"type":"Point","coordinates":[-2.839069290888252,51.31411053933324]},"properties":{"name":null}},{"type":"Feature","geometry":{"type":"Point","coordinates":[-2.666279985604601,51.49957216672212]},"properties":{"name":null}},{"type":"Feature","geometry":{"type":"Point","coordinates":[-2.959965071350715,51.32153502871235]},"properties":{"name":null}},{"type":"Feature","geometry":{"type":"Point","coordinates":[-2.561307156428809,51.58333105411212]},"properties":{"name":null}},{"type":"Feature","geometry":{"type":"Point","coordinates":[-2.98315494164755,51.32350989759816]},"properties":{"name":null}},{"type":"Feature","geometry":{"type":"Point","coordinates":[-2.475423969815455,51.45941855224702]},"properties":{"name":null}},{"type":"Feature","geometry":{"type":"Point","coordinates":[-2.598719374699127,51.446166447894264]},"properties":{"name":null}},{"type":"Feature","geometry":{"type":"Point","coordinates":[-2.775013235654403,51.39298034744448]},"properties":{"name":null}},{"type":"Feature","geometry":{"type":"Point","coordinates":[-2.386691534758646,51.37487133314104]},"properties":{"name":null}},{"type":"Feature","geometry":{"type":"Point","coordinates":[-2.761913402734098,51.48949459365152]},"properties":{"name":null}},{"type":"Feature","geometry":{"type":"Point","coordinates":[-2.537776629079745,51.482680500367366]},"properties":{"name":null}},{"type":"Feature","geometry":{"type":"Point","coordinates":[-2.594967525462893,51.42105428458446]},"properties":{"name":null}},{"type":"Feature","geometry":{"type":"Point","coordinates":[-2.582949624266997,51.52865458015011]},"properties":{"name":null}},{"type":"Feature","geometry":{"type":"Point","coordinates":[-2.777104311206829,51.486679473032375]},"properties":{"name":null}},{"type":"Feature","geometry":{"type":"Point","coordinates":[-2.631226741628716,51.36693044217751]},"properties":{"name":null}},{"type":"Feature","geometry":{"type":"Point","coordinates":[-2.501317982598203,51.599868661322176]},"properties":{"name":null}},{"type":"Feature","geometry":{"type":"Point","coordinates":[-2.642249539859999,51.41448247942907]},"properties":{"name":null}},{"type":"Feature","geometry":{"type":"Point","coordinates":[-2.446617436911968,51.56954492844812]},"properties":{"name":null}},{"type":"Feature","geometry":{"type":"Point","coordinates":[-2.975614943625618,51.34693445922439]},"properties":{"name":null}},{"type":"Feature","geometry":{"type":"Point","coordinates":[-2.623275776408231,51.43293755778849]},"properties":{"name":null}},{"type":"Feature","geometry":{"type":"Point","coordinates":[-2.519838287087942,51.4666842514432]},"properties":{"name":null}},{"type":"Feature","geometry":{"type":"Point","coordinates":[-2.5078056144971,51.48113260474933]},"properties":{"name":null}},{"type":"Feature","geometry":{"type":"Point","coordinates":[-2.755246406624572,51.44599941152041]},"properties":{"name":null}},{"type":"Feature","geometry":{"type":"Point","coordinates":[-2.513603417228173,51.627887427484985]},"properties":{"name":null}},{"type":"Feature","geometry":{"type":"Point","coordinates":[-2.589051275275066,51.41735258940411]},"properties":{"name":null}},{"type":"Feature","geometry":{"type":"Point","coordinates":[-2.515343551716707,51.60295498128156]},"properties":{"name":null}},{"type":"Feature","geometry":{"type":"Point","coordinates":[-2.755431350398733,51.363812320417914]},"properties":{"name":null}},{"type":"Feature","geometry":{"type":"Point","coordinates":[-2.912339677581307,51.37096814754299]},"properties":{"name":null}},{"type":"Feature","geometry":{"type":"Point","coordinates":[-2.927529983794608,51.35345826860255]},"properties":{"name":null}},{"type":"Feature","geometry":{"type":"Point","coordinates":[-2.898556204592747,51.36185807631813]},"properties":{"name":null}},{"type":"Feature","geometry":{"type":"Point","coordinates":[-2.532613416957023,51.52648450722055]},"properties":{"name":null}},{"type":"Feature","geometry":{"type":"Point","coordinates":[-2.575581998149799,51.53197286492639]},"properties":{"name":null}},{"type":"Feature","geometry":{"type":"Point","coordinates":[-2.967151836866507,51.354162383210806]},"properties":{"name":null}},{"type":"Feature","geometry":{"type":"Point","coordinates":[-2.797396058278821,51.47339726265373]},"properties":{"name":null}},{"type":"Feature","geometry":{"type":"Point","coordinates":[-2.476708734139545,51.6199236460413]},"properties":{"name":null}},{"type":"Feature","geometry":{"type":"Point","coordinates":[-2.612897906973212,51.46797936590321]},"properties":{"name":null}},{"type":"Feature","geometry":{"type":"Point","coordinates":[-2.362770926357586,51.404027465838254]},"properties":{"name":null}},{"type":"Feature","geometry":{"type":"Point","coordinates":[-2.482881882802572,51.49648762569681]},"properties":{"name":null}},{"type":"Feature","geometry":{"type":"Point","coordinates":[-2.548873499597868,51.45941273685234]},"properties":{"name":null}},{"type":"Feature","geometry":{"type":"Point","coordinates":[-2.688837557662755,51.49747249088933]},"properties":{"name":null}},{"type":"Feature","geometry":{"type":"Point","coordinates":[-2.571243338620376,51.52742640913343]},"properties":{"name":null}},{"type":"Feature","geometry":{"type":"Point","coordinates":[-2.812069617478834,51.33708678087205]},"properties":{"name":null}},{"type":"Feature","geometry":{"type":"Point","coordinates":[-2.595716710328548,51.45871644941842]},"properties":{"name":null}},{"type":"Feature","geometry":{"type":"Point","coordinates":[-2.619744155559026,51.49299397377389]},"properties":{"name":null}},{"type":"Feature","geometry":{"type":"Point","coordinates":[-2.489674452796637,51.50795990040013]},"properties":{"name":null}},{"type":"Feature","geometry":{"type":"Point","coordinates":[-2.763730144043116,51.44390335827864]},"properties":{"name":null}},{"type":"Feature","geometry":{"type":"Point","coordinates":[-2.345822372613511,51.36606159101879]},"properties":{"name":null}},{"type":"Feature","geometry":{"type":"Point","coordinates":[-2.563775981623295,51.509928908469156]},"properties":{"name":null}},{"type":"Feature","geometry":{"type":"Point","coordinates":[-2.769036095590679,51.437682417104035]},"properties":{"name":null}},{"type":"Feature","geometry":{"type":"Point","coordinates":[-2.487746039880178,51.40027394449382]},"properties":{"name":null}},{"type":"Feature","geometry":{"type":"Point","coordinates":[-2.641241763274542,51.486224626748495]},"properties":{"name":null}},{"type":"Feature","geometry":{"type":"Point","coordinates":[-2.4793760036372,51.33105302769969]},"properties":{"name":null}},{"type":"Feature","geometry":{"type":"Point","coordinates":[-2.679564533760358,51.49099888004218]},"properties":{"name":null}},{"type":"Feature","geometry":{"type":"Point","coordinates":[-2.399950732685627,51.3813009055143]},"properties":{"name":null}},{"type":"Feature","geometry":{"type":"Point","coordinates":[-2.316141389866,51.40501697605503]},"properties":{"name":null}},{"type":"Feature","geometry":{"type":"Point","coordinates":[-2.703109867028062,51.474836997506074]},"properties":{"name":null}},{"type":"Feature","geometry":{"type":"Point","coordinates":[-2.662742150552122,51.42955543390249]},"properties":{"name":null}},{"type":"Feature","geometry":{"type":"Point","coordinates":[-2.42784644119046,51.50347214158395]},"properties":{"name":null}},{"type":"Feature","geometry":{"type":"Point","coordinates":[-2.591738855309245,51.45831401322414]},"properties":{"name":null}},{"type":"Feature","geometry":{"type":"Point","coordinates":[-2.869024821892811,51.4300600457358]},"properties":{"name":null}},{"type":"Feature","geometry":{"type":"Point","coordinates":[-2.637734054129198,51.39897822856994]},"properties":{"name":null}},{"type":"Feature","geometry":{"type":"Point","coordinates":[-2.547799121345219,51.33224593133301]},"properties":{"name":null}},{"type":"Feature","geometry":{"type":"Point","coordinates":[-2.285960535529441,51.579362079110986]},"properties":{"name":null}},{"type":"Feature","geometry":{"type":"Point","coordinates":[-2.499946216896568,51.4801053509475]},"properties":{"name":null}},{"type":"Feature","geometry":{"type":"Point","coordinates":[-2.807570193131226,51.4730849077398]},"properties":{"name":null}},{"type":"Feature","geometry":{"type":"Point","coordinates":[-2.59094039982063,51.436540224056394]},"properties":{"name":null}},{"type":"Feature","geometry":{"type":"Point","coordinates":[-2.378822110429903,51.32145875625191]},"properties":{"name":null}},{"type":"Feature","geometry":{"type":"Point","coordinates":[-2.491744436712764,51.40581422197872]},"properties":{"name":null}},{"type":"Feature","geometry":{"type":"Point","coordinates":[-2.679616898943096,51.47520056901459]},"properties":{"name":null}},{"type":"Feature","geometry":{"type":"Point","coordinates":[-2.592942962538492,51.471238228541395]},"properties":{"name":null}},{"type":"Feature","geometry":{"type":"Point","coordinates":[-2.621171313575842,51.45705548699164]},"properties":{"name":null}},{"type":"Feature","geometry":{"type":"Point","coordinates":[-2.555124633431972,51.44072544323922]},"properties":{"name":null}},{"type":"Feature","geometry":{"type":"Point","coordinates":[-2.429524057168011,51.28929879660427]},"properties":{"name":null}},{"type":"Feature","geometry":{"type":"Point","coordinates":[-2.566392434933594,51.4897301109435]},"properties":{"name":null}},{"type":"Feature","geometry":{"type":"Point","coordinates":[-2.805738650984666,51.36410665582716]},"properties":{"name":null}},{"type":"Feature","geometry":{"type":"Point","coordinates":[-2.373696288843939,51.38102804245278]},"properties":{"name":null}},{"type":"Feature","geometry":{"type":"Point","coordinates":[-2.573130675217279,51.48952652553781]},"properties":{"name":null}},{"type":"Feature","geometry":{"type":"Point","coordinates":[-2.909072206593927,51.361956634771]},"properties":{"name":null}},{"type":"Feature","geometry":{"type":"Point","coordinates":[-2.51488182443021,51.40754927988033]},"properties":{"name":null}},{"type":"Feature","geometry":{"type":"Point","coordinates":[-2.921398045065227,51.334794215612156]},"properties":{"name":null}},{"type":"Feature","geometry":{"type":"Point","coordinates":[-2.617322497739888,51.418168873912336]},"properties":{"name":null}},{"type":"Feature","geometry":{"type":"Point","coordinates":[-2.557992297989432,51.4340310141431]},"properties":{"name":null}},{"type":"Feature","geometry":{"type":"Point","coordinates":[-2.487644939754173,51.40022940560987]},"properties":{"name":null}},{"type":"Feature","geometry":{"type":"Point","coordinates":[-2.752100823404604,51.485763326954896]},"properties":{"name":null}},{"type":"Feature","geometry":{"type":"Point","coordinates":[-2.698908417649132,51.501315120654795]},"properties":{"name":null}},{"type":"Feature","geometry":{"type":"Point","coordinates":[-2.595130785420816,51.44128433613668]},"properties":{"name":null}},{"type":"Feature","geometry":{"type":"Point","coordinates":[-2.885579493209184,51.360761134986674]},"properties":{"name":null}},{"type":"Feature","geometry":{"type":"Point","coordinates":[-2.490942763580911,51.48651840275414]},"properties":{"name":null}},{"type":"Feature","geometry":{"type":"Point","coordinates":[-2.429306168520784,51.45328423543008]},"properties":{"name":null}},{"type":"Feature","geometry":{"type":"Point","coordinates":[-2.569510991936879,51.62073284686928]},"properties":{"name":null}},{"type":"Feature","geometry":{"type":"Point","coordinates":[-2.973471703507478,51.33658429508459]},"properties":{"name":null}},{"type":"Feature","geometry":{"type":"Point","coordinates":[-2.520326815606612,51.46156579491761]},"properties":{"name":null}},{"type":"Feature","geometry":{"type":"Point","coordinates":[-2.547304596355794,51.64076397570706]},"properties":{"name":null}},{"type":"Feature","geometry":{"type":"Point","coordinates":[-2.927385512463766,51.339144128675734]},"properties":{"name":null}},{"type":"Feature","geometry":{"type":"Point","coordinates":[-2.648814253461707,51.4910923359911]},"properties":{"name":null}},{"type":"Feature","geometry":{"type":"Point","coordinates":[-2.752500700709617,51.42512032126715]},"properties":{"name":null}},{"type":"Feature","geometry":{"type":"Point","coordinates":[-2.97786366316469,51.33857100440701]},"properties":{"name":null}},{"type":"Feature","geometry":{"type":"Point","coordinates":[-2.956460103528628,51.30893890587697]},"properties":{"name":null}},{"type":"Feature","geometry":{"type":"Point","coordinates":[-2.580088665106487,51.594964780082016]},"properties":{"name":null}},{"type":"Feature","geometry":{"type":"Point","coordinates":[-2.964077616742503,51.33083502094996]},"properties":{"name":null}},{"type":"Feature","geometry":{"type":"Point","coordinates":[-2.607408846070326,51.43292234535045]},"properties":{"name":null}},{"type":"Feature","geometry":{"type":"Point","coordinates":[-2.311749315355755,51.406071832997156]},"properties":{"name":null}},{"type":"Feature","geometry":{"type":"Point","coordinates":[-2.503887949242937,51.45754631471551]},"properties":{"name":null}},{"type":"Feature","geometry":{"type":"Point","coordinates":[-2.766068198572069,51.476150641854346]},"properties":{"name":null}},{"type":"Feature","geometry":{"type":"Point","coordinates":[-2.600235700138946,51.33129688918787]},"properties":{"name":null}},{"type":"Feature","geometry":{"type":"Point","coordinates":[-2.951291670095684,51.352502901440964]},"properties":{"name":null}},{"type":"Feature","geometry":{"type":"Point","coordinates":[-2.348658515413967,51.361233579199734]},"properties":{"name":null}},{"type":"Feature","geometry":{"type":"Point","coordinates":[-2.596223438296577,51.527337966600065]},"properties":{"name":null}},{"type":"Feature","geometry":{"type":"Point","coordinates":[-2.434169757528325,51.519993622607295]},"properties":{"name":null}},{"type":"Feature","geometry":{"type":"Point","coordinates":[-2.634805034115451,51.50604109969972]},"properties":{"name":null}},{"type":"Feature","geometry":{"type":"Point","coordinates":[-2.854955478371106,51.446942432672756]},"properties":{"name":null}},{"type":"Feature","geometry":{"type":"Point","coordinates":[-2.541590699245652,51.52011324361072]},"properties":{"name":null}},{"type":"Feature","geometry":{"type":"Point","coordinates":[-2.635761629280398,51.55593945766572]},"properties":{"name":null}},{"type":"Feature","geometry":{"type":"Point","coordinates":[-2.627469344292197,51.42088421136306]},"properties":{"name":null}},{"type":"Feature","geometry":{"type":"Point","coordinates":[-2.500864656057947,51.45220019649825]},"properties":{"name":null}},{"type":"Feature","geometry":{"type":"Point","coordinates":[-2.42907274608573,51.51132638784967]},"properties":{"name":null}},{"type":"Feature","geometry":{"type":"Point","coordinates":[-2.576923009707053,51.35742779236157]},"properties":{"name":null}},{"type":"Feature","geometry":{"type":"Point","coordinates":[-2.422923652302161,51.629903586210226]},"properties":{"name":null}},{"type":"Feature","geometry":{"type":"Point","coordinates":[-2.574675364154954,51.53552900268439]},"properties":{"name":null}},{"type":"Feature","geometry":{"type":"Point","coordinates":[-2.394491450458208,51.3680385583966]},"properties":{"name":null}},{"type":"Feature","geometry":{"type":"Point","coordinates":[-2.659854580237845,51.45972162330616]},"properties":{"name":null}},{"type":"Feature","geometry":{"type":"Point","coordinates":[-2.414305430268396,51.53710473539981]},"properties":{"name":null}},{"type":"Feature","geometry":{"type":"Point","coordinates":[-2.961136238792717,51.319205474138414]},"properties":{"name":null}},{"type":"Feature","geometry":{"type":"Point","coordinates":[-2.487860332232534,51.45808162631013]},"properties":{"name":null}},{"type":"Feature","geometry":{"type":"Point","coordinates":[-2.330766798510761,51.36381217771393]},"properties":{"name":null}},{"type":"Feature","geometry":{"type":"Point","coordinates":[-2.530775489721071,51.51841836698906]},"properties":{"name":null}},{"type":"Feature","geometry":{"type":"Point","coordinates":[-2.727005963939806,51.47720866489635]},"properties":{"name":null}},{"type":"Feature","geometry":{"type":"Point","coordinates":[-2.827089954263616,51.39241774729576]},"properties":{"name":null}},{"type":"Feature","geometry":{"type":"Point","coordinates":[-2.860884831943587,51.435506276320275]},"properties":{"name":null}},{"type":"Feature","geometry":{"type":"Point","coordinates":[-2.515858977077592,51.4814481444299]},"properties":{"name":null}},{"type":"Feature","geometry":{"type":"Point","coordinates":[-2.562666790108388,51.44211919036277]},"properties":{"name":null}},{"type":"Feature","geometry":{"type":"Point","coordinates":[-2.386437717168105,51.48968795246518]},"properties":{"name":null}},{"type":"Feature","geometry":{"type":"Point","coordinates":[-2.750170687473565,51.332832702895296]},"properties":{"name":null}},{"type":"Feature","geometry":{"type":"Point","coordinates":[-2.98177701170546,51.33829552807046]},"properties":{"name":null}},{"type":"Feature","geometry":{"type":"Point","coordinates":[-2.360020470136121,51.37782497448757]},"properties":{"name":null}},{"type":"Feature","geometry":{"type":"Point","coordinates":[-2.566094726309498,51.62595554827895]},"properties":{"name":null}},{"type":"Feature","geometry":{"type":"Point","coordinates":[-2.391947683365744,51.36454935912242]},"properties":{"name":null}},{"type":"Feature","geometry":{"type":"Point","coordinates":[-2.317498950329921,51.46198493440258]},"properties":{"name":null}},{"type":"Feature","geometry":{"type":"Point","coordinates":[-2.376912041602624,51.35798091898246]},"properties":{"name":null}},{"type":"Feature","geometry":{"type":"Point","coordinates":[-2.504216815058044,51.51874233608995]},"properties":{"name":null}},{"type":"Feature","geometry":{"type":"Point","coordinates":[-2.587607866545524,51.52769620696671]},"properties":{"name":null}},{"type":"Feature","geometry":{"type":"Point","coordinates":[-2.679818111185541,51.49447709371065]},"properties":{"name":null}},{"type":"Feature","geometry":{"type":"Point","coordinates":[-2.57069992097635,51.47251757467654]},"properties":{"name":null}},{"type":"Feature","geometry":{"type":"Point","coordinates":[-2.313915339622936,51.336082862739644]},"properties":{"name":null}},{"type":"Feature","geometry":{"type":"Point","coordinates":[-2.767254669598868,51.481636907474716]},"properties":{"name":null}},{"type":"Feature","geometry":{"type":"Point","coordinates":[-2.643744302712559,51.49212734673694]},"properties":{"name":null}},{"type":"Feature","geometry":{"type":"Point","coordinates":[-2.510039318939548,51.617967226721554]},"properties":{"name":null}},{"type":"Feature","geometry":{"type":"Point","coordinates":[-2.555677461994109,51.43177605307918]},"properties":{"name":null}},{"type":"Feature","geometry":{"type":"Point","coordinates":[-2.511983973522971,51.51348450964223]},"properties":{"name":null}},{"type":"Feature","geometry":{"type":"Point","coordinates":[-2.542498628160107,51.32825109722238]},"properties":{"name":null}},{"type":"Feature","geometry":{"type":"Point","coordinates":[-2.49980120606973,51.46287792976288]},"properties":{"name":null}},{"type":"Feature","geometry":{"type":"Point","coordinates":[-2.439503411104698,51.49010331501868]},"properties":{"name":null}},{"type":"Feature","geometry":{"type":"Point","coordinates":[-2.948885179202139,51.359743084625954]},"properties":{"name":null}},{"type":"Feature","geometry":{"type":"Point","coordinates":[-2.349920332260929,51.38730594278222]},"properties":{"name":null}},{"type":"Feature","geometry":{"type":"Point","coordinates":[-2.642823147273464,51.492177361154155]},"properties":{"name":null}},{"type":"Feature","geometry":{"type":"Point","coordinates":[-2.582153557450869,51.44022569379775]},"properties":{"name":null}},{"type":"Feature","geometry":{"type":"Point","coordinates":[-2.763586331378366,51.36186214575109]},"properties":{"name":null}},{"type":"Feature","geometry":{"type":"Point","coordinates":[-2.467885661763357,51.290779739311006]},"properties":{"name":null}},{"type":"Feature","geometry":{"type":"Point","coordinates":[-2.619397011749487,51.43544889267034]},"properties":{"name":null}},{"type":"Feature","geometry":{"type":"Point","coordinates":[-2.946600889314943,51.32274983051549]},"properties":{"name":null}},{"type":"Feature","geometry":{"type":"Point","coordinates":[-2.865753822241875,51.4350837500162]},"properties":{"name":null}},{"type":"Feature","geometry":{"type":"Point","coordinates":[-2.499285713876344,51.518556616552274]},"properties":{"name":null}},{"type":"Feature","geometry":{"type":"Point","coordinates":[-2.474485430374849,51.49111787300506]},"properties":{"name":null}},{"type":"Feature","geometry":{"type":"Point","coordinates":[-2.500160453211979,51.41682964428045]},"properties":{"name":null}},{"type":"Feature","geometry":{"type":"Point","coordinates":[-2.593305855591948,51.43811970856654]},"properties":{"name":null}},{"type":"Feature","geometry":{"type":"Point","coordinates":[-2.515976836212899,51.44087716404471]},"properties":{"name":null}},{"type":"Feature","geometry":{"type":"Point","coordinates":[-2.575679120137564,51.40717714434261]},"properties":{"name":null}},{"type":"Feature","geometry":{"type":"Point","coordinates":[-2.584123578565805,51.43787815348493]},"properties":{"name":null}},{"type":"Feature","geometry":{"type":"Point","coordinates":[-2.493630585539607,51.530053968571735]},"properties":{"name":null}},{"type":"Feature","geometry":{"type":"Point","coordinates":[-2.859839734403735,51.42505639674677]},"properties":{"name":null}},{"type":"Feature","geometry":{"type":"Point","coordinates":[-2.766546040439345,51.433310786238586]},"properties":{"name":null}},{"type":"Feature","geometry":{"type":"Point","coordinates":[-2.758141571471774,51.482667247480066]},"properties":{"name":null}},{"type":"Feature","geometry":{"type":"Point","coordinates":[-2.610125430978092,51.44037090338927]},"properties":{"name":null}},{"type":"Feature","geometry":{"type":"Point","coordinates":[-2.648802619973734,51.51768030286584]},"properties":{"name":null}},{"type":"Feature","geometry":{"type":"Point","coordinates":[-2.648217156143946,51.495717292564855]},"properties":{"name":null}},{"type":"Feature","geometry":{"type":"Point","coordinates":[-2.587630067695817,51.43307723250674]},"properties":{"name":null}},{"type":"Feature","geometry":{"type":"Point","coordinates":[-2.584752878752165,51.48716730501857]},"properties":{"name":null}},{"type":"Feature","geometry":{"type":"Point","coordinates":[-2.598294316395549,51.431197982873]},"properties":{"name":null}},{"type":"Feature","geometry":{"type":"Point","coordinates":[-2.502024076512865,51.467364325187646]},"properties":{"name":null}},{"type":"Feature","geometry":{"type":"Point","coordinates":[-2.512808990440239,51.51123297876751]},"properties":{"name":null}},{"type":"Feature","geometry":{"type":"Point","coordinates":[-2.560219006588981,51.55939129037315]},"properties":{"name":null}},{"type":"Feature","geometry":{"type":"Point","coordinates":[-2.671947184144028,51.48431730992011]},"properties":{"name":null}},{"type":"Feature","geometry":{"type":"Point","coordinates":[-2.752830754279382,51.48810550735377]},"properties":{"name":null}},{"type":"Feature","geometry":{"type":"Point","coordinates":[-2.502341191494094,51.41245028140953]},"properties":{"name":null}},{"type":"Feature","geometry":{"type":"Point","coordinates":[-2.528962863817771,51.59204144210731]},"properties":{"name":null}},{"type":"Feature","geometry":{"type":"Point","coordinates":[-2.500112052050568,51.483431528045884]},"properties":{"name":null}},{"type":"Feature","geometry":{"type":"Point","coordinates":[-2.775723031508426,51.34228771138125]},"properties":{"name":null}},{"type":"Feature","geometry":{"type":"Point","coordinates":[-2.57306102182262,51.45870370336285]},"properties":{"name":null}},{"type":"Feature","geometry":{"type":"Point","coordinates":[-2.378356401572327,51.3728755210362]},"properties":{"name":null}},{"type":"Feature","geometry":{"type":"Point","coordinates":[-2.4309082812606,51.48438055954064]},"properties":{"name":null}},{"type":"Feature","geometry":{"type":"Point","coordinates":[-2.416983845286231,51.541474195849496]},"properties":{"name":null}},{"type":"Feature","geometry":{"type":"Point","coordinates":[-2.559798180879191,51.5462653304878]},"properties":{"name":null}},{"type":"Feature","geometry":{"type":"Point","coordinates":[-2.498348553843584,51.27779517652619]},"properties":{"name":null}},{"type":"Feature","geometry":{"type":"Point","coordinates":[-2.389674919078681,51.39462552137155]},"properties":{"name":null}},{"type":"Feature","geometry":{"type":"Point","coordinates":[-2.809492404547538,51.373351596753906]},"properties":{"name":null}},{"type":"Feature","geometry":{"type":"Point","coordinates":[-2.665271173203889,51.56275279455685]},"properties":{"name":null}},{"type":"Feature","geometry":{"type":"Point","coordinates":[-2.480335766537814,51.49546403069791]},"properties":{"name":null}},{"type":"Feature","geometry":{"type":"Point","coordinates":[-2.489696121664443,51.53686814146413]},"properties":{"name":null}},{"type":"Feature","geometry":{"type":"Point","coordinates":[-2.319707468719348,51.36595596211595]},"properties":{"name":null}},{"type":"Feature","geometry":{"type":"Point","coordinates":[-2.474202485981954,51.4916135557716]},"properties":{"name":null}},{"type":"Feature","geometry":{"type":"Point","coordinates":[-2.366755718761188,51.38637313050323]},"properties":{"name":null}},{"type":"Feature","geometry":{"type":"Point","coordinates":[-2.597582034596837,51.453860263674706]},"properties":{"name":null}},{"type":"Feature","geometry":{"type":"Point","coordinates":[-2.574357195373023,51.55374792497465]},"properties":{"name":null}},{"type":"Feature","geometry":{"type":"Point","coordinates":[-2.585219992782505,51.48990739217277]},"properties":{"name":null}},{"type":"Feature","geometry":{"type":"Point","coordinates":[-2.310372421846135,51.33861001881652]},"properties":{"name":null}},{"type":"Feature","geometry":{"type":"Point","coordinates":[-2.53467212081785,51.47827977560842]},"properties":{"name":null}},{"type":"Feature","geometry":{"type":"Point","coordinates":[-2.982706628641765,51.33477181862097]},"properties":{"name":null}},{"type":"Feature","geometry":{"type":"Point","coordinates":[-2.477966445319288,51.435544108695616]},"properties":{"name":null}},{"type":"Feature","geometry":{"type":"Point","coordinates":[-2.51072173767714,51.416100745304384]},"properties":{"name":null}},{"type":"Feature","geometry":{"type":"Point","coordinates":[-2.650915015699358,51.494992004762636]},"properties":{"name":null}},{"type":"Feature","geometry":{"type":"Point","coordinates":[-2.409801197101499,51.55090472137635]},"properties":{"name":null}},{"type":"Feature","geometry":{"type":"Point","coordinates":[-2.749165364655708,51.41905416358007]},"properties":{"name":null}},{"type":"Feature","geometry":{"type":"Point","coordinates":[-2.958430430064109,51.32019879113578]},"properties":{"name":null}},{"type":"Feature","geometry":{"type":"Point","coordinates":[-2.615284308177938,51.470925130887814]},"properties":{"name":null}},{"type":"Feature","geometry":{"type":"Point","coordinates":[-2.505785773231094,51.46776177494402]},"properties":{"name":null}},{"type":"Feature","geometry":{"type":"Point","coordinates":[-2.935390163891863,51.349457277349636]},"properties":{"name":null}},{"type":"Feature","geometry":{"type":"Point","coordinates":[-2.612222599896882,51.4466000893514]},"properties":{"name":null}},{"type":"Feature","geometry":{"type":"Point","coordinates":[-2.842426758500261,51.41672152140135]},"properties":{"name":null}},{"type":"Feature","geometry":{"type":"Point","coordinates":[-2.478603018889417,51.41120072993711]},"properties":{"name":null}},{"type":"Feature","geometry":{"type":"Point","coordinates":[-2.54489767904337,51.448254495510604]},"properties":{"name":null}},{"type":"Feature","geometry":{"type":"Point","coordinates":[-2.486993561236293,51.394405402518174]},"properties":{"name":null}},{"type":"Feature","geometry":{"type":"Point","coordinates":[-2.548589979337201,51.33718785616447]},"properties":{"name":null}},{"type":"Feature","geometry":{"type":"Point","coordinates":[-2.345955172220712,51.39507759049618]},"properties":{"name":null}},{"type":"Feature","geometry":{"type":"Point","coordinates":[-2.362532573850552,51.38116212364127]},"properties":{"name":null}},{"type":"Feature","geometry":{"type":"Point","coordinates":[-2.609782736847121,51.457879680601174]},"properties":{"name":null}},{"type":"Feature","geometry":{"type":"Point","coordinates":[-2.621963772459047,51.49202911780847]},"properties":{"name":null}},{"type":"Feature","geometry":{"type":"Point","coordinates":[-2.294434262922217,51.58868329546976]},"properties":{"name":null}},{"type":"Feature","geometry":{"type":"Point","coordinates":[-2.989107230273973,51.355372963011746]},"properties":{"name":null}},{"type":"Feature","geometry":{"type":"Point","coordinates":[-2.480541143279165,51.44642256704048]},"properties":{"name":null}},{"type":"Feature","geometry":{"type":"Point","coordinates":[-2.59855905353899,51.47350252639968]},"properties":{"name":null}},{"type":"Feature","geometry":{"type":"Point","coordinates":[-2.4949966911162,51.45652313687097]},"properties":{"name":null}},{"type":"Feature","geometry":{"type":"Point","coordinates":[-2.538963063857457,51.528289741840815]},"properties":{"name":null}},{"type":"Feature","geometry":{"type":"Point","coordinates":[-2.499629090750259,51.44184708368445]},"properties":{"name":null}},{"type":"Feature","geometry":{"type":"Point","coordinates":[-2.510957570533836,51.444918410142485]},"properties":{"name":null}},{"type":"Feature","geometry":{"type":"Point","coordinates":[-2.54671688458427,51.572636911391804]},"properties":{"name":null}},{"type":"Feature","geometry":{"type":"Point","coordinates":[-2.622167264667778,51.52181708364122]},"properties":{"name":null}},{"type":"Feature","geometry":{"type":"Point","coordinates":[-2.593470982882664,51.469769912428646]},"properties":{"name":null}},{"type":"Feature","geometry":{"type":"Point","coordinates":[-2.552977998247373,51.54279095516668]},"properties":{"name":null}},{"type":"Feature","geometry":{"type":"Point","coordinates":[-2.628190622019799,51.41686095656375]},"properties":{"name":null}},{"type":"Feature","geometry":{"type":"Point","coordinates":[-2.646437843785529,51.49518762961084]},"properties":{"name":null}},{"type":"Feature","geometry":{"type":"Point","coordinates":[-2.350606254649041,51.37365441662315]},"properties":{"name":null}},{"type":"Feature","geometry":{"type":"Point","coordinates":[-2.549292330365071,51.545676657448396]},"properties":{"name":null}},{"type":"Feature","geometry":{"type":"Point","coordinates":[-2.383131454168422,51.37866860154756]},"properties":{"name":null}},{"type":"Feature","geometry":{"type":"Point","coordinates":[-2.969435238938629,51.318067019326676]},"properties":{"name":null}},{"type":"Feature","geometry":{"type":"Point","coordinates":[-2.383246207252502,51.37348897649165]},"properties":{"name":null}},{"type":"Feature","geometry":{"type":"Point","coordinates":[-2.953627257190233,51.32109224265496]},"properties":{"name":null}},{"type":"Feature","geometry":{"type":"Point","coordinates":[-2.821846322400126,51.38773383058813]},"properties":{"name":null}},{"type":"Feature","geometry":{"type":"Point","coordinates":[-2.579415864051227,51.458141891568246]},"properties":{"name":null}},{"type":"Feature","geometry":{"type":"Point","coordinates":[-2.401314530774797,51.37621582241235]},"properties":{"name":null}},{"type":"Feature","geometry":{"type":"Point","coordinates":[-2.342834312077494,51.38907130569576]},"properties":{"name":null}},{"type":"Feature","geometry":{"type":"Point","coordinates":[-2.749766696588344,51.40745972319474]},"properties":{"name":null}},{"type":"Feature","geometry":{"type":"Point","coordinates":[-2.961881200653742,51.37471697987538]},"properties":{"name":null}},{"type":"Feature","geometry":{"type":"Point","coordinates":[-2.556070365687324,51.53149168798814]},"properties":{"name":null}},{"type":"Feature","geometry":{"type":"Point","coordinates":[-2.617076572514984,51.44051424928793]},"properties":{"name":null}},{"type":"Feature","geometry":{"type":"Point","coordinates":[-2.590656603934434,51.4469267716127]},"properties":{"name":null}},{"type":"Feature","geometry":{"type":"Point","coordinates":[-2.845913356363023,51.411624979561054]},"properties":{"name":null}},{"type":"Feature","geometry":{"type":"Point","coordinates":[-2.731663699987864,51.48122588156524]},"properties":{"name":null}},{"type":"Feature","geometry":{"type":"Point","coordinates":[-2.535041359194645,51.51593527558294]},"properties":{"name":null}},{"type":"Feature","geometry":{"type":"Point","coordinates":[-2.499263970777712,51.46640499490204]},"properties":{"name":null}},{"type":"Feature","geometry":{"type":"Point","coordinates":[-2.575386775016163,51.52678574254704]},"properties":{"name":null}},{"type":"Feature","geometry":{"type":"Point","coordinates":[-2.417093700939296,51.31178788595952]},"properties":{"name":null}},{"type":"Feature","geometry":{"type":"Point","coordinates":[-2.706308103731345,51.32376278382663]},"properties":{"name":null}},{"type":"Feature","geometry":{"type":"Point","coordinates":[-2.601261219563425,51.43473442243064]},"properties":{"name":null}},{"type":"Feature","geometry":{"type":"Point","coordinates":[-2.478626206799777,51.435352587999176]},"properties":{"name":null}},{"type":"Feature","geometry":{"type":"Point","coordinates":[-2.481133849650595,51.50011846956831]},"properties":{"name":null}},{"type":"Feature","geometry":{"type":"Point","coordinates":[-2.525323638236354,51.481756822437994]},"properties":{"name":null}},{"type":"Feature","geometry":{"type":"Point","coordinates":[-2.865817580780693,51.43465166532721]},"properties":{"name":null}},{"type":"Feature","geometry":{"type":"Point","coordinates":[-2.378640295075778,51.36030420035248]},"properties":{"name":null}},{"type":"Feature","geometry":{"type":"Point","coordinates":[-2.476117853544983,51.49019411534684]},"properties":{"name":null}},{"type":"Feature","geometry":{"type":"Point","coordinates":[-2.910079130028806,51.35768660897941]},"properties":{"name":null}},{"type":"Feature","geometry":{"type":"Point","coordinates":[-2.592386103236993,51.45938977410813]},"properties":{"name":null}},{"type":"Feature","geometry":{"type":"Point","coordinates":[-2.466806336600986,51.28618012700394]},"properties":{"name":null}},{"type":"Feature","geometry":{"type":"Point","coordinates":[-2.625264872450379,51.440650550902745]},"properties":{"name":null}},{"type":"Feature","geometry":{"type":"Point","coordinates":[-2.494218420446729,51.46708275465142]},"properties":{"name":null}},{"type":"Feature","geometry":{"type":"Point","coordinates":[-2.414734411305102,51.62543701396468]},"properties":{"name":null}},{"type":"Feature","geometry":{"type":"Point","coordinates":[-2.505877692475893,51.603517686450175]},"properties":{"name":null}},{"type":"Feature","geometry":{"type":"Point","coordinates":[-2.44591444536956,51.593546360947606]},"properties":{"name":null}},{"type":"Feature","geometry":{"type":"Point","coordinates":[-2.970996122819734,51.339680139986136]},"properties":{"name":null}},{"type":"Feature","geometry":{"type":"Point","coordinates":[-2.954773472315156,51.32377151813787]},"properties":{"name":null}},{"type":"Feature","geometry":{"type":"Point","coordinates":[-2.357472937556899,51.380943925340745]},"properties":{"name":null}},{"type":"Feature","geometry":{"type":"Point","coordinates":[-2.390905102514694,51.42251404601377]},"properties":{"name":null}},{"type":"Feature","geometry":{"type":"Point","coordinates":[-2.942607942346062,51.358310166320216]},"properties":{"name":null}},{"type":"Feature","geometry":{"type":"Point","coordinates":[-2.579535735811442,51.4346100715488]},"properties":{"name":null}},{"type":"Feature","geometry":{"type":"Point","coordinates":[-2.363006769100962,51.59522580435966]},"properties":{"name":null}},{"type":"Feature","geometry":{"type":"Point","coordinates":[-2.580806413583932,51.44405378163596]},"properties":{"name":null}},{"type":"Feature","geometry":{"type":"Point","coordinates":[-2.471930760691308,51.43618002334075]},"properties":{"name":null}},{"type":"Feature","geometry":{"type":"Point","coordinates":[-2.516629257970179,51.46678835111026]},"properties":{"name":null}},{"type":"Feature","geometry":{"type":"Point","coordinates":[-2.600496763128133,51.43900913754087]},"properties":{"name":null}},{"type":"Feature","geometry":{"type":"Point","coordinates":[-2.59705800671803,51.43677893261053]},"properties":{"name":null}},{"type":"Feature","geometry":{"type":"Point","coordinates":[-2.532577073967982,51.46657313923789]},"properties":{"name":null}},{"type":"Feature","geometry":{"type":"Point","coordinates":[-2.527138176071574,51.60151788006671]},"properties":{"name":null}},{"type":"Feature","geometry":{"type":"Point","coordinates":[-2.377150894717439,51.37652106727547]},"properties":{"name":null}},{"type":"Feature","geometry":{"type":"Point","coordinates":[-2.431816569292753,51.49516724556082]},"properties":{"name":null}},{"type":"Feature","geometry":{"type":"Point","coordinates":[-2.433197703613886,51.485855745819805]},"properties":{"name":null}},{"type":"Feature","geometry":{"type":"Point","coordinates":[-2.507075095012994,51.480182655362064]},"properties":{"name":null}},{"type":"Feature","geometry":{"type":"Point","coordinates":[-2.935122098646008,51.32426280270907]},"properties":{"name":null}},{"type":"Feature","geometry":{"type":"Point","coordinates":[-2.687392460206903,51.492400801393785]},"properties":{"name":null}},{"type":"Feature","geometry":{"type":"Point","coordinates":[-2.631449408265904,51.47378839398168]},"properties":{"name":null}},{"type":"Feature","geometry":{"type":"Point","coordinates":[-2.535446007311441,51.660887882947776]},"properties":{"name":null}},{"type":"Feature","geometry":{"type":"Point","coordinates":[-2.33461565778072,51.507534062207924]},"properties":{"name":null}},{"type":"Feature","geometry":{"type":"Point","coordinates":[-2.497847336148007,51.5293977366585]},"properties":{"name":null}},{"type":"Feature","geometry":{"type":"Point","coordinates":[-2.665967576141491,51.56203846782496]},"properties":{"name":null}},{"type":"Feature","geometry":{"type":"Point","coordinates":[-2.586752595227836,51.44771071344075]},"properties":{"name":null}},{"type":"Feature","geometry":{"type":"Point","coordinates":[-2.943638161209034,51.36021715890096]},"properties":{"name":null}},{"type":"Feature","geometry":{"type":"Point","coordinates":[-2.350995865142271,51.373878044091114]},"properties":{"name":null}},{"type":"Feature","geometry":{"type":"Point","coordinates":[-2.359497637455744,51.399101053987565]},"properties":{"name":null}},{"type":"Feature","geometry":{"type":"Point","coordinates":[-2.789742528201499,51.44290381916284]},"properties":{"name":null}},{"type":"Feature","geometry":{"type":"Point","coordinates":[-2.398814959194852,51.56122904253124]},"properties":{"name":null}},{"type":"Feature","geometry":{"type":"Point","coordinates":[-2.480814355012181,51.483422265749766]},"properties":{"name":null}},{"type":"Feature","geometry":{"type":"Point","coordinates":[-2.46395599332504,51.530849485120626]},"properties":{"name":null}},{"type":"Feature","geometry":{"type":"Point","coordinates":[-2.60860084335793,51.4609970597297]},"properties":{"name":null}},{"type":"Feature","geometry":{"type":"Point","coordinates":[-2.449917722123987,51.283602383418895]},"properties":{"name":null}},{"type":"Feature","geometry":{"type":"Point","coordinates":[-2.451958191966446,51.4809293812016]},"properties":{"name":null}},{"type":"Feature","geometry":{"type":"Point","coordinates":[-2.554042027190077,51.52234783230084]},"properties":{"name":null}},{"type":"Feature","geometry":{"type":"Point","coordinates":[-2.476096300234154,51.43555172507201]},"properties":{"name":null}},{"type":"Feature","geometry":{"type":"Point","coordinates":[-2.695525820385282,51.44100116662972]},"properties":{"name":null}},{"type":"Feature","geometry":{"type":"Point","coordinates":[-2.477665019934022,51.449347669264675]},"properties":{"name":null}},{"type":"Feature","geometry":{"type":"Point","coordinates":[-2.612987779517623,51.48326464017711]},"properties":{"name":null}},{"type":"Feature","geometry":{"type":"Point","coordinates":[-2.453696270559753,51.30032210312603]},"properties":{"name":null}},{"type":"Feature","geometry":{"type":"Point","coordinates":[-2.508586346379198,51.40641680303441]},"properties":{"name":null}},{"type":"Feature","geometry":{"type":"Point","coordinates":[-2.561870625766753,51.412513145289026]},"properties":{"name":null}},{"type":"Feature","geometry":{"type":"Point","coordinates":[-2.394598611961254,51.41555101319759]},"properties":{"name":null}},{"type":"Feature","geometry":{"type":"Point","coordinates":[-2.755365866335334,51.42355528983535]},"properties":{"name":null}},{"type":"Feature","geometry":{"type":"Point","coordinates":[-2.752280498156093,51.47830796022851]},"properties":{"name":null}},{"type":"Feature","geometry":{"type":"Point","coordinates":[-2.493886484512218,51.28149183265733]},"properties":{"name":null}},{"type":"Feature","geometry":{"type":"Point","coordinates":[-2.458755905631943,51.63726801603739]},"properties":{"name":null}},{"type":"Feature","geometry":{"type":"Point","coordinates":[-2.612227934561226,51.52440507915953]},"properties":{"name":null}},{"type":"Feature","geometry":{"type":"Point","coordinates":[-2.317960498154032,51.46211855723413]},"properties":{"name":null}},{"type":"Feature","geometry":{"type":"Point","coordinates":[-2.583291653188198,51.412265027080444]},"properties":{"name":null}},{"type":"Feature","geometry":{"type":"Point","coordinates":[-2.370135979297936,51.39210822273012]},"properties":{"name":null}},{"type":"Feature","geometry":{"type":"Point","coordinates":[-2.36919996397308,51.39009702149828]},"properties":{"name":null}},{"type":"Feature","geometry":{"type":"Point","coordinates":[-2.436220131161551,51.41170782001893]},"properties":{"name":null}},{"type":"Feature","geometry":{"type":"Point","coordinates":[-2.599673910693276,51.40710178998829]},"properties":{"name":null}},{"type":"Feature","geometry":{"type":"Point","coordinates":[-2.722563087672853,51.366312571905574]},"properties":{"name":null}},{"type":"Feature","geometry":{"type":"Point","coordinates":[-2.555377224062503,51.40586302575181]},"properties":{"name":null}},{"type":"Feature","geometry":{"type":"Point","coordinates":[-2.525247265877874,51.45386494386117]},"properties":{"name":null}},{"type":"Feature","geometry":{"type":"Point","coordinates":[-2.530727809317689,51.5923661653065]},"properties":{"name":null}},{"type":"Feature","geometry":{"type":"Point","coordinates":[-2.592283920884205,51.453716361234505]},"properties":{"name":null}},{"type":"Feature","geometry":{"type":"Point","coordinates":[-2.526911741461682,51.40094083553247]},"properties":{"name":null}},{"type":"Feature","geometry":{"type":"Point","coordinates":[-2.313264113952789,51.36055132507886]},"properties":{"name":null}},{"type":"Feature","geometry":{"type":"Point","coordinates":[-2.374941067855673,51.38037664965901]},"properties":{"name":null}},{"type":"Feature","geometry":{"type":"Point","coordinates":[-2.759944745794936,51.42647502935038]},"properties":{"name":null}},{"type":"Feature","geometry":{"type":"Point","coordinates":[-2.833046227291403,51.31507971059706]},"properties":{"name":null}},{"type":"Feature","geometry":{"type":"Point","coordinates":[-2.905152952309682,51.36133062095073]},"properties":{"name":null}},{"type":"Feature","geometry":{"type":"Point","coordinates":[-2.490712724474462,51.48655533131578]},"properties":{"name":null}},{"type":"Feature","geometry":{"type":"Point","coordinates":[-2.625131211981264,51.48031423893908]},"properties":{"name":null}},{"type":"Feature","geometry":{"type":"Point","coordinates":[-2.93512278617441,51.35607737423374]},"properties":{"name":null}},{"type":"Feature","geometry":{"type":"Point","coordinates":[-2.390809349172864,51.37590968615857]},"properties":{"name":null}},{"type":"Feature","geometry":{"type":"Point","coordinates":[-2.346157613487151,51.38763184048931]},"properties":{"name":null}},{"type":"Feature","geometry":{"type":"Point","coordinates":[-2.588381596644766,51.43445814538558]},"properties":{"name":null}},{"type":"Feature","geometry":{"type":"Point","coordinates":[-2.546720567973556,51.486370709573556]},"properties":{"name":null}},{"type":"Feature","geometry":{"type":"Point","coordinates":[-2.76025083846011,51.48652907977037]},"properties":{"name":null}},{"type":"Feature","geometry":{"type":"Point","coordinates":[-2.628342842035615,51.54830047881759]},"properties":{"name":null}},{"type":"Feature","geometry":{"type":"Point","coordinates":[-2.741590547258257,51.41574834138439]},"properties":{"name":null}},{"type":"Feature","geometry":{"type":"Point","coordinates":[-2.627825808898022,51.40602764225149]},"properties":{"name":null}},{"type":"Feature","geometry":{"type":"Point","coordinates":[-2.471620246507058,51.50240504155262]},"properties":{"name":null}},{"type":"Feature","geometry":{"type":"Point","coordinates":[-2.962714144831332,51.31849113203933]},"properties":{"name":null}},{"type":"Feature","geometry":{"type":"Point","coordinates":[-2.647595676911428,51.41020878696961]},"properties":{"name":null}},{"type":"Feature","geometry":{"type":"Point","coordinates":[-2.584446752486652,51.456480341771176]},"properties":{"name":null}},{"type":"Feature","geometry":{"type":"Point","coordinates":[-2.598578180342559,51.42001081439586]},"properties":{"name":null}},{"type":"Feature","geometry":{"type":"Point","coordinates":[-2.665804056843957,51.498549844943824]},"properties":{"name":null}},{"type":"Feature","geometry":{"type":"Point","coordinates":[-2.549518397875617,51.37164060481178]},"properties":{"name":null}},{"type":"Feature","geometry":{"type":"Point","coordinates":[-2.520423839304998,51.44987615560952]},"properties":{"name":null}},{"type":"Feature","geometry":{"type":"Point","coordinates":[-2.954786739484375,51.363813522425666]},"properties":{"name":null}},{"type":"Feature","geometry":{"type":"Point","coordinates":[-2.589738381101561,51.439288609922464]},"properties":{"name":null}},{"type":"Feature","geometry":{"type":"Point","coordinates":[-2.383093256894763,51.38442348118552]},"properties":{"name":null}},{"type":"Feature","geometry":{"type":"Point","coordinates":[-2.546696675596166,51.42899476877876]},"properties":{"name":null}},{"type":"Feature","geometry":{"type":"Point","coordinates":[-2.382851998201722,51.374452379410315]},"properties":{"name":null}},{"type":"Feature","geometry":{"type":"Point","coordinates":[-2.476894637833058,51.44723775165868]},"properties":{"name":null}},{"type":"Feature","geometry":{"type":"Point","coordinates":[-2.57178399462522,51.58089761121486]},"properties":{"name":null}},{"type":"Feature","geometry":{"type":"Point","coordinates":[-2.558804375938232,51.4098571643913]},"properties":{"name":null}},{"type":"Feature","geometry":{"type":"Point","coordinates":[-2.34436773974098,51.34450352425389]},"properties":{"name":null}},{"type":"Feature","geometry":{"type":"Point","coordinates":[-2.80083143441188,51.47635017874381]},"properties":{"name":null}},{"type":"Feature","geometry":{"type":"Point","coordinates":[-2.31979934474844,51.58103686474484]},"properties":{"name":null}},{"type":"Feature","geometry":{"type":"Point","coordinates":[-2.567512397954505,51.50333795032915]},"properties":{"name":null}},{"type":"Feature","geometry":{"type":"Point","coordinates":[-2.357498895838876,51.37690656197723]},"properties":{"name":null}},{"type":"Feature","geometry":{"type":"Point","coordinates":[-2.476315949937165,51.45660950927353]},"properties":{"name":null}},{"type":"Feature","geometry":{"type":"Point","coordinates":[-2.685603951687906,51.44043914198251]},"properties":{"name":null}},{"type":"Feature","geometry":{"type":"Point","coordinates":[-2.598080811948375,51.45788611929776]},"properties":{"name":null}},{"type":"Feature","geometry":{"type":"Point","coordinates":[-2.46232785080193,51.40422541324494]},"properties":{"name":null}},{"type":"Feature","geometry":{"type":"Point","coordinates":[-2.435968384397446,51.48491932274964]},"properties":{"name":null}},{"type":"Feature","geometry":{"type":"Point","coordinates":[-2.940245207655446,51.360055651626375]},"properties":{"name":null}},{"type":"Feature","geometry":{"type":"Point","coordinates":[-2.787310203043206,51.44286622584656]},"properties":{"name":null}},{"type":"Feature","geometry":{"type":"Point","coordinates":[-2.361535613215691,51.3841054973503]},"properties":{"name":null}},{"type":"Feature","geometry":{"type":"Point","coordinates":[-2.396419850571915,51.40338793065856]},"properties":{"name":null}},{"type":"Feature","geometry":{"type":"Point","coordinates":[-2.495372925285221,51.47665399328247]},"properties":{"name":null}},{"type":"Feature","geometry":{"type":"Point","coordinates":[-2.624707559434611,51.443045294171974]},"properties":{"name":null}},{"type":"Feature","geometry":{"type":"Point","coordinates":[-2.589486430534995,51.41763813573188]},"properties":{"name":null}},{"type":"Feature","geometry":{"type":"Point","coordinates":[-2.634313529879948,51.48408635272012]},"properties":{"name":null}},{"type":"Feature","geometry":{"type":"Point","coordinates":[-2.385593641556315,51.38442426056176]},"properties":{"name":null}},{"type":"Feature","geometry":{"type":"Point","coordinates":[-2.680035797403867,51.48976432860784]},"properties":{"name":null}},{"type":"Feature","geometry":{"type":"Point","coordinates":[-2.425394579121489,51.54962634022661]},"properties":{"name":null}},{"type":"Feature","geometry":{"type":"Point","coordinates":[-2.572668222755873,51.461825806771515]},"properties":{"name":null}},{"type":"Feature","geometry":{"type":"Point","coordinates":[-2.484233331262528,51.277090410771706]},"properties":{"name":null}},{"type":"Feature","geometry":{"type":"Point","coordinates":[-2.940900079142687,51.34714701428692]},"properties":{"name":null}},{"type":"Feature","geometry":{"type":"Point","coordinates":[-2.358801119218317,51.378071498152416]},"properties":{"name":null}},{"type":"Feature","geometry":{"type":"Point","coordinates":[-2.569698577553247,51.55261973520975]},"properties":{"name":null}},{"type":"Feature","geometry":{"type":"Point","coordinates":[-2.616322480185463,51.474237625055046]},"properties":{"name":null}},{"type":"Feature","geometry":{"type":"Point","coordinates":[-2.896857025454821,51.32994914614489]},"properties":{"name":null}},{"type":"Feature","geometry":{"type":"Point","coordinates":[-2.859646049623421,51.444615197010656]},"properties":{"name":null}},{"type":"Feature","geometry":{"type":"Point","coordinates":[-2.769701283127588,51.473851934388414]},"properties":{"name":null}},{"type":"Feature","geometry":{"type":"Point","coordinates":[-2.477665958371583,51.27423110308419]},"properties":{"name":null}},{"type":"Feature","geometry":{"type":"Point","coordinates":[-2.357758306873095,51.3825255944429]},"properties":{"name":null}},{"type":"Feature","geometry":{"type":"Point","coordinates":[-2.421899659645066,51.3179931841938]},"properties":{"name":null}},{"type":"Feature","geometry":{"type":"Point","coordinates":[-2.98239823777456,51.34989917422368]},"properties":{"name":null}},{"type":"Feature","geometry":{"type":"Point","coordinates":[-2.417154870292342,51.549125432891216]},"properties":{"name":null}},{"type":"Feature","geometry":{"type":"Point","coordinates":[-2.543676643175959,51.525831168535845]},"properties":{"name":null}},{"type":"Feature","geometry":{"type":"Point","coordinates":[-2.650037825326125,51.551634825802836]},"properties":{"name":null}},{"type":"Feature","geometry":{"type":"Point","coordinates":[-2.546351283677842,51.448265732154695]},"properties":{"name":null}},{"type":"Feature","geometry":{"type":"Point","coordinates":[-2.870114283722848,51.42607754734852]},"properties":{"name":null}},{"type":"Feature","geometry":{"type":"Point","coordinates":[-2.772518632164104,51.48464162080379]},"properties":{"name":null}},{"type":"Feature","geometry":{"type":"Point","coordinates":[-2.605763600254115,51.50000849572262]},"properties":{"name":null}},{"type":"Feature","geometry":{"type":"Point","coordinates":[-2.572510596413391,51.383669805403144]},"properties":{"name":null}},{"type":"Feature","geometry":{"type":"Point","coordinates":[-2.398589997922631,51.38677260654817]},"properties":{"name":null}},{"type":"Feature","geometry":{"type":"Point","coordinates":[-2.59857604002945,51.419848970956416]},"properties":{"name":null}},{"type":"Feature","geometry":{"type":"Point","coordinates":[-2.615120170869891,51.41485345255996]},"properties":{"name":null}},{"type":"Feature","geometry":{"type":"Point","coordinates":[-2.57220161436045,51.45326780525379]},"properties":{"name":null}},{"type":"Feature","geometry":{"type":"Point","coordinates":[-2.599865848299477,51.51166496422921]},"properties":{"name":null}},{"type":"Feature","geometry":{"type":"Point","coordinates":[-2.763015178496607,51.490782260627455]},"properties":{"name":null}},{"type":"Feature","geometry":{"type":"Point","coordinates":[-2.599704614003211,51.528974626580165]},"properties":{"name":null}},{"type":"Feature","geometry":{"type":"Point","coordinates":[-2.543797773709333,51.5142224935944]},"properties":{"name":null}},{"type":"Feature","geometry":{"type":"Point","coordinates":[-2.361764116420384,51.354809644883765]},"properties":{"name":null}},{"type":"Feature","geometry":{"type":"Point","coordinates":[-2.484467775608277,51.40291314967882]},"properties":{"name":null}},{"type":"Feature","geometry":{"type":"Point","coordinates":[-2.363824245661845,51.39001496037903]},"properties":{"name":null}},{"type":"Feature","geometry":{"type":"Point","coordinates":[-2.484352759878633,51.34977154473081]},"properties":{"name":null}},{"type":"Feature","geometry":{"type":"Point","coordinates":[-2.582338458935491,51.45593335207404]},"properties":{"name":null}},{"type":"Feature","geometry":{"type":"Point","coordinates":[-2.499095121551994,51.51826070036572]},"properties":{"name":null}},{"type":"Feature","geometry":{"type":"Point","coordinates":[-2.608954084148769,51.42153082096743]},"properties":{"name":null}},{"type":"Feature","geometry":{"type":"Point","coordinates":[-2.699094495112738,51.50029797319218]},"properties":{"name":null}},{"type":"Feature","geometry":{"type":"Point","coordinates":[-2.565736136646344,51.57619732335454]},"properties":{"name":null}},{"type":"Feature","geometry":{"type":"Point","coordinates":[-2.487485930775586,51.46482701034146]},"properties":{"name":null}},{"type":"Feature","geometry":{"type":"Point","coordinates":[-2.735363876533774,51.44353640006707]},"properties":{"name":null}},{"type":"Feature","geometry":{"type":"Point","coordinates":[-2.681693853949465,51.46964058730232]},"properties":{"name":null}},{"type":"Feature","geometry":{"type":"Point","coordinates":[-2.555306735265016,51.52559673930893]},"properties":{"name":null}},{"type":"Feature","geometry":{"type":"Point","coordinates":[-2.579167229996476,51.482825171512594]},"properties":{"name":null}},{"type":"Feature","geometry":{"type":"Point","coordinates":[-2.661842674137814,51.49658518570957]},"properties":{"name":null}},{"type":"Feature","geometry":{"type":"Point","coordinates":[-2.753086938606666,51.32597106318478]},"properties":{"name":null}},{"type":"Feature","geometry":{"type":"Point","coordinates":[-2.352045647752619,51.385231475318236]},"properties":{"name":null}},{"type":"Feature","geometry":{"type":"Point","coordinates":[-2.64881946026725,51.50568556383876]},"properties":{"name":null}},{"type":"Feature","geometry":{"type":"Point","coordinates":[-2.51788243522331,51.50370262626876]},"properties":{"name":null}},{"type":"Feature","geometry":{"type":"Point","coordinates":[-2.612703099030276,51.350232164292336]},"properties":{"name":null}},{"type":"Feature","geometry":{"type":"Point","coordinates":[-2.569155485753609,51.458309134279325]},"properties":{"name":null}},{"type":"Feature","geometry":{"type":"Point","coordinates":[-2.283315100597182,51.539194055828574]},"properties":{"name":null}},{"type":"Feature","geometry":{"type":"Point","coordinates":[-2.428372429128717,51.53347551937934]},"properties":{"name":null}},{"type":"Feature","geometry":{"type":"Point","coordinates":[-2.619512165878364,51.42583637282717]},"properties":{"name":null}},{"type":"Feature","geometry":{"type":"Point","coordinates":[-2.430675959612243,51.540777314048654]},"properties":{"name":null}},{"type":"Feature","geometry":{"type":"Point","coordinates":[-2.762079600528685,51.48564501423705]},"properties":{"name":null}},{"type":"Feature","geometry":{"type":"Point","coordinates":[-2.477991570617759,51.29171890489148]},"properties":{"name":null}},{"type":"Feature","geometry":{"type":"Point","coordinates":[-2.484068866430983,51.51608472890166]},"properties":{"name":null}},{"type":"Feature","geometry":{"type":"Point","coordinates":[-2.647334396879262,51.45580796446038]},"properties":{"name":null}},{"type":"Feature","geometry":{"type":"Point","coordinates":[-2.465973354050439,51.48267288130191]},"properties":{"name":null}},{"type":"Feature","geometry":{"type":"Point","coordinates":[-2.420181556377432,51.55516599699294]},"properties":{"name":null}},{"type":"Feature","geometry":{"type":"Point","coordinates":[-2.597425434458718,51.53872412887566]},"properties":{"name":null}},{"type":"Feature","geometry":{"type":"Point","coordinates":[-2.477151408867655,51.49952329926604]},"properties":{"name":null}},{"type":"Feature","geometry":{"type":"Point","coordinates":[-2.595566382339429,51.51567026399524]},"properties":{"name":null}},{"type":"Feature","geometry":{"type":"Point","coordinates":[-2.479813318984421,51.45247700325402]},"properties":{"name":null}},{"type":"Feature","geometry":{"type":"Point","coordinates":[-2.530845074782108,51.45753532803008]},"properties":{"name":null}},{"type":"Feature","geometry":{"type":"Point","coordinates":[-2.955801020353886,51.32418576335689]},"properties":{"name":null}},{"type":"Feature","geometry":{"type":"Point","coordinates":[-2.313466799251018,51.33766662588698]},"properties":{"name":null}},{"type":"Feature","geometry":{"type":"Point","coordinates":[-2.662427563070685,51.56461229924148]},"properties":{"name":null}},{"type":"Feature","geometry":{"type":"Point","coordinates":[-2.763613260694826,51.361754066160415]},"properties":{"name":null}},{"type":"Feature","geometry":{"type":"Point","coordinates":[-2.551879791854068,51.44010233506157]},"properties":{"name":null}},{"type":"Feature","geometry":{"type":"Point","coordinates":[-2.554264443460168,51.56440103109651]},"properties":{"name":null}},{"type":"Feature","geometry":{"type":"Point","coordinates":[-2.609558131621708,51.47662882648525]},"properties":{"name":null}},{"type":"Feature","geometry":{"type":"Point","coordinates":[-2.855681952086656,51.427307830467626]},"properties":{"name":null}},{"type":"Feature","geometry":{"type":"Point","coordinates":[-2.392181030090593,51.53462715466089]},"properties":{"name":null}},{"type":"Feature","geometry":{"type":"Point","coordinates":[-2.482176666862138,51.28465203443175]},"properties":{"name":null}},{"type":"Feature","geometry":{"type":"Point","coordinates":[-2.413407047898601,51.388474678110214]},"properties":{"name":null}},{"type":"Feature","geometry":{"type":"Point","coordinates":[-2.564835888167108,51.54314796414223]},"properties":{"name":null}},{"type":"Feature","geometry":{"type":"Point","coordinates":[-2.686895383718142,51.50337330738213]},"properties":{"name":null}},{"type":"Feature","geometry":{"type":"Point","coordinates":[-2.437963747704709,51.62392300603958]},"properties":{"name":null}},{"type":"Feature","geometry":{"type":"Point","coordinates":[-2.543815936889802,51.53147733357158]},"properties":{"name":null}},{"type":"Feature","geometry":{"type":"Point","coordinates":[-2.586010737560549,51.43806653576881]},"properties":{"name":null}},{"type":"Feature","geometry":{"type":"Point","coordinates":[-2.616730974396861,51.478902107850544]},"properties":{"name":null}},{"type":"Feature","geometry":{"type":"Point","coordinates":[-2.584717665858677,51.48892082947761]},"properties":{"name":null}},{"type":"Feature","geometry":{"type":"Point","coordinates":[-2.537479695626178,51.50760679018077]},"properties":{"name":null}},{"type":"Feature","geometry":{"type":"Point","coordinates":[-2.538424072269486,51.52047851789662]},"properties":{"name":null}},{"type":"Feature","geometry":{"type":"Point","coordinates":[-2.509090110823478,51.305237269433995]},"properties":{"name":null}},{"type":"Feature","geometry":{"type":"Point","coordinates":[-2.766492982583278,51.47829691926099]},"properties":{"name":null}},{"type":"Feature","geometry":{"type":"Point","coordinates":[-2.537019234748615,51.313745112210796]},"properties":{"name":null}},{"type":"Feature","geometry":{"type":"Point","coordinates":[-2.562467714700083,51.47513783213761]},"properties":{"name":null}},{"type":"Feature","geometry":{"type":"Point","coordinates":[-2.944282833641259,51.33986302507907]},"properties":{"name":null}},{"type":"Feature","geometry":{"type":"Point","coordinates":[-2.579469983722302,51.482850649403424]},"properties":{"name":null}},{"type":"Feature","geometry":{"type":"Point","coordinates":[-2.506501857689607,51.4129179451242]},"properties":{"name":null}},{"type":"Feature","geometry":{"type":"Point","coordinates":[-2.983389980106728,51.35597857955703]},"properties":{"name":null}},{"type":"Feature","geometry":{"type":"Point","coordinates":[-2.49361218598848,51.45625921653579]},"properties":{"name":null}},{"type":"Feature","geometry":{"type":"Point","coordinates":[-2.574961843896685,51.453029473650496]},"properties":{"name":null}},{"type":"Feature","geometry":{"type":"Point","coordinates":[-2.519935315010219,51.52205460908055]},"properties":{"name":null}},{"type":"Feature","geometry":{"type":"Point","coordinates":[-2.41448342668702,51.316679840941745]},"properties":{"name":null}},{"type":"Feature","geometry":{"type":"Point","coordinates":[-2.950803280152411,51.36081555880067]},"properties":{"name":null}},{"type":"Feature","geometry":{"type":"Point","coordinates":[-2.506371358150482,51.51417425039832]},"properties":{"name":null}},{"type":"Feature","geometry":{"type":"Point","coordinates":[-2.438005793165419,51.541271682859644]},"properties":{"name":null}},{"type":"Feature","geometry":{"type":"Point","coordinates":[-2.347155070675442,51.40168298037796]},"properties":{"name":null}},{"type":"Feature","geometry":{"type":"Point","coordinates":[-2.583316735797956,51.454768518134664]},"properties":{"name":null}},{"type":"Feature","geometry":{"type":"Point","coordinates":[-2.507468834390556,51.61024555897316]},"properties":{"name":null}},{"type":"Feature","geometry":{"type":"Point","coordinates":[-2.643120878611347,51.50516851029239]},"properties":{"name":null}},{"type":"Feature","geometry":{"type":"Point","coordinates":[-2.960058476833164,51.33151546655757]},"properties":{"name":null}},{"type":"Feature","geometry":{"type":"Point","coordinates":[-2.858680461662125,51.4437680365261]},"properties":{"name":null}},{"type":"Feature","geometry":{"type":"Point","coordinates":[-2.924555769962437,51.35766300380235]},"properties":{"name":null}},{"type":"Feature","geometry":{"type":"Point","coordinates":[-2.536733917290539,51.466275467350044]},"properties":{"name":null}},{"type":"Feature","geometry":{"type":"Point","coordinates":[-2.54967011075771,51.505248335801625]},"properties":{"name":null}},{"type":"Feature","geometry":{"type":"Point","coordinates":[-2.792581056103001,51.33661778451444]},"properties":{"name":null}},{"type":"Feature","geometry":{"type":"Point","coordinates":[-2.688549773325145,51.48987641671049]},"properties":{"name":null}},{"type":"Feature","geometry":{"type":"Point","coordinates":[-2.651260230495466,51.49293102322293]},"properties":{"name":null}},{"type":"Feature","geometry":{"type":"Point","coordinates":[-2.966610369178118,51.31747889817756]},"properties":{"name":null}},{"type":"Feature","geometry":{"type":"Point","coordinates":[-2.529037788283484,51.52144740746689]},"properties":{"name":null}},{"type":"Feature","geometry":{"type":"Point","coordinates":[-2.721072427947206,51.472578675976614]},"properties":{"name":null}},{"type":"Feature","geometry":{"type":"Point","coordinates":[-2.517948988812265,51.31486489169218]},"properties":{"name":null}},{"type":"Feature","geometry":{"type":"Point","coordinates":[-2.433978445382194,51.516541510448555]},"properties":{"name":null}},{"type":"Feature","geometry":{"type":"Point","coordinates":[-2.89883047281662,51.36192790479958]},"properties":{"name":null}},{"type":"Feature","geometry":{"type":"Point","coordinates":[-2.941013855894772,51.3520107142127]},"properties":{"name":null}},{"type":"Feature","geometry":{"type":"Point","coordinates":[-2.429397983711568,51.28808534289678]},"properties":{"name":null}},{"type":"Feature","geometry":{"type":"Point","coordinates":[-2.958332822698215,51.33618758654972]},"properties":{"name":null}},{"type":"Feature","geometry":{"type":"Point","coordinates":[-2.96008042428568,51.33119157132175]},"properties":{"name":null}},{"type":"Feature","geometry":{"type":"Point","coordinates":[-2.559394755104838,51.49696598884455]},"properties":{"name":null}},{"type":"Feature","geometry":{"type":"Point","coordinates":[-2.511974025032706,51.40851514399316]},"properties":{"name":null}},{"type":"Feature","geometry":{"type":"Point","coordinates":[-2.490217697584773,51.4510762011045]},"properties":{"name":null}},{"type":"Feature","geometry":{"type":"Point","coordinates":[-2.373554262358674,51.40418240641017]},"properties":{"name":null}},{"type":"Feature","geometry":{"type":"Point","coordinates":[-2.546094203359393,51.33251464255554]},"properties":{"name":null}},{"type":"Feature","geometry":{"type":"Point","coordinates":[-2.581755703954379,51.48026781153699]},"properties":{"name":null}},{"type":"Feature","geometry":{"type":"Point","coordinates":[-2.585102600404331,51.470621287845205]},"properties":{"name":null}},{"type":"Feature","geometry":{"type":"Point","coordinates":[-2.792930414919559,51.47991065491107]},"properties":{"name":null}},{"type":"Feature","geometry":{"type":"Point","coordinates":[-2.391119382394802,51.40052836019737]},"properties":{"name":null}},{"type":"Feature","geometry":{"type":"Point","coordinates":[-2.554057025020351,51.58531673717266]},"properties":{"name":null}},{"type":"Feature","geometry":{"type":"Point","coordinates":[-2.427698495543543,51.381454688792964]},"properties":{"name":null}},{"type":"Feature","geometry":{"type":"Point","coordinates":[-2.798709563490122,51.33406737489558]},"properties":{"name":null}},{"type":"Feature","geometry":{"type":"Point","coordinates":[-2.559592060734109,51.50013009349646]},"properties":{"name":null}},{"type":"Feature","geometry":{"type":"Point","coordinates":[-2.337533978198154,51.37773911964713]},"properties":{"name":null}},{"type":"Feature","geometry":{"type":"Point","coordinates":[-2.540073732188008,51.52468794871783]},"properties":{"name":null}},{"type":"Feature","geometry":{"type":"Point","coordinates":[-2.951036460463327,51.31446821660524]},"properties":{"name":null}},{"type":"Feature","geometry":{"type":"Point","coordinates":[-2.601578117496186,51.523480189143584]},"properties":{"name":null}},{"type":"Feature","geometry":{"type":"Point","coordinates":[-2.698731234012885,51.38890102343499]},"properties":{"name":null}},{"type":"Feature","geometry":{"type":"Point","coordinates":[-2.668965020160458,51.49699428144798]},"properties":{"name":null}},{"type":"Feature","geometry":{"type":"Point","coordinates":[-2.515412223175254,51.40101888461333]},"properties":{"name":null}},{"type":"Feature","geometry":{"type":"Point","coordinates":[-2.605660148870633,51.40857254382642]},"properties":{"name":null}},{"type":"Feature","geometry":{"type":"Point","coordinates":[-2.778185756361634,51.482527066445066]},"properties":{"name":null}},{"type":"Feature","geometry":{"type":"Point","coordinates":[-2.372148381690383,51.370908320694895]},"properties":{"name":null}},{"type":"Feature","geometry":{"type":"Point","coordinates":[-2.540246285286454,51.490590809589015]},"properties":{"name":null}},{"type":"Feature","geometry":{"type":"Point","coordinates":[-2.477098424971265,51.501348836876375]},"properties":{"name":null}},{"type":"Feature","geometry":{"type":"Point","coordinates":[-2.58285262920124,51.497409152590045]},"properties":{"name":null}},{"type":"Feature","geometry":{"type":"Point","coordinates":[-2.472614172681547,51.28481699419066]},"properties":{"name":null}},{"type":"Feature","geometry":{"type":"Point","coordinates":[-2.749982767182348,51.48745834134816]},"properties":{"name":null}},{"type":"Feature","geometry":{"type":"Point","coordinates":[-2.766697282342681,51.48446398756593]},"properties":{"name":null}},{"type":"Feature","geometry":{"type":"Point","coordinates":[-2.846093719660439,51.437736074204516]},"properties":{"name":null}},{"type":"Feature","geometry":{"type":"Point","coordinates":[-2.519928353317295,51.39741122402232]},"properties":{"name":null}},{"type":"Feature","geometry":{"type":"Point","coordinates":[-2.652203949067045,51.43196140645937]},"properties":{"name":null}},{"type":"Feature","geometry":{"type":"Point","coordinates":[-2.439640620153756,51.333574133976896]},"properties":{"name":null}},{"type":"Feature","geometry":{"type":"Point","coordinates":[-2.580124399188523,51.491299425735924]},"properties":{"name":null}},{"type":"Feature","geometry":{"type":"Point","coordinates":[-2.811157311386486,51.44234400654375]},"properties":{"name":null}},{"type":"Feature","geometry":{"type":"Point","coordinates":[-2.403671870927562,51.37797912738153]},"properties":{"name":null}},{"type":"Feature","geometry":{"type":"Point","coordinates":[-2.499216614694048,51.41731023196836]},"properties":{"name":null}},{"type":"Feature","geometry":{"type":"Point","coordinates":[-2.541741244256788,51.45028322949535]},"properties":{"name":null}},{"type":"Feature","geometry":{"type":"Point","coordinates":[-2.538612663733772,51.47664326320607]},"properties":{"name":null}},{"type":"Feature","geometry":{"type":"Point","coordinates":[-2.38258889539226,51.36876151395139]},"properties":{"name":null}},{"type":"Feature","geometry":{"type":"Point","coordinates":[-2.606258270966384,51.50798146024724]},"properties":{"name":null}},{"type":"Feature","geometry":{"type":"Point","coordinates":[-2.838576269107282,51.448328534850624]},"properties":{"name":null}},{"type":"Feature","geometry":{"type":"Point","coordinates":[-2.449630770145619,51.573705558138194]},"properties":{"name":null}},{"type":"Feature","geometry":{"type":"Point","coordinates":[-2.859741261162537,51.42517401386231]},"properties":{"name":null}},{"type":"Feature","geometry":{"type":"Point","coordinates":[-2.532807322084969,51.47889070237485]},"properties":{"name":null}},{"type":"Feature","geometry":{"type":"Point","coordinates":[-2.91778275532583,51.365854032667535]},"properties":{"name":null}},{"type":"Feature","geometry":{"type":"Point","coordinates":[-2.330580789461679,51.36391161265239]},"properties":{"name":null}},{"type":"Feature","geometry":{"type":"Point","coordinates":[-2.479523627838495,51.433136948784814]},"properties":{"name":null}},{"type":"Feature","geometry":{"type":"Point","coordinates":[-2.545195203711366,51.45996034934911]},"properties":{"name":null}},{"type":"Feature","geometry":{"type":"Point","coordinates":[-2.545970441852397,51.49951101219162]},"properties":{"name":null}},{"type":"Feature","geometry":{"type":"Point","coordinates":[-2.505338769215234,51.45989591042237]},"properties":{"name":null}},{"type":"Feature","geometry":{"type":"Point","coordinates":[-2.488667768144858,51.444752494209794]},"properties":{"name":null}},{"type":"Feature","geometry":{"type":"Point","coordinates":[-2.43080567538786,51.4872492885359]},"properties":{"name":null}},{"type":"Feature","geometry":{"type":"Point","coordinates":[-2.774146481540459,51.42338781525733]},"properties":{"name":null}},{"type":"Feature","geometry":{"type":"Point","coordinates":[-2.3062988095394,51.5177451146112]},"properties":{"name":null}},{"type":"Feature","geometry":{"type":"Point","coordinates":[-2.445641001384899,51.419369367460405]},"properties":{"name":null}},{"type":"Feature","geometry":{"type":"Point","coordinates":[-2.610498232689982,51.365853714246015]},"properties":{"name":null}},{"type":"Feature","geometry":{"type":"Point","coordinates":[-2.59869655144431,51.53014867427107]},"properties":{"name":null}},{"type":"Feature","geometry":{"type":"Point","coordinates":[-2.590978151163114,51.45624970722716]},"properties":{"name":null}},{"type":"Feature","geometry":{"type":"Point","coordinates":[-2.577452864421292,51.40303218265684]},"properties":{"name":null}},{"type":"Feature","geometry":{"type":"Point","coordinates":[-2.586623160834585,51.45672122363397]},"properties":{"name":null}},{"type":"Feature","geometry":{"type":"Point","coordinates":[-2.648203896025061,51.56566327636475]},"properties":{"name":null}},{"type":"Feature","geometry":{"type":"Point","coordinates":[-2.915648279828219,51.36327210172337]},"properties":{"name":null}},{"type":"Feature","geometry":{"type":"Point","coordinates":[-2.611206132810343,51.499764463771484]},"properties":{"name":null}},{"type":"Feature","geometry":{"type":"Point","coordinates":[-2.947657478569803,51.310638044943346]},"properties":{"name":null}},{"type":"Feature","geometry":{"type":"Point","coordinates":[-2.684502632369533,51.49467458803519]},"properties":{"name":null}},{"type":"Feature","geometry":{"type":"Point","coordinates":[-2.361491723871407,51.3840067240318]},"properties":{"name":null}},{"type":"Feature","geometry":{"type":"Point","coordinates":[-2.576397688173761,51.44131514220268]},"properties":{"name":null}},{"type":"Feature","geometry":{"type":"Point","coordinates":[-2.438150802821223,51.60886138391463]},"properties":{"name":null}},{"type":"Feature","geometry":{"type":"Point","coordinates":[-2.490786607561633,51.473274426994685]},"properties":{"name":null}},{"type":"Feature","geometry":{"type":"Point","coordinates":[-2.526275373042421,51.48186944865093]},"properties":{"name":null}},{"type":"Feature","geometry":{"type":"Point","coordinates":[-2.809469106535067,51.385077368278026]},"properties":{"name":null}},{"type":"Feature","geometry":{"type":"Point","coordinates":[-2.923309185932855,51.33775558842275]},"properties":{"name":null}},{"type":"Feature","geometry":{"type":"Point","coordinates":[-2.500228987743972,51.52441520652981]},"properties":{"name":null}},{"type":"Feature","geometry":{"type":"Point","coordinates":[-2.746672558171746,51.439067857004034]},"properties":{"name":null}},{"type":"Feature","geometry":{"type":"Point","coordinates":[-2.48956187477404,51.39935820660107]},"properties":{"name":null}},{"type":"Feature","geometry":{"type":"Point","coordinates":[-2.554017626565595,51.41709126715262]},"properties":{"name":null}},{"type":"Feature","geometry":{"type":"Point","coordinates":[-2.40041382691302,51.37507694385408]},"properties":{"name":null}},{"type":"Feature","geometry":{"type":"Point","coordinates":[-2.275401516485223,51.52762274817793]},"properties":{"name":null}},{"type":"Feature","geometry":{"type":"Point","coordinates":[-2.961462166848109,51.32175654185879]},"properties":{"name":null}},{"type":"Feature","geometry":{"type":"Point","coordinates":[-2.318558208434066,51.41351660530265]},"properties":{"name":null}},{"type":"Feature","geometry":{"type":"Point","coordinates":[-2.924886772589057,51.35769635419467]},"properties":{"name":null}},{"type":"Feature","geometry":{"type":"Point","coordinates":[-2.618441075073353,51.49356732081724]},"properties":{"name":null}},{"type":"Feature","geometry":{"type":"Point","coordinates":[-2.409901842638295,51.53964686763866]},"properties":{"name":null}},{"type":"Feature","geometry":{"type":"Point","coordinates":[-2.608023026421028,51.45652205384347]},"properties":{"name":null}},{"type":"Feature","geometry":{"type":"Point","coordinates":[-2.470682425523984,51.44905226668245]},"properties":{"name":null}},{"type":"Feature","geometry":{"type":"Point","coordinates":[-2.807139060520817,51.36860203761107]},"properties":{"name":null}},{"type":"Feature","geometry":{"type":"Point","coordinates":[-2.477690588955911,51.50149029503243]},"properties":{"name":null}},{"type":"Feature","geometry":{"type":"Point","coordinates":[-2.943843649883909,51.354145930138195]},"properties":{"name":null}},{"type":"Feature","geometry":{"type":"Point","coordinates":[-2.545535501201775,51.483615788849725]},"properties":{"name":null}},{"type":"Feature","geometry":{"type":"Point","coordinates":[-2.501873337048519,51.30646435331219]},"properties":{"name":null}},{"type":"Feature","geometry":{"type":"Point","coordinates":[-2.931889244889881,51.35667865485972]},"properties":{"name":null}},{"type":"Feature","geometry":{"type":"Point","coordinates":[-2.36697360584224,51.38128313781409]},"properties":{"name":null}},{"type":"Feature","geometry":{"type":"Point","coordinates":[-2.982305005494593,51.335458584459765]},"properties":{"name":null}},{"type":"Feature","geometry":{"type":"Point","coordinates":[-2.573423898064572,51.43252704487082]},"properties":{"name":null}},{"type":"Feature","geometry":{"type":"Point","coordinates":[-2.5050224001176,51.462522870852304]},"properties":{"name":null}},{"type":"Feature","geometry":{"type":"Point","coordinates":[-2.652984845621952,51.48963052890004]},"properties":{"name":null}},{"type":"Feature","geometry":{"type":"Point","coordinates":[-2.39156154971009,51.37988156811676]},"properties":{"name":null}},{"type":"Feature","geometry":{"type":"Point","coordinates":[-2.392858979455856,51.3955140757469]},"properties":{"name":null}},{"type":"Feature","geometry":{"type":"Point","coordinates":[-2.571244486705022,51.426243463706626]},"properties":{"name":null}},{"type":"Feature","geometry":{"type":"Point","coordinates":[-2.599500444025766,51.47940512547568]},"properties":{"name":null}},{"type":"Feature","geometry":{"type":"Point","coordinates":[-2.601056692030011,51.40400148248411]},"properties":{"name":null}},{"type":"Feature","geometry":{"type":"Point","coordinates":[-2.409506373516008,51.545384910918486]},"properties":{"name":null}},{"type":"Feature","geometry":{"type":"Point","coordinates":[-2.475817831922348,51.275731309888826]},"properties":{"name":null}},{"type":"Feature","geometry":{"type":"Point","coordinates":[-2.527304664673012,51.610904417863914]},"properties":{"name":null}},{"type":"Feature","geometry":{"type":"Point","coordinates":[-2.936748364082299,51.33997772635915]},"properties":{"name":null}},{"type":"Feature","geometry":{"type":"Point","coordinates":[-2.593732937498515,51.436651977534936]},"properties":{"name":null}},{"type":"Feature","geometry":{"type":"Point","coordinates":[-2.505790361053803,51.60345512136215]},"properties":{"name":null}},{"type":"Feature","geometry":{"type":"Point","coordinates":[-2.506300634003324,51.526007665101886]},"properties":{"name":null}},{"type":"Feature","geometry":{"type":"Point","coordinates":[-2.508011033532792,51.47627625176536]},"properties":{"name":null}},{"type":"Feature","geometry":{"type":"Point","coordinates":[-2.597834729408239,51.453373405753545]},"properties":{"name":null}},{"type":"Feature","geometry":{"type":"Point","coordinates":[-2.620984381558724,51.49734832172811]},"properties":{"name":null}},{"type":"Feature","geometry":{"type":"Point","coordinates":[-2.485834089574316,51.44889144054196]},"properties":{"name":null}},{"type":"Feature","geometry":{"type":"Point","coordinates":[-2.902000939996259,51.32802126879767]},"properties":{"name":null}},{"type":"Feature","geometry":{"type":"Point","coordinates":[-2.488766203566928,51.48229244503049]},"properties":{"name":null}},{"type":"Feature","geometry":{"type":"Point","coordinates":[-2.667762878801154,51.40586943814317]},"properties":{"name":null}},{"type":"Feature","geometry":{"type":"Point","coordinates":[-2.58075915821258,51.491377207181216]},"properties":{"name":null}},{"type":"Feature","geometry":{"type":"Point","coordinates":[-2.617279464699998,51.50143206253262]},"properties":{"name":null}},{"type":"Feature","geometry":{"type":"Point","coordinates":[-2.377723304910799,51.36753650400315]},"properties":{"name":null}},{"type":"Feature","geometry":{"type":"Point","coordinates":[-2.662311472191992,51.38280019350555]},"properties":{"name":null}},{"type":"Feature","geometry":{"type":"Point","coordinates":[-2.541309416262426,51.32231283809247]},"properties":{"name":null}},{"type":"Feature","geometry":{"type":"Point","coordinates":[-2.581727586695291,51.46562970086932]},"properties":{"name":null}},{"type":"Feature","geometry":{"type":"Point","coordinates":[-2.609241751928843,51.41081988485764]},"properties":{"name":null}},{"type":"Feature","geometry":{"type":"Point","coordinates":[-2.593407024824425,51.438155160686144]},"properties":{"name":null}},{"type":"Feature","geometry":{"type":"Point","coordinates":[-2.403759081953101,51.54776063440072]},"properties":{"name":null}},{"type":"Feature","geometry":{"type":"Point","coordinates":[-2.496457159066472,51.48104629625449]},"properties":{"name":null}},{"type":"Feature","geometry":{"type":"Point","coordinates":[-2.880677313200084,51.32977518858158]},"properties":{"name":null}},{"type":"Feature","geometry":{"type":"Point","coordinates":[-2.405116847295448,51.37890929675725]},"properties":{"name":null}},{"type":"Feature","geometry":{"type":"Point","coordinates":[-2.56976704965878,51.50160061747967]},"properties":{"name":null}},{"type":"Feature","geometry":{"type":"Point","coordinates":[-2.324941242434106,51.37885374664991]},"properties":{"name":null}},{"type":"Feature","geometry":{"type":"Point","coordinates":[-2.412283753017157,51.30659860107505]},"properties":{"name":null}},{"type":"Feature","geometry":{"type":"Point","coordinates":[-2.663505738793877,51.389861071109294]},"properties":{"name":null}},{"type":"Feature","geometry":{"type":"Point","coordinates":[-2.511070414195876,51.47174015499723]},"properties":{"name":null}},{"type":"Feature","geometry":{"type":"Point","coordinates":[-2.497495541564391,51.44543480475293]},"properties":{"name":null}},{"type":"Feature","geometry":{"type":"Point","coordinates":[-2.647759628603597,51.478671828322426]},"properties":{"name":null}},{"type":"Feature","geometry":{"type":"Point","coordinates":[-2.627553522073744,51.41027330232326]},"properties":{"name":null}},{"type":"Feature","geometry":{"type":"Point","coordinates":[-2.624748312894839,51.553301168860855]},"properties":{"name":null}},{"type":"Feature","geometry":{"type":"Point","coordinates":[-2.506832193188311,51.48035454528292]},"properties":{"name":null}},{"type":"Feature","geometry":{"type":"Point","coordinates":[-2.624647335823162,51.49446056211588]},"properties":{"name":null}},{"type":"Feature","geometry":{"type":"Point","coordinates":[-2.614318797609834,51.437615627451656]},"properties":{"name":null}},{"type":"Feature","geometry":{"type":"Point","coordinates":[-2.422482217099645,51.53728237932821]},"properties":{"name":null}},{"type":"Feature","geometry":{"type":"Point","coordinates":[-2.512548130840112,51.60603337724213]},"properties":{"name":null}},{"type":"Feature","geometry":{"type":"Point","coordinates":[-2.909888050337533,51.366877896864345]},"properties":{"name":null}},{"type":"Feature","geometry":{"type":"Point","coordinates":[-2.537816382186847,51.59119194805325]},"properties":{"name":null}},{"type":"Feature","geometry":{"type":"Point","coordinates":[-2.944610770933429,51.33695575964159]},"properties":{"name":null}},{"type":"Feature","geometry":{"type":"Point","coordinates":[-2.345412036025213,51.397390075665605]},"properties":{"name":null}},{"type":"Feature","geometry":{"type":"Point","coordinates":[-2.812678946839004,51.38375132390274]},"properties":{"name":null}},{"type":"Feature","geometry":{"type":"Point","coordinates":[-2.53219795735343,51.58969797084446]},"properties":{"name":null}},{"type":"Feature","geometry":{"type":"Point","coordinates":[-2.687420044116448,51.49231971621099]},"properties":{"name":null}},{"type":"Feature","geometry":{"type":"Point","coordinates":[-2.390614877781022,51.53525280645818]},"properties":{"name":null}},{"type":"Feature","geometry":{"type":"Point","coordinates":[-2.492703612116835,51.474803966605016]},"properties":{"name":null}},{"type":"Feature","geometry":{"type":"Point","coordinates":[-2.976524414992542,51.32417676987288]},"properties":{"name":null}},{"type":"Feature","geometry":{"type":"Point","coordinates":[-2.303445422517112,51.33963525945301]},"properties":{"name":null}},{"type":"Feature","geometry":{"type":"Point","coordinates":[-2.377814609062067,51.38558261781012]},"properties":{"name":null}},{"type":"Feature","geometry":{"type":"Point","coordinates":[-2.954712211122231,51.326352736129046]},"properties":{"name":null}},{"type":"Feature","geometry":{"type":"Point","coordinates":[-2.397826958122566,51.41968531660004]},"properties":{"name":null}},{"type":"Feature","geometry":{"type":"Point","coordinates":[-2.75760168712221,51.4831113331381]},"properties":{"name":null}},{"type":"Feature","geometry":{"type":"Point","coordinates":[-2.977198533553747,51.322129941906205]},"properties":{"name":null}},{"type":"Feature","geometry":{"type":"Point","coordinates":[-2.425773321903117,51.54694547421641]},"properties":{"name":null}},{"type":"Feature","geometry":{"type":"Point","coordinates":[-2.547228889195617,51.53596627913312]},"properties":{"name":null}},{"type":"Feature","geometry":{"type":"Point","coordinates":[-2.342281765077451,51.52878610527626]},"properties":{"name":null}},{"type":"Feature","geometry":{"type":"Point","coordinates":[-2.936050949126927,51.35440646330943]},"properties":{"name":null}},{"type":"Feature","geometry":{"type":"Point","coordinates":[-2.69654310932262,51.5067960265082]},"properties":{"name":null}},{"type":"Feature","geometry":{"type":"Point","coordinates":[-2.570787652751295,51.472625046566506]},"properties":{"name":null}},{"type":"Feature","geometry":{"type":"Point","coordinates":[-2.781612347677731,51.485840272697345]},"properties":{"name":null}},{"type":"Feature","geometry":{"type":"Point","coordinates":[-2.582164360913271,51.42308774850655]},"properties":{"name":null}},{"type":"Feature","geometry":{"type":"Point","coordinates":[-2.430843658713858,51.45915014120533]},"properties":{"name":null}},{"type":"Feature","geometry":{"type":"Point","coordinates":[-2.974326387457861,51.33830369751811]},"properties":{"name":null}},{"type":"Feature","geometry":{"type":"Point","coordinates":[-2.517248898935923,51.47700915462911]},"properties":{"name":null}},{"type":"Feature","geometry":{"type":"Point","coordinates":[-2.496800596307557,51.305676824419145]},"properties":{"name":null}},{"type":"Feature","geometry":{"type":"Point","coordinates":[-2.404204956035772,51.376511611334536]},"properties":{"name":null}},{"type":"Feature","geometry":{"type":"Point","coordinates":[-2.471378201958692,51.52784363601869]},"properties":{"name":null}},{"type":"Feature","geometry":{"type":"Point","coordinates":[-2.488875631721016,51.40776845077835]},"properties":{"name":null}},{"type":"Feature","geometry":{"type":"Point","coordinates":[-2.479797404183592,51.52653267711984]},"properties":{"name":null}},{"type":"Feature","geometry":{"type":"Point","coordinates":[-2.472395517237987,51.32781748073509]},"properties":{"name":null}},{"type":"Feature","geometry":{"type":"Point","coordinates":[-2.458736696223391,51.319662329695916]},"properties":{"name":null}},{"type":"Feature","geometry":{"type":"Point","coordinates":[-2.440788936097862,51.539795615775894]},"properties":{"name":null}},{"type":"Feature","geometry":{"type":"Point","coordinates":[-2.508402244444811,51.462274484001604]},"properties":{"name":null}},{"type":"Feature","geometry":{"type":"Point","coordinates":[-2.643672415362369,51.56353025651006]},"properties":{"name":null}},{"type":"Feature","geometry":{"type":"Point","coordinates":[-2.537267184380214,51.467549851519685]},"properties":{"name":null}},{"type":"Feature","geometry":{"type":"Point","coordinates":[-2.757607165490607,51.46345517790887]},"properties":{"name":null}},{"type":"Feature","geometry":{"type":"Point","coordinates":[-2.506220576428894,51.51226865441517]},"properties":{"name":null}},{"type":"Feature","geometry":{"type":"Point","coordinates":[-2.606940634146796,51.405373770968076]},"properties":{"name":null}},{"type":"Feature","geometry":{"type":"Point","coordinates":[-2.620579512130983,51.40710044593548]},"properties":{"name":null}},{"type":"Feature","geometry":{"type":"Point","coordinates":[-2.488482697009251,51.621421792558785]},"properties":{"name":null}},{"type":"Feature","geometry":{"type":"Point","coordinates":[-2.599550736448022,51.34150627390723]},"properties":{"name":null}},{"type":"Feature","geometry":{"type":"Point","coordinates":[-2.391593467524635,51.38700301247676]},"properties":{"name":null}},{"type":"Feature","geometry":{"type":"Point","coordinates":[-2.555180933050116,51.53659422000274]},"properties":{"name":null}},{"type":"Feature","geometry":{"type":"Point","coordinates":[-2.294654788963299,51.58930315780625]},"properties":{"name":null}},{"type":"Feature","geometry":{"type":"Point","coordinates":[-2.648405093712759,51.56560821002383]},"properties":{"name":null}},{"type":"Feature","geometry":{"type":"Point","coordinates":[-2.963642726555183,51.32172063727524]},"properties":{"name":null}},{"type":"Feature","geometry":{"type":"Point","coordinates":[-2.88857327523502,51.32985941917112]},"properties":{"name":null}},{"type":"Feature","geometry":{"type":"Point","coordinates":[-2.431687013486334,51.49517671473564]},"properties":{"name":null}},{"type":"Feature","geometry":{"type":"Point","coordinates":[-2.586261729935365,51.45772114217532]},"properties":{"name":null}},{"type":"Feature","geometry":{"type":"Point","coordinates":[-2.41639282448215,51.5414942783852]},"properties":{"name":null}},{"type":"Feature","geometry":{"type":"Point","coordinates":[-2.959346796190084,51.333868236268145]},"properties":{"name":null}},{"type":"Feature","geometry":{"type":"Point","coordinates":[-2.390173638074324,51.33838919773867]},"properties":{"name":null}},{"type":"Feature","geometry":{"type":"Point","coordinates":[-2.526782781732649,51.40097738182793]},"properties":{"name":null}},{"type":"Feature","geometry":{"type":"Point","coordinates":[-2.913919446832246,51.353637294939226]},"properties":{"name":null}},{"type":"Feature","geometry":{"type":"Point","coordinates":[-2.554164107226947,51.414932535013214]},"properties":{"name":null}},{"type":"Feature","geometry":{"type":"Point","coordinates":[-2.862466865812321,51.44006254198736]},"properties":{"name":null}},{"type":"Feature","geometry":{"type":"Point","coordinates":[-2.956125390699725,51.35153733182447]},"properties":{"name":null}},{"type":"Feature","geometry":{"type":"Point","coordinates":[-2.659798698782811,51.459838832342356]},"properties":{"name":null}},{"type":"Feature","geometry":{"type":"Point","coordinates":[-2.481453006817566,51.62053369397993]},"properties":{"name":null}},{"type":"Feature","geometry":{"type":"Point","coordinates":[-2.917239744960325,51.35881761165167]},"properties":{"name":null}},{"type":"Feature","geometry":{"type":"Point","coordinates":[-2.566187599704419,51.5765278374184]},"properties":{"name":null}},{"type":"Feature","geometry":{"type":"Point","coordinates":[-2.574960575280459,51.42778091100299]},"properties":{"name":null}},{"type":"Feature","geometry":{"type":"Point","coordinates":[-2.945236900776514,51.349971390778805]},"properties":{"name":null}},{"type":"Feature","geometry":{"type":"Point","coordinates":[-2.769487750427218,51.484256897578526]},"properties":{"name":null}},{"type":"Feature","geometry":{"type":"Point","coordinates":[-2.613528962976647,51.44959648136247]},"properties":{"name":null}},{"type":"Feature","geometry":{"type":"Point","coordinates":[-2.387191832817964,51.384796648365146]},"properties":{"name":null}},{"type":"Feature","geometry":{"type":"Point","coordinates":[-2.577206867542246,51.50547558246501]},"properties":{"name":null}},{"type":"Feature","geometry":{"type":"Point","coordinates":[-2.917283121737455,51.35236110856799]},"properties":{"name":null}},{"type":"Feature","geometry":{"type":"Point","coordinates":[-2.553386050177523,51.37904971383815]},"properties":{"name":null}},{"type":"Feature","geometry":{"type":"Point","coordinates":[-2.483270144947216,51.4459437571343]},"properties":{"name":null}},{"type":"Feature","geometry":{"type":"Point","coordinates":[-2.625316686663337,51.48018736762321]},"properties":{"name":null}},{"type":"Feature","geometry":{"type":"Point","coordinates":[-2.973812834036138,51.34997980212317]},"properties":{"name":null}},{"type":"Feature","geometry":{"type":"Point","coordinates":[-2.765667678159743,51.438432785015046]},"properties":{"name":null}},{"type":"Feature","geometry":{"type":"Point","coordinates":[-2.571567575592295,51.501573869554655]},"properties":{"name":null}},{"type":"Feature","geometry":{"type":"Point","coordinates":[-2.420216596931146,51.314393407286055]},"properties":{"name":null}},{"type":"Feature","geometry":{"type":"Point","coordinates":[-2.585580197843499,51.41131847557068]},"properties":{"name":null}},{"type":"Feature","geometry":{"type":"Point","coordinates":[-2.437081886742074,51.39056478923166]},"properties":{"name":null}},{"type":"Feature","geometry":{"type":"Point","coordinates":[-2.819021532778665,51.38647673395281]},"properties":{"name":null}},{"type":"Feature","geometry":{"type":"Point","coordinates":[-2.398629033626155,51.392931908383794]},"properties":{"name":null}},{"type":"Feature","geometry":{"type":"Point","coordinates":[-2.450311635336095,51.54769902841012]},"properties":{"name":null}},{"type":"Feature","geometry":{"type":"Point","coordinates":[-2.595914975855433,51.52689895475326]},"properties":{"name":null}},{"type":"Feature","geometry":{"type":"Point","coordinates":[-2.359016706203559,51.378079828214496]},"properties":{"name":null}},{"type":"Feature","geometry":{"type":"Point","coordinates":[-2.916109546994908,51.370543011963534]},"properties":{"name":null}},{"type":"Feature","geometry":{"type":"Point","coordinates":[-2.492443354718813,51.44928653155432]},"properties":{"name":null}},{"type":"Feature","geometry":{"type":"Point","coordinates":[-2.786201820219411,51.38664742387151]},"properties":{"name":null}},{"type":"Feature","geometry":{"type":"Point","coordinates":[-2.489554503077079,51.45499938279648]},"properties":{"name":null}},{"type":"Feature","geometry":{"type":"Point","coordinates":[-2.454718526450161,51.30071380666893]},"properties":{"name":null}},{"type":"Feature","geometry":{"type":"Point","coordinates":[-2.485869973672358,51.60941982609591]},"properties":{"name":null}},{"type":"Feature","geometry":{"type":"Point","coordinates":[-2.556009631399074,51.54661607561993]},"properties":{"name":null}},{"type":"Feature","geometry":{"type":"Point","coordinates":[-2.674520651370899,51.488879111848085]},"properties":{"name":null}},{"type":"Feature","geometry":{"type":"Point","coordinates":[-2.676179207391729,51.469600602612786]},"properties":{"name":null}},{"type":"Feature","geometry":{"type":"Point","coordinates":[-2.30413166052202,51.37603229083659]},"properties":{"name":null}},{"type":"Feature","geometry":{"type":"Point","coordinates":[-2.358870984904566,51.3778195157037]},"properties":{"name":null}},{"type":"Feature","geometry":{"type":"Point","coordinates":[-2.423392354853378,51.33832775624572]},"properties":{"name":null}},{"type":"Feature","geometry":{"type":"Point","coordinates":[-2.461361255357959,51.325244959201235]},"properties":{"name":null}},{"type":"Feature","geometry":{"type":"Point","coordinates":[-2.929807581288896,51.35955462033329]},"properties":{"name":null}},{"type":"Feature","geometry":{"type":"Point","coordinates":[-2.913550795508791,51.35820805556032]},"properties":{"name":null}},{"type":"Feature","geometry":{"type":"Point","coordinates":[-2.378776510236478,51.38547160469878]},"properties":{"name":null}},{"type":"Feature","geometry":{"type":"Point","coordinates":[-2.458471028163303,51.28864078638597]},"properties":{"name":null}},{"type":"Feature","geometry":{"type":"Point","coordinates":[-2.578712947104828,51.46857594374804]},"properties":{"name":null}},{"type":"Feature","geometry":{"type":"Point","coordinates":[-2.954602766719684,51.35565914570231]},"properties":{"name":null}},{"type":"Feature","geometry":{"type":"Point","coordinates":[-2.486346641616314,51.44837679166921]},"properties":{"name":null}},{"type":"Feature","geometry":{"type":"Point","coordinates":[-2.367381316900619,51.36942179931693]},"properties":{"name":null}},{"type":"Feature","geometry":{"type":"Point","coordinates":[-2.577067405883281,51.52973567764854]},"properties":{"name":null}},{"type":"Feature","geometry":{"type":"Point","coordinates":[-2.603287160171756,51.52627676537018]},"properties":{"name":null}},{"type":"Feature","geometry":{"type":"Point","coordinates":[-2.581194575416181,51.4746509888026]},"properties":{"name":null}},{"type":"Feature","geometry":{"type":"Point","coordinates":[-2.617690171435485,51.41770834047686]},"properties":{"name":null}},{"type":"Feature","geometry":{"type":"Point","coordinates":[-2.71732195787793,51.326923962390616]},"properties":{"name":null}},{"type":"Feature","geometry":{"type":"Point","coordinates":[-2.411129714341222,51.32836333658509]},"properties":{"name":null}},{"type":"Feature","geometry":{"type":"Point","coordinates":[-2.55446294651016,51.522588611943874]},"properties":{"name":null}},{"type":"Feature","geometry":{"type":"Point","coordinates":[-2.489783085879589,51.43472208839104]},"properties":{"name":null}},{"type":"Feature","geometry":{"type":"Point","coordinates":[-2.967631928261945,51.32238912984821]},"properties":{"name":null}},{"type":"Feature","geometry":{"type":"Point","coordinates":[-2.650872289825121,51.56864275220561]},"properties":{"name":null}},{"type":"Feature","geometry":{"type":"Point","coordinates":[-2.626562026694271,51.4323714142323]},"properties":{"name":null}},{"type":"Feature","geometry":{"type":"Point","coordinates":[-2.697651361869056,51.50013574089917]},"properties":{"name":null}},{"type":"Feature","geometry":{"type":"Point","coordinates":[-2.325885607888151,51.58449986454639]},"properties":{"name":null}},{"type":"Feature","geometry":{"type":"Point","coordinates":[-2.841827937735494,51.442820197955974]},"properties":{"name":null}},{"type":"Feature","geometry":{"type":"Point","coordinates":[-2.480242428865099,51.53321168932502]},"properties":{"name":null}},{"type":"Feature","geometry":{"type":"Point","coordinates":[-2.420667886813368,51.550039017826954]},"properties":{"name":null}},{"type":"Feature","geometry":{"type":"Point","coordinates":[-2.517682527615573,51.500052872227776]},"properties":{"name":null}},{"type":"Feature","geometry":{"type":"Point","coordinates":[-2.506331240004331,51.41827782889379]},"properties":{"name":null}},{"type":"Feature","geometry":{"type":"Point","coordinates":[-2.614913738448573,51.424026348516506]},"properties":{"name":null}},{"type":"Feature","geometry":{"type":"Point","coordinates":[-2.900256120839798,51.32834044159591]},"properties":{"name":null}},{"type":"Feature","geometry":{"type":"Point","coordinates":[-2.508167635559925,51.60428107393704]},"properties":{"name":null}},{"type":"Feature","geometry":{"type":"Point","coordinates":[-2.87455024707292,51.36535797934077]},"properties":{"name":null}},{"type":"Feature","geometry":{"type":"Point","coordinates":[-2.931574179697972,51.35035095113207]},"properties":{"name":null}},{"type":"Feature","geometry":{"type":"Point","coordinates":[-2.597062863602649,51.45267597369544]},"properties":{"name":null}},{"type":"Feature","geometry":{"type":"Point","coordinates":[-2.962763990506518,51.36748899890631]},"properties":{"name":null}},{"type":"Feature","geometry":{"type":"Point","coordinates":[-2.560149211049365,51.54079665821471]},"properties":{"name":null}},{"type":"Feature","geometry":{"type":"Point","coordinates":[-2.463186290345595,51.4449279522883]},"properties":{"name":null}},{"type":"Feature","geometry":{"type":"Point","coordinates":[-2.579111171764942,51.50113222461511]},"properties":{"name":null}},{"type":"Feature","geometry":{"type":"Point","coordinates":[-2.490596956730397,51.40606180576171]},"properties":{"name":null}},{"type":"Feature","geometry":{"type":"Point","coordinates":[-2.499772960217487,51.518302773047644]},"properties":{"name":null}},{"type":"Feature","geometry":{"type":"Point","coordinates":[-2.953786576624556,51.32116288145021]},"properties":{"name":null}},{"type":"Feature","geometry":{"type":"Point","coordinates":[-2.469796772452836,51.28274225278699]},"properties":{"name":null}},{"type":"Feature","geometry":{"type":"Point","coordinates":[-2.677995754602345,51.31813029964349]},"properties":{"name":null}},{"type":"Feature","geometry":{"type":"Point","coordinates":[-2.782574780385255,51.48149079574191]},"properties":{"name":null}},{"type":"Feature","geometry":{"type":"Point","coordinates":[-2.851469245032191,51.427401465921825]},"properties":{"name":null}},{"type":"Feature","geometry":{"type":"Point","coordinates":[-2.798905638752371,51.38747874481565]},"properties":{"name":null}},{"type":"Feature","geometry":{"type":"Point","coordinates":[-2.785518030874046,51.48515779300874]},"properties":{"name":null}},{"type":"Feature","geometry":{"type":"Point","coordinates":[-2.649582614586996,51.49651896949563]},"properties":{"name":null}},{"type":"Feature","geometry":{"type":"Point","coordinates":[-2.729849838775043,51.41714383659793]},"properties":{"name":null}},{"type":"Feature","geometry":{"type":"Point","coordinates":[-2.460178754015462,51.4249330630745]},"properties":{"name":null}},{"type":"Feature","geometry":{"type":"Point","coordinates":[-2.496654374900798,51.483302348050785]},"properties":{"name":null}},{"type":"Feature","geometry":{"type":"Point","coordinates":[-2.762168405602095,51.48578830687469]},"properties":{"name":null}},{"type":"Feature","geometry":{"type":"Point","coordinates":[-2.77257047851453,51.473230627245826]},"properties":{"name":null}},{"type":"Feature","geometry":{"type":"Point","coordinates":[-2.373941472636389,51.3776193983244]},"properties":{"name":null}},{"type":"Feature","geometry":{"type":"Point","coordinates":[-2.540712171069304,51.359470547260536]},"properties":{"name":null}},{"type":"Feature","geometry":{"type":"Point","coordinates":[-2.780869770035209,51.48284193816174]},"properties":{"name":null}},{"type":"Feature","geometry":{"type":"Point","coordinates":[-2.556673155361818,51.629300554086555]},"properties":{"name":null}},{"type":"Feature","geometry":{"type":"Point","coordinates":[-2.547353385619386,51.543932336793084]},"properties":{"name":null}},{"type":"Feature","geometry":{"type":"Point","coordinates":[-2.468874925800224,51.45803324747417]},"properties":{"name":null}},{"type":"Feature","geometry":{"type":"Point","coordinates":[-2.426302151279679,51.52327747625279]},"properties":{"name":null}},{"type":"Feature","geometry":{"type":"Point","coordinates":[-2.371498947545052,51.402471501649664]},"properties":{"name":null}},{"type":"Feature","geometry":{"type":"Point","coordinates":[-2.276270367630622,51.525894304893846]},"properties":{"name":null}},{"type":"Feature","geometry":{"type":"Point","coordinates":[-2.552574471569596,51.54281084413451]},"properties":{"name":null}},{"type":"Feature","geometry":{"type":"Point","coordinates":[-2.576163153805306,51.49813456854645]},"properties":{"name":null}},{"type":"Feature","geometry":{"type":"Point","coordinates":[-2.570021071304629,51.501176775642456]},"properties":{"name":null}},{"type":"Feature","geometry":{"type":"Point","coordinates":[-2.401242504014694,51.37948911761883]},"properties":{"name":null}},{"type":"Feature","geometry":{"type":"Point","coordinates":[-2.579198132917724,51.50797442451418]},"properties":{"name":null}},{"type":"Feature","geometry":{"type":"Point","coordinates":[-2.963234713841409,51.33033839975452]},"properties":{"name":null}},{"type":"Feature","geometry":{"type":"Point","coordinates":[-2.584713021118138,51.4233178777281]},"properties":{"name":null}},{"type":"Feature","geometry":{"type":"Point","coordinates":[-2.565880324910215,51.57618763574455]},"properties":{"name":null}},{"type":"Feature","geometry":{"type":"Point","coordinates":[-2.806214578553278,51.47377761163538]},"properties":{"name":null}},{"type":"Feature","geometry":{"type":"Point","coordinates":[-2.540758089149958,51.44378674268281]},"properties":{"name":null}},{"type":"Feature","geometry":{"type":"Point","coordinates":[-2.560037054039997,51.415435251778995]},"properties":{"name":null}},{"type":"Feature","geometry":{"type":"Point","coordinates":[-2.305065514634834,51.57258812878691]},"properties":{"name":null}},{"type":"Feature","geometry":{"type":"Point","coordinates":[-2.524818818338997,51.48168714850912]},"properties":{"name":null}},{"type":"Feature","geometry":{"type":"Point","coordinates":[-2.523803229003166,51.607826969078175]},"properties":{"name":null}},{"type":"Feature","geometry":{"type":"Point","coordinates":[-2.365574222555836,51.376989503768414]},"properties":{"name":null}},{"type":"Feature","geometry":{"type":"Point","coordinates":[-2.595096372515489,51.43639330420294]},"properties":{"name":null}},{"type":"Feature","geometry":{"type":"Point","coordinates":[-2.508918661425415,51.49575718786555]},"properties":{"name":null}},{"type":"Feature","geometry":{"type":"Point","coordinates":[-2.443595174182999,51.30746443152385]},"properties":{"name":null}},{"type":"Feature","geometry":{"type":"Point","coordinates":[-2.440671589065786,51.53958924883979]},"properties":{"name":null}},{"type":"Feature","geometry":{"type":"Point","coordinates":[-2.614672154644915,51.424243426431765]},"properties":{"name":null}},{"type":"Feature","geometry":{"type":"Point","coordinates":[-2.618295382619707,51.441281053252965]},"properties":{"name":null}},{"type":"Feature","geometry":{"type":"Point","coordinates":[-2.501805540758425,51.409503242755264]},"properties":{"name":null}},{"type":"Feature","geometry":{"type":"Point","coordinates":[-2.59912138032718,51.476853504562655]},"properties":{"name":null}},{"type":"Feature","geometry":{"type":"Point","coordinates":[-2.67903150775272,51.4735944388317]},"properties":{"name":null}},{"type":"Feature","geometry":{"type":"Point","coordinates":[-2.457632374185884,51.286512953955]},"properties":{"name":null}},{"type":"Feature","geometry":{"type":"Point","coordinates":[-2.506465916167049,51.30272190517397]},"properties":{"name":null}},{"type":"Feature","geometry":{"type":"Point","coordinates":[-2.467525453906459,51.37965706779079]},"properties":{"name":null}},{"type":"Feature","geometry":{"type":"Point","coordinates":[-2.376810773016561,51.35789132725709]},"properties":{"name":null}},{"type":"Feature","geometry":{"type":"Point","coordinates":[-2.854218405365262,51.42827164864059]},"properties":{"name":null}},{"type":"Feature","geometry":{"type":"Point","coordinates":[-2.764834659350956,51.43851914634514]},"properties":{"name":null}},{"type":"Feature","geometry":{"type":"Point","coordinates":[-2.502414822873366,51.488555904703674]},"properties":{"name":null}},{"type":"Feature","geometry":{"type":"Point","coordinates":[-2.347096779934522,51.39398620659874]},"properties":{"name":null}},{"type":"Feature","geometry":{"type":"Point","coordinates":[-2.316906815348922,51.405518441354346]},"properties":{"name":null}},{"type":"Feature","geometry":{"type":"Point","coordinates":[-2.609226036918194,51.487375402564176]},"properties":{"name":null}},{"type":"Feature","geometry":{"type":"Point","coordinates":[-2.587002548138706,51.53553081646805]},"properties":{"name":null}},{"type":"Feature","geometry":{"type":"Point","coordinates":[-2.672843374154637,51.40133545836717]},"properties":{"name":null}},{"type":"Feature","geometry":{"type":"Point","coordinates":[-2.648302000317889,51.49153575530665]},"properties":{"name":null}},{"type":"Feature","geometry":{"type":"Point","coordinates":[-2.779144717929781,51.423831265465225]},"properties":{"name":null}},{"type":"Feature","geometry":{"type":"Point","coordinates":[-2.393141836924622,51.535702938609816]},"properties":{"name":null}},{"type":"Feature","geometry":{"type":"Point","coordinates":[-2.375977173837937,51.37531097264083]},"properties":{"name":null}},{"type":"Feature","geometry":{"type":"Point","coordinates":[-2.436342718645382,51.37781712866009]},"properties":{"name":null}},{"type":"Feature","geometry":{"type":"Point","coordinates":[-2.783314230063704,51.3867027197463]},"properties":{"name":null}},{"type":"Feature","geometry":{"type":"Point","coordinates":[-2.581508294801838,51.4970471735753]},"properties":{"name":null}},{"type":"Feature","geometry":{"type":"Point","coordinates":[-2.668371351380155,51.4052005727818]},"properties":{"name":null}},{"type":"Feature","geometry":{"type":"Point","coordinates":[-2.586446392819628,51.45077842538358]},"properties":{"name":null}},{"type":"Feature","geometry":{"type":"Point","coordinates":[-2.450643232296831,51.54768876303893]},"properties":{"name":null}},{"type":"Feature","geometry":{"type":"Point","coordinates":[-2.502027779227158,51.47556470486291]},"properties":{"name":null}},{"type":"Feature","geometry":{"type":"Point","coordinates":[-2.635151003984746,51.48424366814239]},"properties":{"name":null}},{"type":"Feature","geometry":{"type":"Point","coordinates":[-2.959991133394594,51.322784709261995]},"properties":{"name":null}},{"type":"Feature","geometry":{"type":"Point","coordinates":[-2.577029689124371,51.58256233377301]},"properties":{"name":null}},{"type":"Feature","geometry":{"type":"Point","coordinates":[-2.459020292170657,51.31788082235279]},"properties":{"name":null}},{"type":"Feature","geometry":{"type":"Point","coordinates":[-2.933131082061421,51.36124561380315]},"properties":{"name":null}},{"type":"Feature","geometry":{"type":"Point","coordinates":[-2.493729004382916,51.343033432272776]},"properties":{"name":null}},{"type":"Feature","geometry":{"type":"Point","coordinates":[-2.367442046615153,51.35728269771999]},"properties":{"name":null}},{"type":"Feature","geometry":{"type":"Point","coordinates":[-2.499713325455879,51.52075777044229]},"properties":{"name":null}},{"type":"Feature","geometry":{"type":"Point","coordinates":[-2.591000582689111,51.52587185849363]},"properties":{"name":null}},{"type":"Feature","geometry":{"type":"Point","coordinates":[-2.558650589383309,51.498543073736286]},"properties":{"name":null}},{"type":"Feature","geometry":{"type":"Point","coordinates":[-2.371589729711445,51.356936907008816]},"properties":{"name":null}},{"type":"Feature","geometry":{"type":"Point","coordinates":[-2.468267384949254,51.457738951836475]},"properties":{"name":null}},{"type":"Feature","geometry":{"type":"Point","coordinates":[-2.558003883782858,51.54341451356442]},"properties":{"name":null}},{"type":"Feature","geometry":{"type":"Point","coordinates":[-2.422614512831916,51.549996053555155]},"properties":{"name":null}},{"type":"Feature","geometry":{"type":"Point","coordinates":[-2.620467678753073,51.45717611145625]},"properties":{"name":null}},{"type":"Feature","geometry":{"type":"Point","coordinates":[-2.752241393013089,51.425095009705025]},"properties":{"name":null}},{"type":"Feature","geometry":{"type":"Point","coordinates":[-2.474389182641079,51.40972518996379]},"properties":{"name":null}},{"type":"Feature","geometry":{"type":"Point","coordinates":[-2.534166593843213,51.52493986347327]},"properties":{"name":null}},{"type":"Feature","geometry":{"type":"Point","coordinates":[-2.964302053291361,51.354545576589224]},"properties":{"name":null}},{"type":"Feature","geometry":{"type":"Point","coordinates":[-2.479798821075167,51.526667546912286]},"properties":{"name":null}},{"type":"Feature","geometry":{"type":"Point","coordinates":[-2.476132853609735,51.487478586692134]},"properties":{"name":null}},{"type":"Feature","geometry":{"type":"Point","coordinates":[-2.92025949740234,51.35111484906461]},"properties":{"name":null}},{"type":"Feature","geometry":{"type":"Point","coordinates":[-2.430722928601969,51.484579058621]},"properties":{"name":null}},{"type":"Feature","geometry":{"type":"Point","coordinates":[-2.571657793194521,51.53174031221529]},"properties":{"name":null}},{"type":"Feature","geometry":{"type":"Point","coordinates":[-2.585283924546405,51.419628417767896]},"properties":{"name":null}},{"type":"Feature","geometry":{"type":"Point","coordinates":[-2.825010129928208,51.33343551630035]},"properties":{"name":null}},{"type":"Feature","geometry":{"type":"Point","coordinates":[-2.776466367119737,51.44317231612784]},"properties":{"name":null}},{"type":"Feature","geometry":{"type":"Point","coordinates":[-2.561728239667592,51.41145278411273]},"properties":{"name":null}},{"type":"Feature","geometry":{"type":"Point","coordinates":[-2.907468746516644,51.37020577388704]},"properties":{"name":null}},{"type":"Feature","geometry":{"type":"Point","coordinates":[-2.689419794867785,51.52166515672542]},"properties":{"name":null}},{"type":"Feature","geometry":{"type":"Point","coordinates":[-2.839127319959057,51.44855838262072]},"properties":{"name":null}},{"type":"Feature","geometry":{"type":"Point","coordinates":[-2.559522157267155,51.522591574213436]},"properties":{"name":null}},{"type":"Feature","geometry":{"type":"Point","coordinates":[-2.497898178216928,51.278570398711]},"properties":{"name":null}},{"type":"Feature","geometry":{"type":"Point","coordinates":[-2.371253911815568,51.40239135179476]},"properties":{"name":null}},{"type":"Feature","geometry":{"type":"Point","coordinates":[-2.583018272412034,51.448268886394544]},"properties":{"name":null}},{"type":"Feature","geometry":{"type":"Point","coordinates":[-2.700617780302623,51.38727121097484]},"properties":{"name":null}},{"type":"Feature","geometry":{"type":"Point","coordinates":[-2.420174992909951,51.552891134057525]},"properties":{"name":null}},{"type":"Feature","geometry":{"type":"Point","coordinates":[-2.591073927410899,51.46032258354258]},"properties":{"name":null}},{"type":"Feature","geometry":{"type":"Point","coordinates":[-2.300434459938781,51.39945656544133]},"properties":{"name":null}},{"type":"Feature","geometry":{"type":"Point","coordinates":[-2.383115032465316,51.53665327065612]},"properties":{"name":null}},{"type":"Feature","geometry":{"type":"Point","coordinates":[-2.662877310291935,51.38317465313111]},"properties":{"name":null}},{"type":"Feature","geometry":{"type":"Point","coordinates":[-2.370838571157845,51.38834743764085]},"properties":{"name":null}},{"type":"Feature","geometry":{"type":"Point","coordinates":[-2.446074030170322,51.59362667918891]},"properties":{"name":null}},{"type":"Feature","geometry":{"type":"Point","coordinates":[-2.70402990368461,51.47474154936796]},"properties":{"name":null}},{"type":"Feature","geometry":{"type":"Point","coordinates":[-2.476354954706114,51.5337041043395]},"properties":{"name":null}},{"type":"Feature","geometry":{"type":"Point","coordinates":[-2.347417717246724,51.5577419370119]},"properties":{"name":null}},{"type":"Feature","geometry":{"type":"Point","coordinates":[-2.620770023334888,51.43699707292567]},"properties":{"name":null}},{"type":"Feature","geometry":{"type":"Point","coordinates":[-2.508928091430011,51.496602368058284]},"properties":{"name":null}},{"type":"Feature","geometry":{"type":"Point","coordinates":[-2.453830353435244,51.29064602864882]},"properties":{"name":null}},{"type":"Feature","geometry":{"type":"Point","coordinates":[-2.596438681496064,51.4224585290554]},"properties":{"name":null}},{"type":"Feature","geometry":{"type":"Point","coordinates":[-2.576900254149057,51.58259893807851]},"properties":{"name":null}},{"type":"Feature","geometry":{"type":"Point","coordinates":[-2.502026273290658,51.49383566385793]},"properties":{"name":null}},{"type":"Feature","geometry":{"type":"Point","coordinates":[-2.596876320780531,51.454924919623735]},"properties":{"name":null}},{"type":"Feature","geometry":{"type":"Point","coordinates":[-2.348160715072976,51.38268944514753]},"properties":{"name":null}},{"type":"Feature","geometry":{"type":"Point","coordinates":[-2.684536475268496,51.47872358402961]},"properties":{"name":null}},{"type":"Feature","geometry":{"type":"Point","coordinates":[-2.357455008832007,51.382328705038276]},"properties":{"name":null}},{"type":"Feature","geometry":{"type":"Point","coordinates":[-2.437009205233883,51.37990973041382]},"properties":{"name":null}},{"type":"Feature","geometry":{"type":"Point","coordinates":[-2.573091459234087,51.4783683482827]},"properties":{"name":null}},{"type":"Feature","geometry":{"type":"Point","coordinates":[-2.612577025053082,51.40540726992182]},"properties":{"name":null}},{"type":"Feature","geometry":{"type":"Point","coordinates":[-2.568695408090741,51.466475965413956]},"properties":{"name":null}},{"type":"Feature","geometry":{"type":"Point","coordinates":[-2.927928798096571,51.32694591229871]},"properties":{"name":null}},{"type":"Feature","geometry":{"type":"Point","coordinates":[-2.700059859652853,51.38838055391516]},"properties":{"name":null}},{"type":"Feature","geometry":{"type":"Point","coordinates":[-2.638112222967671,51.45192000386496]},"properties":{"name":null}},{"type":"Feature","geometry":{"type":"Point","coordinates":[-2.981548890955279,51.3383693742546]},"properties":{"name":null}},{"type":"Feature","geometry":{"type":"Point","coordinates":[-2.487846416414954,51.451373813156195]},"properties":{"name":null}},{"type":"Feature","geometry":{"type":"Point","coordinates":[-2.602604120571238,51.50295602351444]},"properties":{"name":null}},{"type":"Feature","geometry":{"type":"Point","coordinates":[-2.398485615783599,51.37142388606852]},"properties":{"name":null}},{"type":"Feature","geometry":{"type":"Point","coordinates":[-2.377526915486048,51.38904539875211]},"properties":{"name":null}},{"type":"Feature","geometry":{"type":"Point","coordinates":[-2.599037458662942,51.483633452066655]},"properties":{"name":null}},{"type":"Feature","geometry":{"type":"Point","coordinates":[-2.919432088712509,51.363575113342634]},"properties":{"name":null}},{"type":"Feature","geometry":{"type":"Point","coordinates":[-2.842576001146977,51.41701718086291]},"properties":{"name":null}},{"type":"Feature","geometry":{"type":"Point","coordinates":[-2.386993891725099,51.368153550517405]},"properties":{"name":null}},{"type":"Feature","geometry":{"type":"Point","coordinates":[-2.920996532427042,51.36279849082518]},"properties":{"name":null}},{"type":"Feature","geometry":{"type":"Point","coordinates":[-2.580559064622289,51.53336895871192]},"properties":{"name":null}},{"type":"Feature","geometry":{"type":"Point","coordinates":[-2.928362134702032,51.367613901389284]},"properties":{"name":null}},{"type":"Feature","geometry":{"type":"Point","coordinates":[-2.787514436174297,51.388607863942234]},"properties":{"name":null}},{"type":"Feature","geometry":{"type":"Point","coordinates":[-2.581831799877585,51.442079505541734]},"properties":{"name":null}},{"type":"Feature","geometry":{"type":"Point","coordinates":[-2.926208894468981,51.36058128092326]},"properties":{"name":null}},{"type":"Feature","geometry":{"type":"Point","coordinates":[-2.370980579352996,51.53378799990512]},"properties":{"name":null}},{"type":"Feature","geometry":{"type":"Point","coordinates":[-2.47909686739137,51.28083420031896]},"properties":{"name":null}},{"type":"Feature","geometry":{"type":"Point","coordinates":[-2.406938035651486,51.62755932916672]},"properties":{"name":null}},{"type":"Feature","geometry":{"type":"Point","coordinates":[-2.946320650786054,51.349602929406956]},"properties":{"name":null}},{"type":"Feature","geometry":{"type":"Point","coordinates":[-2.451572736156035,51.4593599411288]},"properties":{"name":null}},{"type":"Feature","geometry":{"type":"Point","coordinates":[-2.549987889358778,51.524416963785185]},"properties":{"name":null}},{"type":"Feature","geometry":{"type":"Point","coordinates":[-2.660010658447221,51.555112678458016]},"properties":{"name":null}},{"type":"Feature","geometry":{"type":"Point","coordinates":[-2.499057280807383,51.302106369488435]},"properties":{"name":null}},{"type":"Feature","geometry":{"type":"Point","coordinates":[-2.587501553836524,51.482504969819104]},"properties":{"name":null}},{"type":"Feature","geometry":{"type":"Point","coordinates":[-2.491285710316484,51.39925209059079]},"properties":{"name":null}},{"type":"Feature","geometry":{"type":"Point","coordinates":[-2.644730253669292,51.514052262031306]},"properties":{"name":null}},{"type":"Feature","geometry":{"type":"Point","coordinates":[-2.534436566501241,51.52583779492654]},"properties":{"name":null}},{"type":"Feature","geometry":{"type":"Point","coordinates":[-2.381285163055304,51.355386114598176]},"properties":{"name":null}},{"type":"Feature","geometry":{"type":"Point","coordinates":[-2.400097279316726,51.38493312481905]},"properties":{"name":null}},{"type":"Feature","geometry":{"type":"Point","coordinates":[-2.434963354940836,51.45340726949663]},"properties":{"name":null}},{"type":"Feature","geometry":{"type":"Point","coordinates":[-2.912782756326996,51.33395354414555]},"properties":{"name":null}},{"type":"Feature","geometry":{"type":"Point","coordinates":[-2.738501693246365,51.45075492613239]},"properties":{"name":null}},{"type":"Feature","geometry":{"type":"Point","coordinates":[-2.631293305580932,51.49483859004729]},"properties":{"name":null}},{"type":"Feature","geometry":{"type":"Point","coordinates":[-2.646816136201989,51.54922491690229]},"properties":{"name":null}},{"type":"Feature","geometry":{"type":"Point","coordinates":[-2.925921314700163,51.360565574109586]},"properties":{"name":null}},{"type":"Feature","geometry":{"type":"Point","coordinates":[-2.379423145637998,51.47924455894342]},"properties":{"name":null}},{"type":"Feature","geometry":{"type":"Point","coordinates":[-2.970333828929721,51.349792839236144]},"properties":{"name":null}},{"type":"Feature","geometry":{"type":"Point","coordinates":[-2.319808299565584,51.337154926084985]},"properties":{"name":null}},{"type":"Feature","geometry":{"type":"Point","coordinates":[-2.973910095091832,51.349826127282405]},"properties":{"name":null}},{"type":"Feature","geometry":{"type":"Point","coordinates":[-2.434092188359962,51.45867959295897]},"properties":{"name":null}},{"type":"Feature","geometry":{"type":"Point","coordinates":[-2.393412307585137,51.40137490711458]},"properties":{"name":null}},{"type":"Feature","geometry":{"type":"Point","coordinates":[-2.509619910284402,51.61018228755493]},"properties":{"name":null}},{"type":"Feature","geometry":{"type":"Point","coordinates":[-2.480711476317637,51.483224872130236]},"properties":{"name":null}},{"type":"Feature","geometry":{"type":"Point","coordinates":[-2.720620460778874,51.43562533880962]},"properties":{"name":null}},{"type":"Feature","geometry":{"type":"Point","coordinates":[-2.524041876503807,51.607232454931555]},"properties":{"name":null}},{"type":"Feature","geometry":{"type":"Point","coordinates":[-2.564693961133844,51.47002895009938]},"properties":{"name":null}},{"type":"Feature","geometry":{"type":"Point","coordinates":[-2.435232690917089,51.540796458563705]},"properties":{"name":null}},{"type":"Feature","geometry":{"type":"Point","coordinates":[-2.577831595466708,51.491094950768506]},"properties":{"name":null}},{"type":"Feature","geometry":{"type":"Point","coordinates":[-2.800664178365837,51.476666035361355]},"properties":{"name":null}},{"type":"Feature","geometry":{"type":"Point","coordinates":[-2.852723726046299,51.423705674727806]},"properties":{"name":null}},{"type":"Feature","geometry":{"type":"Point","coordinates":[-2.835536266172104,51.332893349969034]},"properties":{"name":null}},{"type":"Feature","geometry":{"type":"Point","coordinates":[-2.611057877503995,51.473563857298316]},"properties":{"name":null}},{"type":"Feature","geometry":{"type":"Point","coordinates":[-2.49381338526356,51.41234261534031]},"properties":{"name":null}},{"type":"Feature","geometry":{"type":"Point","coordinates":[-2.434173862993178,51.312454249929836]},"properties":{"name":null}},{"type":"Feature","geometry":{"type":"Point","coordinates":[-2.638191353654986,51.51122879274736]},"properties":{"name":null}},{"type":"Feature","geometry":{"type":"Point","coordinates":[-2.810546966520518,51.38019624424782]},"properties":{"name":null}}]}