{"type":"FeatureCollection","features":[{"type":"Feature","properties":{"osm_id":4862018,"name":"Inns Court Avenue","corridor":"MetroBus m1"},"geometry":{"type":"LineString","coordinates":[[-2.5970706,51.4217395],[-2.5968685,51.4216205],[-2.596372,51.4213645],[-2.5962494,51.4213005],[-2.5959057,51.4211237],[-2.5958095,51.4210841],[-2.5957182,51.4210578],[-2.5955666,51.4210172],[-2.5954342,51.420991],[-2.595372,51.4209833],[-2.5953054,51.4209802],[-2.5952387,51.420977],[-2.5945713,51.4210609],[-2.5944112,51.4210764],[-2.5942482,51.4210771],[-2.5941925,51.4210735],[-2.5941047,51.4210678],[-2.5939624,51.4210543],[-2.5938197,51.4210269],[-2.5935879,51.4209641],[-2.5932777,51.4208911],[-2.5932065,51.4208818],[-2.5931701,51.4208771],[-2.5931472,51.420876],[-2.5930733,51.4208725],[-2.5930202,51.4208734],[-2.5929163,51.4208795]]}},{"type":"Feature","properties":{"osm_id":1470020099,"name":"Hartcliffe Way","ref":"A3029","corridor":"MetroBus m1"},"geometry":{"type":"LineString","coordinates":[[-2.6003063,51.4187793],[-2.6014576,51.4194585],[-2.601755,51.4196458],[-2.602742,51.4202856],[-2.6028643,51.4203768],[-2.6033363,51.4207452],[-2.6037951,51.421216],[-2.6039902,51.421483],[-2.6041669,51.4217796],[-2.6042466,51.4219616],[-2.6043358,51.4221888],[-2.6044196,51.4225612],[-2.6044593,51.4228634],[-2.6044723,51.423223],[-2.6044619,51.4241774]]}},{"type":"Feature","properties":{"osm_id":4494626,"name":"Novers Lane","corridor":"MetroBus m1"},"geometry":{"type":"LineString","coordinates":[[-2.5997014,51.4187523],[-2.599802,51.4186868],[-2.5998454,51.4186653],[-2.5998914,51.4186427],[-2.5999793,51.4185967]]}},{"type":"Feature","properties":{"osm_id":4494635,"name":"Hartcliffe Way","ref":"A3029","corridor":"MetroBus m1"},"geometry":{"type":"LineString","coordinates":[[-2.5999793,51.4185967],[-2.6000854,51.4186527],[-2.6001469,51.4186853],[-2.6003063,51.4187793]]}},{"type":"Feature","properties":{"osm_id":184306201,"name":"Novers Lane","corridor":"MetroBus m1"},"geometry":{"type":"LineString","coordinates":[[-2.5973087,51.4217764],[-2.5973375,51.4217345],[-2.5973757,51.4216931],[-2.5974381,51.4216379]]}},{"type":"Feature","properties":{"osm_id":224492196,"name":"Novers Lane","corridor":"MetroBus m1"},"geometry":{"type":"LineString","coordinates":[[-2.5992399,51.4191581],[-2.5990254,51.4194077],[-2.5989864,51.4194544],[-2.5988214,51.419652],[-2.5986333,51.4198695],[-2.5985932,51.4199159],[-2.5985345,51.4199821],[-2.5984887,51.4200336],[-2.5984329,51.4200895],[-2.5983356,51.4201868],[-2.5983253,51.4201971],[-2.5982152,51.4203128],[-2.5980505,51.4205148],[-2.5980198,51.420558],[-2.5979095,51.4207166],[-2.5977747,51.4209724],[-2.5977424,51.4210349],[-2.5976721,51.4211733],[-2.5976293,51.4212578],[-2.5975416,51.4214168],[-2.5974381,51.4216379]]}},{"type":"Feature","properties":{"osm_id":402535348,"name":"Inns Court Avenue","corridor":"MetroBus m1"},"geometry":{"type":"LineString","coordinates":[[-2.5970706,51.4217395],[-2.5971209,51.4217473],[-2.5971685,51.4217587],[-2.5972382,51.4217734],[-2.5972723,51.4217796]]}},{"type":"Feature","properties":{"osm_id":1418772481,"name":"Novers Lane","corridor":"MetroBus m1"},"geometry":{"type":"LineString","coordinates":[[-2.5997014,51.4187523],[-2.5994263,51.4189438],[-2.5992399,51.4191581]]}},{"type":"Feature","properties":{"osm_id":1470017826,"corridor":"MetroBus m1"},"geometry":{"type":"LineString","coordinates":[[-2.5972723,51.4217796],[-2.5973087,51.4217764]]}},{"type":"Feature","properties":{"osm_id":203799312,"name":"Whitchurch Lane","corridor":"MetroBus m1"},"geometry":{"type":"LineString","coordinates":[[-2.5783481,51.4077456],[-2.578598,51.407803],[-2.578957,51.4078968],[-2.5790857,51.4079411],[-2.580163,51.4083115],[-2.5803529,51.4083817],[-2.5805179,51.4084427],[-2.5811132,51.4086456],[-2.5814879,51.4087803],[-2.5820795,51.4089774],[-2.5824022,51.4091035],[-2.5825361,51.4091545],[-2.5828993,51.4092922],[-2.5834755,51.4095576],[-2.5835552,51.4095915],[-2.5837298,51.4096629]]}},{"type":"Feature","properties":{"osm_id":1237072732,"name":"Whitchurch Lane","corridor":"MetroBus m1"},"geometry":{"type":"LineString","coordinates":[[-2.5837298,51.4096629],[-2.5840194,51.4097928],[-2.584225,51.4098924],[-2.5844348,51.4099806],[-2.5845534,51.4100278]]}},{"type":"Feature","properties":{"osm_id":203009217,"name":"Bamfield","corridor":"MetroBus m1"},"geometry":{"type":"LineString","coordinates":[[-2.5753909,51.4150076],[-2.5753599,51.4149212],[-2.5752828,51.4147748],[-2.5751746,51.4146018],[-2.5751311,51.4145439],[-2.5750187,51.4144059],[-2.5747017,51.414074],[-2.5744275,51.4137799],[-2.5742657,51.4136091],[-2.5741489,51.4134461],[-2.5740527,51.413258],[-2.5739879,51.4130254],[-2.5739572,51.4128264],[-2.5739559,51.4126728],[-2.5739868,51.4125083],[-2.5740254,51.4123634],[-2.5740824,51.4122177],[-2.5742218,51.4119717],[-2.5743325,51.4118483],[-2.5744752,51.4116891],[-2.5745374,51.411633],[-2.5747139,51.411488],[-2.5749921,51.4113156],[-2.5751561,51.4112302],[-2.5756856,51.4109544],[-2.5759677,51.4107973],[-2.5760886,51.4107189],[-2.576133,51.4106885],[-2.5763112,51.41055],[-2.5765806,51.4103089],[-2.5767435,51.4101526],[-2.5768005,51.4100683],[-2.5771499,51.4095513],[-2.5775133,51.4090499],[-2.5776598,51.4088435],[-2.577829,51.4086074],[-2.5779027,51.4085045],[-2.5779198,51.4084814],[-2.5781203,51.4081866],[-2.5781814,51.4080968],[-2.5782231,51.4080111],[-2.5783481,51.4077456]]}},{"type":"Feature","properties":{"osm_id":137816743,"name":"The Boulevard","corridor":"MetroBus m1"},"geometry":{"type":"LineString","coordinates":[[-2.5853931,51.4115961],[-2.5851662,51.4118333],[-2.5850856,51.4119208]]}},{"type":"Feature","properties":{"osm_id":137816744,"name":"The Boulevard","corridor":"MetroBus m1"},"geometry":{"type":"LineString","coordinates":[[-2.5853931,51.4115961],[-2.5854188,51.4115035],[-2.5855521,51.4113592],[-2.5856571,51.4112456],[-2.5860638,51.4108115],[-2.5862133,51.4106424]]}},{"type":"Feature","properties":{"osm_id":178375601,"name":"Christopher Brain Street","corridor":"MetroBus m1"},"geometry":{"type":"LineString","coordinates":[[-2.5832115,51.411331],[-2.5834716,51.4114282],[-2.5847437,51.4119039],[-2.5848699,51.4119504]]}},{"type":"Feature","properties":{"osm_id":178375617,"corridor":"MetroBus m1"},"geometry":{"type":"LineString","coordinates":[[-2.5827071,51.4120056],[-2.5826601,51.4120104],[-2.5826128,51.4120064],[-2.5825695,51.4119939]]}},{"type":"Feature","properties":{"osm_id":182930298,"name":"Hangar Road","corridor":"MetroBus m1"},"geometry":{"type":"LineString","coordinates":[[-2.5827454,51.4118235],[-2.5832115,51.411331]]}},{"type":"Feature","properties":{"osm_id":182930299,"name":"Hengrove Promenade","corridor":"MetroBus m1"},"geometry":{"type":"LineString","coordinates":[[-2.5829557,51.4120216],[-2.5829182,51.4120081],[-2.5828764,51.4119931],[-2.5827843,51.4119716]]}},{"type":"Feature","properties":{"osm_id":1237072734,"name":"Whitchurch Lane","corridor":"MetroBus m1"},"geometry":{"type":"LineString","coordinates":[[-2.5845534,51.4100278],[-2.5852842,51.4102752]]}},{"type":"Feature","properties":{"osm_id":1367349909,"name":"Whitchurch Lane","corridor":"MetroBus m1"},"geometry":{"type":"LineString","coordinates":[[-2.5862133,51.4106424],[-2.5859562,51.4105543],[-2.5854859,51.4103751],[-2.5852842,51.4102752]]}},{"type":"Feature","properties":{"osm_id":1458314808,"name":"The Boulevard","corridor":"MetroBus m1"},"geometry":{"type":"LineString","coordinates":[[-2.5848699,51.4119504],[-2.5849138,51.4119218],[-2.5850023,51.4119048],[-2.5850856,51.4119208]]}},{"type":"Feature","properties":{"osm_id":1458314810,"corridor":"MetroBus m1"},"geometry":{"type":"LineString","coordinates":[[-2.5827843,51.4119716],[-2.5827498,51.4119922],[-2.5827071,51.4120056]]}},{"type":"Feature","properties":{"osm_id":1458314811,"corridor":"MetroBus m1"},"geometry":{"type":"LineString","coordinates":[[-2.5825695,51.4119939],[-2.5825331,51.4119732],[-2.5825086,51.4119466],[-2.5824982,51.4119166],[-2.5825029,51.4118861],[-2.5825224,51.4118579]]}},{"type":"Feature","properties":{"osm_id":1458314812,"corridor":"MetroBus m1"},"geometry":{"type":"LineString","coordinates":[[-2.5825224,51.4118579],[-2.582552,51.4118361],[-2.5825903,51.4118205],[-2.5826342,51.4118123],[-2.58268,51.4118122],[-2.5827454,51.4118235]]}},{"type":"Feature","properties":{"osm_id":1470017825,"name":"Hengrove Promenade","corridor":"MetroBus m1"},"geometry":{"type":"LineString","coordinates":[[-2.5839764,51.4124541],[-2.5836518,51.4123353],[-2.5831577,51.4121482],[-2.5830722,51.4121159],[-2.5829557,51.4120216]]}},{"type":"Feature","properties":{"osm_id":4862017,"name":"Creswicke Road","corridor":"MetroBus m1"},"geometry":{"type":"LineString","coordinates":[[-2.5874748,51.4229209],[-2.5876701,51.4228612],[-2.5880718,51.42272],[-2.5881712,51.4226851],[-2.5891449,51.4222747],[-2.5902452,51.4218691],[-2.5906985,51.4216898],[-2.5909744,51.421587],[-2.5910548,51.4215512],[-2.5911329,51.4215235],[-2.5912051,51.421493],[-2.5914313,51.4214028],[-2.5918962,51.4212174],[-2.5920247,51.4211696],[-2.5924957,51.4209944],[-2.5926717,51.4209279],[-2.5927929,51.4208948],[-2.5928673,51.4208824],[-2.5929163,51.4208795]]}},{"type":"Feature","properties":{"osm_id":107039079,"name":"Creswicke Road","corridor":"MetroBus m1"},"geometry":{"type":"LineString","coordinates":[[-2.5811504,51.4214881],[-2.5811834,51.4215176],[-2.5812504,51.4215961],[-2.5813028,51.421627],[-2.5813143,51.4216397],[-2.5814463,51.4217752],[-2.5814571,51.4217858],[-2.5818472,51.4221756],[-2.5819026,51.4222298],[-2.5820043,51.4223293],[-2.5821372,51.4224487],[-2.5822898,51.4225656],[-2.5824896,51.4226951],[-2.5826054,51.4227603],[-2.5826693,51.4227963],[-2.5828989,51.4229084]]}},{"type":"Feature","properties":{"osm_id":107039094,"name":"Bamfield","corridor":"MetroBus m1"},"geometry":{"type":"LineString","coordinates":[[-2.5795747,51.4211421],[-2.579498,51.4210126],[-2.5794498,51.4209322],[-2.5793774,51.4206943],[-2.5793209,51.4205627],[-2.579181,51.4202731],[-2.5790622,51.4201045],[-2.5789258,51.4199671],[-2.578761,51.4197932],[-2.5784886,51.4195701],[-2.5784696,51.4195546],[-2.5780621,51.4192284],[-2.577676,51.4188939],[-2.57749,51.418708],[-2.5774333,51.4186532],[-2.5772616,51.4184689],[-2.5769927,51.4181755],[-2.5766106,51.4176564],[-2.5763998,51.4173671],[-2.5762788,51.4170881],[-2.5762042,51.4169127],[-2.5761895,51.4168784],[-2.5761427,51.4167619],[-2.5760059,51.4164444],[-2.5758452,51.4160715],[-2.5755907,51.4154511],[-2.5754988,51.4152271],[-2.5754343,51.4150897],[-2.5753909,51.4150076]]}},{"type":"Feature","properties":{"osm_id":202760224,"name":"Hengrove Way","ref":"A4174","corridor":"MetroBus m1"},"geometry":{"type":"LineString","coordinates":[[-2.5807598,51.4212942],[-2.5803002,51.421446]]}},{"type":"Feature","properties":{"osm_id":1434556033,"ref":"A4174","corridor":"MetroBus m1"},"geometry":{"type":"LineString","coordinates":[[-2.5800622,51.4213353],[-2.5803011,51.4212569]]}},{"type":"Feature","properties":{"osm_id":1434556037,"corridor":"MetroBus m1"},"geometry":{"type":"LineString","coordinates":[[-2.5806882,51.4212176],[-2.5807554,51.4212069],[-2.5808245,51.4212115],[-2.5809093,51.4212385]]}},{"type":"Feature","properties":{"osm_id":1434556038,"name":"Bamfield","corridor":"MetroBus m1"},"geometry":{"type":"LineString","coordinates":[[-2.579606,51.4211866],[-2.5796714,51.421298]]}},{"type":"Feature","properties":{"osm_id":1434556039,"name":"Bamfield","corridor":"MetroBus m1"},"geometry":{"type":"LineString","coordinates":[[-2.5797576,51.4214435],[-2.5797839,51.4214939]]}},{"type":"Feature","properties":{"osm_id":1434556050,"name":"Bamfield","corridor":"MetroBus m1"},"geometry":{"type":"LineString","coordinates":[[-2.5795747,51.4211421],[-2.579606,51.4211866]]}},{"type":"Feature","properties":{"osm_id":1434556052,"name":"Bamfield","corridor":"MetroBus m1"},"geometry":{"type":"LineString","coordinates":[[-2.5796714,51.421298],[-2.5797228,51.4213793],[-2.5797397,51.4214076],[-2.5797576,51.4214435]]}},{"type":"Feature","properties":{"osm_id":1434556053,"corridor":"MetroBus m1"},"geometry":{"type":"LineString","coordinates":[[-2.579606,51.4211866],[-2.5798579,51.4212922],[-2.5799115,51.4213109],[-2.5799588,51.4213207],[-2.5800622,51.4213353]]}},{"type":"Feature","properties":{"osm_id":1434556054,"corridor":"MetroBus m1"},"geometry":{"type":"LineString","coordinates":[[-2.5803011,51.4212569],[-2.5804482,51.421286],[-2.5805953,51.4212374],[-2.5806882,51.4212176]]}},{"type":"Feature","properties":{"osm_id":1434556057,"corridor":"MetroBus m1"},"geometry":{"type":"LineString","coordinates":[[-2.5803002,51.421446],[-2.5802042,51.4214309],[-2.5800341,51.4214613],[-2.579946,51.421481],[-2.5799078,51.4214862],[-2.5798607,51.4214896],[-2.5797839,51.4214939]]}},{"type":"Feature","properties":{"osm_id":1434556061,"name":"Creswicke Road","corridor":"MetroBus m1"},"geometry":{"type":"LineString","coordinates":[[-2.5811504,51.4214881],[-2.5810304,51.4214633],[-2.5809127,51.4214151],[-2.5808628,51.4213825],[-2.5807598,51.4212942]]}},{"type":"Feature","properties":{"osm_id":1434556062,"name":"Creswicke Road","corridor":"MetroBus m1"},"geometry":{"type":"LineString","coordinates":[[-2.5809093,51.4212385],[-2.580985,51.4213505],[-2.5811504,51.4214881]]}},{"type":"Feature","properties":{"osm_id":402535345,"name":"Hartcliffe Way","ref":"A3029","corridor":"MetroBus m1"},"geometry":{"type":"LineString","coordinates":[[-2.6044619,51.4241774],[-2.6044401,51.4244985],[-2.6044313,51.4246278],[-2.6044038,51.4251314],[-2.6043973,51.4252294],[-2.6043753,51.4255395]]}},{"type":"Feature","properties":{"osm_id":4333386,"name":"Hartcliffe Way","ref":"A3029","corridor":"MetroBus m1"},"geometry":{"type":"LineString","coordinates":[[-2.6043753,51.4255395],[-2.6043036,51.4258679],[-2.6042447,51.4263924],[-2.6042037,51.4269076],[-2.6041946,51.4272682],[-2.6041875,51.4275801],[-2.604183,51.4277788],[-2.6042511,51.4284753],[-2.6042773,51.4286111],[-2.6043194,51.4288346],[-2.6044063,51.4291882],[-2.6044444,51.429327],[-2.6044561,51.4293593],[-2.6045117,51.4295436],[-2.6046785,51.4300841]]}},{"type":"Feature","properties":{"osm_id":154676296,"name":"West Street","ref":"A38","corridor":"MetroBus m1"},"geometry":{"type":"LineString","coordinates":[[-2.6072876,51.4354375],[-2.60727,51.4354497],[-2.6070661,51.4355688],[-2.6068164,51.4357188],[-2.606522,51.4358842],[-2.6064713,51.4359121],[-2.6063345,51.4359874],[-2.6061844,51.4360774],[-2.6060892,51.4361372],[-2.6057767,51.4363299],[-2.6056125,51.4364239],[-2.6052416,51.4366546],[-2.6050916,51.4367479],[-2.6047051,51.4370142],[-2.6045285,51.4371393],[-2.6044974,51.4371613],[-2.6043933,51.4372322],[-2.6042748,51.4373223],[-2.6038556,51.4376689],[-2.603555,51.4379455],[-2.6034925,51.4380202],[-2.6034489,51.4380711],[-2.6032005,51.4384238],[-2.6031773,51.4384568],[-2.603155,51.4384885],[-2.6030127,51.4386201],[-2.602913,51.4386819],[-2.6027515,51.4387881],[-2.6027209,51.4388136],[-2.6025867,51.4389259],[-2.6022903,51.4391842],[-2.6021699,51.4392682],[-2.6020164,51.4393347],[-2.6018354,51.439417],[-2.601794,51.4394359],[-2.6012201,51.4396575],[-2.6011851,51.439671],[-2.6010191,51.4397351]]}},{"type":"Feature","properties":{"osm_id":4494457,"name":"Parson Street","ref":"A4174","corridor":"MetroBus m1"},"geometry":{"type":"LineString","coordinates":[[-2.6054848,51.4314559],[-2.6056134,51.4316011],[-2.6056855,51.4316697],[-2.6060032,51.4319918]]}},{"type":"Feature","properties":{"osm_id":102623417,"name":"Parson Street","ref":"A4174","corridor":"MetroBus m1"},"geometry":{"type":"LineString","coordinates":[[-2.6060032,51.4319918],[-2.6061395,51.4320228],[-2.6061767,51.4320575],[-2.6062036,51.4320827],[-2.6063065,51.4321729]]}},{"type":"Feature","properties":{"osm_id":145816712,"name":"Hartcliffe Way","ref":"A4174","corridor":"MetroBus m1"},"geometry":{"type":"LineString","coordinates":[[-2.6046785,51.4300841],[-2.6048374,51.4305211],[-2.6048606,51.4305636],[-2.6049443,51.4307628],[-2.6050171,51.4308758]]}},{"type":"Feature","properties":{"osm_id":154676298,"name":"West Street","ref":"A38","corridor":"MetroBus m1"},"geometry":{"type":"LineString","coordinates":[[-2.6081986,51.4338548],[-2.6082026,51.4337392],[-2.6081918,51.4336948],[-2.6081815,51.4336657],[-2.6081594,51.4336371],[-2.6081314,51.4336087]]}},{"type":"Feature","properties":{"osm_id":523270181,"corridor":"MetroBus m1"},"geometry":{"type":"LineString","coordinates":[[-2.6063065,51.4321729],[-2.6063841,51.4321912],[-2.6065768,51.4323308],[-2.6067052,51.4324217],[-2.6068787,51.4325557],[-2.6070976,51.4327316],[-2.6073288,51.4329048],[-2.6074217,51.4329956],[-2.6075291,51.4330847],[-2.6076516,51.4331869]]}},{"type":"Feature","properties":{"osm_id":558302307,"name":"Parson Street","ref":"A4174","corridor":"MetroBus m1"},"geometry":{"type":"LineString","coordinates":[[-2.6050171,51.4308758],[-2.6050761,51.4309627],[-2.6050942,51.4309909]]}},{"type":"Feature","properties":{"osm_id":578649266,"name":"West Street","ref":"A38","corridor":"MetroBus m1"},"geometry":{"type":"LineString","coordinates":[[-2.6081986,51.4338548],[-2.608117,51.4340151]]}},{"type":"Feature","properties":{"osm_id":578649345,"name":"West Street","ref":"A38","corridor":"MetroBus m1"},"geometry":{"type":"LineString","coordinates":[[-2.6076967,51.4350669],[-2.6076694,51.4351636],[-2.6076475,51.4351928],[-2.6076146,51.4352366],[-2.6075975,51.4352546],[-2.6075745,51.4352768],[-2.607479,51.4353423],[-2.6074419,51.4353677],[-2.6072876,51.4354375]]}},{"type":"Feature","properties":{"osm_id":578649348,"name":"West Street","ref":"A38","corridor":"MetroBus m1"},"geometry":{"type":"LineString","coordinates":[[-2.608117,51.4340151],[-2.6080811,51.4340915],[-2.6079467,51.4344613],[-2.6079194,51.4345364],[-2.6078844,51.4346237],[-2.6078116,51.4348053],[-2.6077453,51.4349692],[-2.6077094,51.4350432],[-2.6076967,51.4350669]]}},{"type":"Feature","properties":{"osm_id":1055143977,"corridor":"MetroBus m1"},"geometry":{"type":"LineString","coordinates":[[-2.6078771,51.4333732],[-2.6080369,51.433488],[-2.6080854,51.4335326],[-2.6081314,51.4336087]]}},{"type":"Feature","properties":{"osm_id":1055143978,"corridor":"MetroBus m1"},"geometry":{"type":"LineString","coordinates":[[-2.6076516,51.4331869],[-2.6078771,51.4333732]]}},{"type":"Feature","properties":{"osm_id":1369738654,"name":"Parson Street","ref":"A4174","corridor":"MetroBus m1"},"geometry":{"type":"LineString","coordinates":[[-2.6050942,51.4309909],[-2.6052423,51.431186],[-2.6054848,51.4314559]]}},{"type":"Feature","properties":{"osm_id":4333473,"name":"East Street","corridor":"MetroBus m1"},"geometry":{"type":"LineString","coordinates":[[-2.6007284,51.4407994],[-2.6006477,51.4408134],[-2.6002105,51.4409221],[-2.5997286,51.4410382],[-2.5995631,51.441078],[-2.5992962,51.4411423],[-2.5987413,51.4412772]]}},{"type":"Feature","properties":{"osm_id":145816667,"name":"East Street","corridor":"MetroBus m1"},"geometry":{"type":"LineString","coordinates":[[-2.5987413,51.4412772],[-2.5986784,51.4412928]]}},{"type":"Feature","properties":{"osm_id":145816669,"name":"East Street","corridor":"MetroBus m1"},"geometry":{"type":"LineString","coordinates":[[-2.5986784,51.4412928],[-2.5984227,51.4413902],[-2.5982182,51.4415121],[-2.5980371,51.4416053],[-2.5977063,51.4417735],[-2.5972115,51.4419031],[-2.5971094,51.4419439],[-2.5969533,51.4419869],[-2.5965696,51.4420885],[-2.5963812,51.4421473],[-2.5962776,51.4421846],[-2.5958925,51.4423351],[-2.5958433,51.4423552],[-2.5957633,51.4423577]]}},{"type":"Feature","properties":{"osm_id":180662479,"name":"East Street","ref":"A38","corridor":"MetroBus m1"},"geometry":{"type":"LineString","coordinates":[[-2.5957633,51.4423577],[-2.5957155,51.4424031]]}},{"type":"Feature","properties":{"osm_id":486050089,"name":"East Street","ref":"B3120","corridor":"MetroBus m1"},"geometry":{"type":"LineString","coordinates":[[-2.600811,51.4399745],[-2.6008101,51.4400836],[-2.6008236,51.4402122]]}},{"type":"Feature","properties":{"osm_id":486050090,"name":"East Street","corridor":"MetroBus m1"},"geometry":{"type":"LineString","coordinates":[[-2.600811,51.4399745],[-2.6008215,51.4399116]]}},{"type":"Feature","properties":{"osm_id":486050091,"name":"East Street","corridor":"MetroBus m1"},"geometry":{"type":"LineString","coordinates":[[-2.6010191,51.4397351],[-2.6009743,51.4397769],[-2.6009313,51.4398033],[-2.600853,51.4398752]]}},{"type":"Feature","properties":{"osm_id":1377002339,"name":"East Street","ref":"B3120","corridor":"MetroBus m1"},"geometry":{"type":"LineString","coordinates":[[-2.6008236,51.4402122],[-2.6008374,51.4403429],[-2.6008096,51.4404561]]}},{"type":"Feature","properties":{"osm_id":1377002340,"name":"East Street","ref":"B3120","corridor":"MetroBus m1"},"geometry":{"type":"LineString","coordinates":[[-2.6008096,51.4404561],[-2.600776,51.4405641],[-2.6007498,51.4406295],[-2.6007191,51.4407104],[-2.6007284,51.4407994]]}},{"type":"Feature","properties":{"osm_id":1430650602,"name":"East Street","corridor":"MetroBus m1"},"geometry":{"type":"LineString","coordinates":[[-2.600853,51.4398752],[-2.6008215,51.4399116]]}},{"type":"Feature","properties":{"osm_id":107437537,"name":"East Street","ref":"A38","corridor":"MetroBus m1"},"geometry":{"type":"LineString","coordinates":[[-2.5957155,51.4424031],[-2.5957025,51.4424145],[-2.5956884,51.4424283],[-2.5955909,51.4424953],[-2.5953995,51.4426401],[-2.5953262,51.4426955],[-2.5946977,51.4431995]]}},{"type":"Feature","properties":{"osm_id":203009216,"name":"Creswicke Road","corridor":"MetroBus m1"},"geometry":{"type":"LineString","coordinates":[[-2.5828989,51.4229084],[-2.5831049,51.4229855],[-2.5833002,51.4230557],[-2.5834679,51.4231073],[-2.5836946,51.423158],[-2.5840239,51.423215],[-2.584129,51.4232272],[-2.5843228,51.4232497],[-2.5846787,51.4232608],[-2.5851669,51.4232588]]}},{"type":"Feature","properties":{"osm_id":1339339606,"name":"Creswicke Road","corridor":"MetroBus m1"},"geometry":{"type":"LineString","coordinates":[[-2.5856395,51.4232326],[-2.5860449,51.4231976],[-2.5861629,51.4231787],[-2.5862254,51.4231687],[-2.5865027,51.4231242],[-2.586802,51.4230699],[-2.5871151,51.4230067],[-2.5874748,51.4229209]]}},{"type":"Feature","properties":{"osm_id":1339339607,"name":"Creswicke Road","corridor":"MetroBus m1"},"geometry":{"type":"LineString","coordinates":[[-2.5851669,51.4232588],[-2.5855109,51.4232441],[-2.5856395,51.4232326]]}},{"type":"Feature","properties":{"osm_id":3512363,"name":"Redcliffe Way","corridor":"MetroBus m1"},"geometry":{"type":"LineString","coordinates":[[-2.5906487,51.4489541],[-2.5907563,51.4490641],[-2.5907959,51.4491198],[-2.5908322,51.4491583],[-2.5908716,51.4491892],[-2.5909129,51.4492139],[-2.5909684,51.4492397],[-2.5910475,51.4492746],[-2.5911062,51.4492935],[-2.5913133,51.4493417],[-2.5913674,51.4493726]]}},{"type":"Feature","properties":{"osm_id":3994825,"name":"Redcliff Hill","ref":"A38","corridor":"MetroBus m1"},"geometry":{"type":"LineString","coordinates":[[-2.5912361,51.4460378],[-2.5911983,51.4460655],[-2.5911486,51.4461053],[-2.5911065,51.4461427]]}},{"type":"Feature","properties":{"osm_id":34639888,"name":"Bedminster Bridge Roundabout","corridor":"MetroBus m1"},"geometry":{"type":"LineString","coordinates":[[-2.59171,51.4456153],[-2.5915352,51.4458033]]}},{"type":"Feature","properties":{"osm_id":34639889,"name":"Bedminster Bridge Roundabout","corridor":"MetroBus m1"},"geometry":{"type":"LineString","coordinates":[[-2.5913523,51.4459693],[-2.5913029,51.4460047],[-2.591247,51.446035]]}},{"type":"Feature","properties":{"osm_id":107437561,"name":"Bedminster Parade","ref":"A38","corridor":"MetroBus m1"},"geometry":{"type":"LineString","coordinates":[[-2.5944379,51.4433936],[-2.5944133,51.4434131],[-2.5940869,51.443672],[-2.5940438,51.4437023],[-2.5938419,51.443844]]}},{"type":"Feature","properties":{"osm_id":121381299,"name":"Bedminster Bridge Roundabout","corridor":"MetroBus m1"},"geometry":{"type":"LineString","coordinates":[[-2.5914392,51.4458808],[-2.5913942,51.4459309],[-2.5913523,51.4459693]]}},{"type":"Feature","properties":{"osm_id":121381309,"name":"Bedminster Bridge Roundabout","corridor":"MetroBus m1"},"geometry":{"type":"LineString","coordinates":[[-2.5917971,51.4452892],[-2.5917763,51.4454092]]}},{"type":"Feature","properties":{"osm_id":121389308,"name":"Redcliff Hill","ref":"A38","corridor":"MetroBus m1"},"geometry":{"type":"LineString","coordinates":[[-2.5905169,51.4482143],[-2.5904316,51.4485969],[-2.59043,51.4486263],[-2.5904375,51.4486663],[-2.5904521,51.4487058],[-2.5904737,51.4487451],[-2.5905076,51.4487939]]}},{"type":"Feature","properties":{"osm_id":126832771,"name":"Bedminster Parade","ref":"A38","corridor":"MetroBus m1"},"geometry":{"type":"LineString","coordinates":[[-2.5927252,51.4447476],[-2.5926471,51.4448086],[-2.5925877,51.4448482],[-2.5924986,51.4448898],[-2.5923049,51.4449602],[-2.5920363,51.4450508]]}},{"type":"Feature","properties":{"osm_id":180662477,"name":"Bedminster Bridge Roundabout","corridor":"MetroBus m1"},"geometry":{"type":"LineString","coordinates":[[-2.5917763,51.4454092],[-2.5917717,51.4454474],[-2.5917627,51.4454914],[-2.5917441,51.4455416],[-2.5917197,51.4455901],[-2.59171,51.4456153]]}},{"type":"Feature","properties":{"osm_id":203633552,"name":"Bedminster Bridge Roundabout","corridor":"MetroBus m1"},"geometry":{"type":"LineString","coordinates":[[-2.591247,51.446035],[-2.5912361,51.4460378]]}},{"type":"Feature","properties":{"osm_id":203792898,"name":"Bedminster Parade","ref":"A38","corridor":"MetroBus m1"},"geometry":{"type":"LineString","coordinates":[[-2.5938419,51.443844],[-2.5937264,51.4439152],[-2.5935493,51.4440457],[-2.5933287,51.4442351],[-2.5932677,51.4442875],[-2.5931671,51.4443739],[-2.5927252,51.4447476]]}},{"type":"Feature","properties":{"osm_id":229612931,"name":"East Street","ref":"A38","corridor":"MetroBus m1"},"geometry":{"type":"LineString","coordinates":[[-2.5946977,51.4431995],[-2.5944379,51.4433936]]}},{"type":"Feature","properties":{"osm_id":248853629,"name":"Bedminster Parade","ref":"A38","corridor":"MetroBus m1"},"geometry":{"type":"LineString","coordinates":[[-2.5920363,51.4450508],[-2.5919778,51.4450722],[-2.5919355,51.4450932],[-2.5919075,51.4451106],[-2.5918713,51.4451398],[-2.5918438,51.4451703],[-2.5918151,51.4452265],[-2.5917971,51.4452892]]}},{"type":"Feature","properties":{"osm_id":248853632,"name":"Redcliff Hill","ref":"A38","corridor":"MetroBus m1"},"geometry":{"type":"LineString","coordinates":[[-2.5910421,51.4462241],[-2.5909976,51.4463109],[-2.5909719,51.4463663],[-2.5909583,51.4464261],[-2.5909286,51.4466366]]}},{"type":"Feature","properties":{"osm_id":1392740514,"name":"Redcliff Hill","ref":"A38","corridor":"MetroBus m1"},"geometry":{"type":"LineString","coordinates":[[-2.5911065,51.4461427],[-2.5910801,51.4461687],[-2.5910655,51.4461877],[-2.5910421,51.4462241]]}},{"type":"Feature","properties":{"osm_id":1392740515,"name":"Redcliff Hill","ref":"A38","corridor":"MetroBus m1"},"geometry":{"type":"LineString","coordinates":[[-2.5908453,51.4470263],[-2.5907943,51.447199],[-2.5907511,51.4473202],[-2.590742,51.4473527],[-2.5906758,51.4475429],[-2.5905169,51.4482143]]}},{"type":"Feature","properties":{"osm_id":1392740516,"name":"Redcliff Hill","ref":"A38","corridor":"MetroBus m1"},"geometry":{"type":"LineString","coordinates":[[-2.5909286,51.4466366],[-2.590914,51.4467375],[-2.590889,51.4468653],[-2.5908453,51.4470263]]}},{"type":"Feature","properties":{"osm_id":1458314842,"ref":"A38","corridor":"MetroBus m1"},"geometry":{"type":"LineString","coordinates":[[-2.5905076,51.4487939],[-2.5905516,51.4488244],[-2.5906102,51.4488856],[-2.5906487,51.4489541]]}},{"type":"Feature","properties":{"osm_id":1506069633,"name":"Bedminster Bridge Roundabout","corridor":"MetroBus m1"},"geometry":{"type":"LineString","coordinates":[[-2.5915352,51.4458033],[-2.5914816,51.4458364],[-2.5914392,51.4458808]]}},{"type":"Feature","properties":{"osm_id":3528791,"name":"Colston Avenue","corridor":"MetroBus m1"},"geometry":{"type":"LineString","coordinates":[[-2.5970134,51.4547255],[-2.5970303,51.4546379],[-2.5970201,51.4545885],[-2.596993,51.4545373]]}},{"type":"Feature","properties":{"osm_id":25663250,"name":"Broad Quay","corridor":"MetroBus m1"},"geometry":{"type":"LineString","coordinates":[[-2.5971354,51.4534895],[-2.5971416,51.4534243]]}},{"type":"Feature","properties":{"osm_id":31753841,"name":"Broad Quay","corridor":"MetroBus m1"},"geometry":{"type":"LineString","coordinates":[[-2.5971697,51.4526633],[-2.5971484,51.4525398],[-2.5970854,51.4524137],[-2.596907,51.4521433],[-2.5968765,51.4521042],[-2.5967293,51.4519896],[-2.5966349,51.4519123]]}},{"type":"Feature","properties":{"osm_id":39020691,"name":"Colston Avenue","ref":"A38","corridor":"MetroBus m1"},"geometry":{"type":"LineString","coordinates":[[-2.5970134,51.4547255],[-2.5969931,51.4547467],[-2.5969717,51.454769],[-2.5966705,51.4550851]]}},{"type":"Feature","properties":{"osm_id":57018667,"name":"Prince Street","corridor":"MetroBus m1"},"geometry":{"type":"LineString","coordinates":[[-2.5967952,51.4495254],[-2.5967887,51.4495984],[-2.5967613,51.4497002],[-2.5967457,51.4497518],[-2.5966859,51.4499529]]}},{"type":"Feature","properties":{"osm_id":177212277,"name":"Broad Quay","corridor":"MetroBus m1"},"geometry":{"type":"LineString","coordinates":[[-2.5964303,51.4517156],[-2.5964782,51.4517455],[-2.5965068,51.4517774],[-2.5965786,51.4518414],[-2.5966349,51.4519123]]}},{"type":"Feature","properties":{"osm_id":177212284,"name":"Prince Street","corridor":"MetroBus m1"},"geometry":{"type":"LineString","coordinates":[[-2.5963309,51.4514934],[-2.5963606,51.4515977],[-2.5963919,51.4516586]]}},{"type":"Feature","properties":{"osm_id":177212286,"name":"Prince Street","corridor":"MetroBus m1"},"geometry":{"type":"LineString","coordinates":[[-2.5963996,51.4509323],[-2.5964441,51.4509965],[-2.5963984,51.4511934],[-2.5963371,51.4514468],[-2.5963309,51.4514934]]}},{"type":"Feature","properties":{"osm_id":178180686,"name":"Prince Street","corridor":"MetroBus m1"},"geometry":{"type":"LineString","coordinates":[[-2.5966859,51.4499529],[-2.5966725,51.4500095],[-2.5966176,51.4502722],[-2.5965819,51.4504101],[-2.5965787,51.4504235],[-2.5965471,51.4505467],[-2.5964995,51.4506619],[-2.596465,51.4507531]]}},{"type":"Feature","properties":{"osm_id":180662478,"name":"Colston Avenue","corridor":"MetroBus m1"},"geometry":{"type":"LineString","coordinates":[[-2.5971354,51.4534895],[-2.5971192,51.4535786],[-2.5970935,51.4536383],[-2.5970742,51.4536832],[-2.5970183,51.4538089],[-2.5969837,51.4538865],[-2.5968655,51.4541522]]}},{"type":"Feature","properties":{"osm_id":436276197,"name":"Prince Street","corridor":"MetroBus m1"},"geometry":{"type":"LineString","coordinates":[[-2.5963919,51.4516586],[-2.5964303,51.4517156]]}},{"type":"Feature","properties":{"osm_id":561043839,"name":"Colston Avenue","corridor":"MetroBus m1"},"geometry":{"type":"LineString","coordinates":[[-2.5968005,51.4543234],[-2.5968111,51.454359],[-2.5968142,51.4543649],[-2.5968277,51.4543909],[-2.5968556,51.4544177],[-2.5968783,51.454432],[-2.5969247,51.4544495]]}},{"type":"Feature","properties":{"osm_id":562883782,"name":"Colston Avenue","corridor":"MetroBus m1"},"geometry":{"type":"LineString","coordinates":[[-2.596993,51.4545373],[-2.5969247,51.4544495]]}},{"type":"Feature","properties":{"osm_id":1381101905,"name":"Prince Street","corridor":"MetroBus m1"},"geometry":{"type":"LineString","coordinates":[[-2.596465,51.4507531],[-2.5964309,51.4508434],[-2.5963996,51.4509323]]}},{"type":"Feature","properties":{"osm_id":1411783299,"name":"Colston Avenue","ref":"A38","corridor":"MetroBus m1"},"geometry":{"type":"LineString","coordinates":[[-2.5966705,51.4550851],[-2.5964974,51.4552638],[-2.5964032,51.4553711]]}},{"type":"Feature","properties":{"osm_id":1413939798,"name":"Broad Quay","corridor":"MetroBus m1"},"geometry":{"type":"LineString","coordinates":[[-2.5971416,51.4534243],[-2.5971451,51.4533866],[-2.5971484,51.4532879],[-2.5971494,51.4530897],[-2.5971582,51.4528998],[-2.5971697,51.4526633]]}},{"type":"Feature","properties":{"osm_id":1470028837,"name":"Colston Avenue","corridor":"MetroBus m1"},"geometry":{"type":"LineString","coordinates":[[-2.5968655,51.4541522],[-2.5968208,51.4542527],[-2.5968005,51.4543234]]}},{"type":"Feature","properties":{"osm_id":4002732,"name":"Colston Avenue","ref":"A38","corridor":"MetroBus m1"},"geometry":{"type":"LineString","coordinates":[[-2.5964032,51.4553711],[-2.5963352,51.4555025],[-2.5962435,51.4557089],[-2.5961898,51.4558952],[-2.5961277,51.4561105]]}},{"type":"Feature","properties":{"osm_id":4002740,"name":"The Grove","corridor":"MetroBus m1"},"geometry":{"type":"LineString","coordinates":[[-2.5967952,51.4495254],[-2.5966567,51.4495184],[-2.5965351,51.4495122],[-2.5964491,51.4495079],[-2.5953098,51.4494301],[-2.5950648,51.4494132],[-2.5948614,51.4493993],[-2.5942065,51.4493553],[-2.594014,51.4493424],[-2.5937565,51.4493251],[-2.5936092,51.4493152],[-2.5935207,51.4493107],[-2.59333,51.4493039],[-2.5931056,51.4493109],[-2.5930094,51.4493304],[-2.5929416,51.4493581],[-2.5928915,51.4494202],[-2.5928492,51.4494779],[-2.5928141,51.4495094],[-2.5927494,51.4495429]]}},{"type":"Feature","properties":{"osm_id":202761561,"name":"Lewins Mead","ref":"A38","corridor":"MetroBus m1"},"geometry":{"type":"LineString","coordinates":[[-2.5954039,51.4571877],[-2.5952744,51.4572636],[-2.5951546,51.4573199]]}},{"type":"Feature","properties":{"osm_id":42878554,"name":"Lewins Mead","ref":"A38","corridor":"MetroBus m1"},"geometry":{"type":"LineString","coordinates":[[-2.5959631,51.4566591],[-2.595783,51.4569252],[-2.5956528,51.4570287],[-2.5955704,51.4570867],[-2.5954039,51.4571877]]}},{"type":"Feature","properties":{"osm_id":177586092,"name":"Lewins Mead","ref":"A38","corridor":"MetroBus m1"},"geometry":{"type":"LineString","coordinates":[[-2.5961277,51.4561105],[-2.5960927,51.4562859]]}},{"type":"Feature","properties":{"osm_id":177586093,"name":"Lewins Mead","ref":"A38","corridor":"MetroBus m1"},"geometry":{"type":"LineString","coordinates":[[-2.5960368,51.4564769],[-2.5959631,51.4566591]]}},{"type":"Feature","properties":{"osm_id":1350940163,"name":"Lewins Mead","ref":"A38","corridor":"MetroBus m1"},"geometry":{"type":"LineString","coordinates":[[-2.5960927,51.4562859],[-2.5960368,51.4564769]]}},{"type":"Feature","properties":{"osm_id":25661547,"name":"Redcliffe Way","corridor":"MetroBus m1"},"geometry":{"type":"LineString","coordinates":[[-2.5924726,51.4495177],[-2.5926575,51.4495548]]}},{"type":"Feature","properties":{"osm_id":25661566,"name":"Redcliffe Way","corridor":"MetroBus m1"},"geometry":{"type":"LineString","coordinates":[[-2.5916358,51.4494072],[-2.5924726,51.4495177]]}},{"type":"Feature","properties":{"osm_id":1350947972,"name":"Redcliffe Way","corridor":"MetroBus m1"},"geometry":{"type":"LineString","coordinates":[[-2.5926575,51.4495548],[-2.5927494,51.4495429]]}},{"type":"Feature","properties":{"osm_id":1391922488,"name":"Redcliffe Way","corridor":"MetroBus m1"},"geometry":{"type":"LineString","coordinates":[[-2.5913674,51.4493726],[-2.5916358,51.4494072]]}},{"type":"Feature","properties":{"osm_id":3526935,"name":"Newfoundland Way","ref":"A4032","corridor":"MetroBus m1"},"geometry":{"type":"LineString","coordinates":[[-2.5829821,51.4602485],[-2.5826486,51.4603958],[-2.582468,51.4604658],[-2.5824038,51.4604908],[-2.5822928,51.4605368],[-2.5819001,51.460701],[-2.581826,51.4607342],[-2.5815743,51.4608523],[-2.5810677,51.4610935]]}},{"type":"Feature","properties":{"osm_id":365415331,"name":"Bond Street","ref":"A4044","corridor":"MetroBus m1"},"geometry":{"type":"LineString","coordinates":[[-2.5894382,51.4594019],[-2.5892123,51.4594016],[-2.589061,51.4594061],[-2.5889915,51.459406],[-2.5888748,51.4594074],[-2.5883261,51.4594346],[-2.5880591,51.4594324]]}},{"type":"Feature","properties":{"osm_id":3527220,"name":"Bond Street","ref":"A4044","corridor":"MetroBus m1"},"geometry":{"type":"LineString","coordinates":[[-2.5901682,51.4596839],[-2.5899505,51.4595861]]}},{"type":"Feature","properties":{"osm_id":3894321,"name":"The Haymarket","ref":"A38","corridor":"MetroBus m1"},"geometry":{"type":"LineString","coordinates":[[-2.5918544,51.4584371],[-2.5917573,51.4585511],[-2.591621,51.4586772],[-2.5915126,51.4587767],[-2.5914135,51.4588617],[-2.5913843,51.4588903],[-2.5913398,51.4589422],[-2.5913209,51.458968],[-2.5913044,51.4590141],[-2.5912945,51.4590419],[-2.5913194,51.45917]]}},{"type":"Feature","properties":{"osm_id":37283067,"name":"St James' Barton","ref":"A38","corridor":"MetroBus m1"},"geometry":{"type":"LineString","coordinates":[[-2.5914535,51.4594061],[-2.5914283,51.4594895],[-2.5913738,51.4595638],[-2.5912657,51.4596398]]}},{"type":"Feature","properties":{"osm_id":38696932,"name":"St James' Barton","ref":"A38","corridor":"MetroBus m1"},"geometry":{"type":"LineString","coordinates":[[-2.5913194,51.45917],[-2.5913822,51.4592607],[-2.5914535,51.4594061]]}},{"type":"Feature","properties":{"osm_id":39247608,"name":"The Haymarket","ref":"A38","corridor":"MetroBus m1"},"geometry":{"type":"LineString","coordinates":[[-2.5929344,51.4579162],[-2.5927608,51.4579417]]}},{"type":"Feature","properties":{"osm_id":159023238,"name":"Lower Maudlin Street","ref":"A38","corridor":"MetroBus m1"},"geometry":{"type":"LineString","coordinates":[[-2.5927608,51.4579417],[-2.5926219,51.4579613]]}},{"type":"Feature","properties":{"osm_id":202755223,"name":"St James' Barton","ref":"A38","corridor":"MetroBus m1"},"geometry":{"type":"LineString","coordinates":[[-2.5903723,51.4598031],[-2.5901682,51.4596839]]}},{"type":"Feature","properties":{"osm_id":202755224,"name":"St James' Barton","ref":"A38","corridor":"MetroBus m1"},"geometry":{"type":"LineString","coordinates":[[-2.5909588,51.4597523],[-2.5907513,51.4598148],[-2.5907039,51.4598269],[-2.5906121,51.4598411],[-2.5904855,51.459834]]}},{"type":"Feature","properties":{"osm_id":203007433,"name":"Lewins Mead","ref":"A38","corridor":"MetroBus m1"},"geometry":{"type":"LineString","coordinates":[[-2.5934442,51.4578066],[-2.5930905,51.4578869],[-2.5930787,51.4578894],[-2.5930269,51.4579005],[-2.5929344,51.4579162]]}},{"type":"Feature","properties":{"osm_id":203022643,"name":"Bond Street","ref":"A4044","corridor":"MetroBus m1"},"geometry":{"type":"LineString","coordinates":[[-2.5899505,51.4595861],[-2.5898529,51.4595266],[-2.5897076,51.4594548],[-2.5895881,51.4594213],[-2.5894382,51.4594019]]}},{"type":"Feature","properties":{"osm_id":203035036,"name":"St James' Barton","ref":"A38","corridor":"MetroBus m1"},"geometry":{"type":"LineString","coordinates":[[-2.5912657,51.4596398],[-2.5909588,51.4597523]]}},{"type":"Feature","properties":{"osm_id":217597694,"name":"The Haymarket","ref":"A38","corridor":"MetroBus m1"},"geometry":{"type":"LineString","coordinates":[[-2.5926219,51.4579613],[-2.5924816,51.4579923],[-2.5923851,51.458022],[-2.5922957,51.458058],[-2.592226,51.4581008],[-2.5918544,51.4584371]]}},{"type":"Feature","properties":{"osm_id":1414930796,"name":"St James' Barton","ref":"A38","corridor":"MetroBus m1"},"geometry":{"type":"LineString","coordinates":[[-2.5904855,51.459834],[-2.5903723,51.4598031]]}},{"type":"Feature","properties":{"osm_id":1507813413,"name":"Lewins Mead","ref":"A38","corridor":"MetroBus m1"},"geometry":{"type":"LineString","coordinates":[[-2.5951546,51.4573199],[-2.595024,51.4573791],[-2.5948231,51.4574456],[-2.5939967,51.457662]]}},{"type":"Feature","properties":{"osm_id":1507883920,"name":"Lewins Mead","ref":"A38","corridor":"MetroBus m1"},"geometry":{"type":"LineString","coordinates":[[-2.5939967,51.457662],[-2.5934442,51.4578066]]}},{"type":"Feature","properties":{"osm_id":3526938,"name":"Newfoundland Circus","corridor":"MetroBus m1"},"geometry":{"type":"LineString","coordinates":[[-2.5840666,51.4597591],[-2.583973,51.4597986],[-2.5839068,51.4598285],[-2.5829821,51.4602485]]}},{"type":"Feature","properties":{"osm_id":194944269,"name":"Bond Street","ref":"A4044","corridor":"MetroBus m1"},"geometry":{"type":"LineString","coordinates":[[-2.5872066,51.4594245],[-2.5871216,51.4594191],[-2.5870536,51.459414],[-2.5868767,51.459397],[-2.586292,51.4593265],[-2.5860495,51.4593033],[-2.5858336,51.4592919],[-2.5856308,51.4592966],[-2.5854224,51.4593165],[-2.5851942,51.4593633],[-2.5851593,51.4593728],[-2.5851025,51.4593896],[-2.584881,51.4594595],[-2.5846506,51.4595323],[-2.5842706,51.4596736],[-2.5842083,51.4596995]]}},{"type":"Feature","properties":{"osm_id":203022640,"name":"Bond Street","ref":"A4044","corridor":"MetroBus m1"},"geometry":{"type":"LineString","coordinates":[[-2.5880591,51.4594324],[-2.5879326,51.4594344],[-2.5875018,51.4594339],[-2.5872066,51.4594245]]}},{"type":"Feature","properties":{"osm_id":382884738,"name":"Bond Street","ref":"A4044","corridor":"MetroBus m1"},"geometry":{"type":"LineString","coordinates":[[-2.5842083,51.4596995],[-2.5840666,51.4597591]]}},{"type":"Feature","properties":{"osm_id":692191935,"name":"Newfoundland Way","ref":"A4032","corridor":"MetroBus m1"},"geometry":{"type":"LineString","coordinates":[[-2.5810677,51.4610935],[-2.5806492,51.4613622],[-2.5777684,51.463785]]}},{"type":"Feature","properties":{"osm_id":3509256,"ref":"M32","corridor":"MetroBus m1"},"geometry":{"type":"LineString","coordinates":[[-2.5746515,51.4663661],[-2.574072,51.4667472],[-2.573427,51.4670595],[-2.5729572,51.467251],[-2.5722447,51.4674759],[-2.5709629,51.4678469],[-2.5701141,51.4680814],[-2.5696745,51.4682235],[-2.5689386,51.4684956],[-2.5685049,51.4686771],[-2.5675719,51.4691193]]}},{"type":"Feature","properties":{"osm_id":4828416,"ref":"M32","corridor":"MetroBus m1"},"geometry":{"type":"LineString","coordinates":[[-2.5777684,51.463785],[-2.5769379,51.4644622],[-2.5766439,51.4647122],[-2.575492,51.4656919],[-2.5750354,51.4660678],[-2.5746515,51.4663661]]}},{"type":"Feature","properties":{"osm_id":133391622,"ref":"M32","corridor":"MetroBus m1"},"geometry":{"type":"LineString","coordinates":[[-2.5639513,51.4713176],[-2.56338,51.471727],[-2.5627685,51.4722328],[-2.5621202,51.4728729],[-2.5618727,51.4731594],[-2.5616653,51.4734295],[-2.5614059,51.4737819],[-2.5611621,51.4741738],[-2.5609194,51.4746356],[-2.5607899,51.4749203],[-2.5605771,51.4755324],[-2.5603966,51.4762429],[-2.560346,51.4768192],[-2.5603545,51.4776025],[-2.5603808,51.4779576]]}},{"type":"Feature","properties":{"osm_id":24038204,"ref":"M32","corridor":"MetroBus m1"},"geometry":{"type":"LineString","coordinates":[[-2.5675719,51.4691193],[-2.5666225,51.4696675],[-2.5662598,51.4698883],[-2.5659364,51.4700812],[-2.5642376,51.4711409],[-2.5639513,51.4713176]]}},{"type":"Feature","properties":{"osm_id":19206391,"ref":"M32","corridor":"MetroBus m1"},"geometry":{"type":"LineString","coordinates":[[-2.5604364,51.4784234],[-2.5604776,51.4790284]]}},{"type":"Feature","properties":{"osm_id":84192334,"ref":"M32","corridor":"MetroBus m1"},"geometry":{"type":"LineString","coordinates":[[-2.5605428,51.4799979],[-2.5605422,51.4807013],[-2.5604894,51.4811236],[-2.5604034,51.4814694]]}},{"type":"Feature","properties":{"osm_id":817515524,"ref":"M32","corridor":"MetroBus m1"},"geometry":{"type":"LineString","coordinates":[[-2.5603808,51.4779576],[-2.5603853,51.4779953],[-2.5604364,51.4784234]]}},{"type":"Feature","properties":{"osm_id":1318890164,"ref":"M32","corridor":"MetroBus m1"},"geometry":{"type":"LineString","coordinates":[[-2.5604776,51.4790284],[-2.5605428,51.4799979]]}},{"type":"Feature","properties":{"osm_id":24038201,"ref":"M32","corridor":"MetroBus m1"},"geometry":{"type":"LineString","coordinates":[[-2.5604034,51.4814694],[-2.5600975,51.4822888],[-2.5598401,51.4827856],[-2.5595399,51.4832455],[-2.5590614,51.4838075],[-2.558737,51.4841401],[-2.5582851,51.484544],[-2.5576499,51.4850424],[-2.5571937,51.4853359]]}},{"type":"Feature","properties":{"osm_id":1284859793,"ref":"M32","corridor":"MetroBus m1"},"geometry":{"type":"LineString","coordinates":[[-2.5571937,51.4853359],[-2.5564401,51.4857642],[-2.5558476,51.4860575],[-2.5508673,51.4884399],[-2.5444891,51.4913522]]}},{"type":"Feature","properties":{"osm_id":1326058677,"ref":"M32","corridor":"MetroBus m1"},"geometry":{"type":"LineString","coordinates":[[-2.5444891,51.4913522],[-2.5440667,51.4915924],[-2.5431647,51.4920765]]}},{"type":"Feature","properties":{"osm_id":3416749,"name":"Coldharbour Lane","corridor":"MetroBus m1"},"geometry":{"type":"LineString","coordinates":[[-2.5447602,51.5026676],[-2.5447491,51.5026003],[-2.544631,51.5021739],[-2.5443607,51.5014242],[-2.5442289,51.5010617]]}},{"type":"Feature","properties":{"osm_id":170275603,"name":"Stoke Lane","corridor":"MetroBus m1"},"geometry":{"type":"LineString","coordinates":[[-2.5431531,51.4971089],[-2.54307,51.4969973],[-2.542973,51.4968398],[-2.542896,51.4967012],[-2.5428606,51.4966335],[-2.5427494,51.4964209],[-2.5427087,51.4963475],[-2.5426749,51.4962513]]}},{"type":"Feature","properties":{"osm_id":541768890,"corridor":"MetroBus m1"},"geometry":{"type":"LineString","coordinates":[[-2.5431647,51.4920765],[-2.5428684,51.4922239],[-2.5425387,51.4923877],[-2.541973,51.4926486],[-2.5414852,51.4928678],[-2.5412075,51.4929963],[-2.5410234,51.4930947],[-2.5408538,51.4932049],[-2.5407028,51.4933209],[-2.5405936,51.4934164],[-2.5404824,51.4935332],[-2.5403933,51.4936352],[-2.5402943,51.493725],[-2.5402185,51.4937685],[-2.5401136,51.4938033],[-2.5399988,51.4938208],[-2.5398869,51.4938251],[-2.5397843,51.493813],[-2.5396987,51.4937885],[-2.5396196,51.4937509]]}},{"type":"Feature","properties":{"osm_id":8145650,"corridor":"MetroBus m1"},"geometry":{"type":"LineString","coordinates":[[-2.5444279,51.5000726],[-2.5446505,51.5001178],[-2.5447011,51.5001282],[-2.5447541,51.5001367],[-2.5448131,51.5001404],[-2.5448598,51.5001364],[-2.5448959,51.5001283],[-2.5449293,51.5001173],[-2.5449612,51.5001035],[-2.5450099,51.5000762],[-2.5450511,51.5000466],[-2.5450829,51.5000158],[-2.5451063,51.4999847],[-2.5451163,51.4999652]]}},{"type":"Feature","properties":{"osm_id":8145651,"corridor":"MetroBus m1"},"geometry":{"type":"LineString","coordinates":[[-2.5452255,51.5003428],[-2.5451985,51.5003237],[-2.5451346,51.5002886],[-2.5450494,51.5002594],[-2.5449653,51.5002455],[-2.544928,51.500244],[-2.5448908,51.5002425],[-2.5447985,51.5002479],[-2.5447185,51.5002608],[-2.5446926,51.5002678],[-2.544622,51.5002946],[-2.5444785,51.5003621]]}},{"type":"Feature","properties":{"osm_id":58282267,"name":"Coldharbour Lane","corridor":"MetroBus m1"},"geometry":{"type":"LineString","coordinates":[[-2.5444125,51.5004251],[-2.544266,51.5006259],[-2.5442457,51.5006619],[-2.5442358,51.5006892],[-2.5442236,51.5007271],[-2.5442197,51.500759],[-2.5442244,51.500823],[-2.5442289,51.5010617]]}},{"type":"Feature","properties":{"osm_id":170269651,"name":"Stoke Lane","corridor":"MetroBus m1"},"geometry":{"type":"LineString","coordinates":[[-2.5437011,51.4978428],[-2.5436432,51.4977192]]}},{"type":"Feature","properties":{"osm_id":170269654,"name":"Stoke Lane","corridor":"MetroBus m1"},"geometry":{"type":"LineString","coordinates":[[-2.5439421,51.4996143],[-2.5440004,51.4997279],[-2.5440494,51.4997898],[-2.5440971,51.499839],[-2.5441513,51.4998829],[-2.5442181,51.4999365],[-2.5443295,51.5000144]]}},{"type":"Feature","properties":{"osm_id":170269661,"name":"Stoke Lane","corridor":"MetroBus m1"},"geometry":{"type":"LineString","coordinates":[[-2.5439421,51.4996143],[-2.5439259,51.4992252],[-2.5438907,51.4985536],[-2.5438815,51.4984893]]}},{"type":"Feature","properties":{"osm_id":179716098,"name":"Stoke Lane","corridor":"MetroBus m1"},"geometry":{"type":"LineString","coordinates":[[-2.5438815,51.4984893],[-2.5438694,51.4984287],[-2.5438413,51.4982649],[-2.5438023,51.4981066],[-2.5437612,51.4979861],[-2.5437011,51.4978428]]}},{"type":"Feature","properties":{"osm_id":203032221,"corridor":"MetroBus m1"},"geometry":{"type":"LineString","coordinates":[[-2.5444785,51.5003621],[-2.5444125,51.5004251]]}},{"type":"Feature","properties":{"osm_id":713785184,"name":"Stoke Lane","corridor":"MetroBus m1"},"geometry":{"type":"LineString","coordinates":[[-2.5436432,51.4977192],[-2.54348,51.4974945]]}},{"type":"Feature","properties":{"osm_id":722624579,"name":"Stoke Lane","corridor":"MetroBus m1"},"geometry":{"type":"LineString","coordinates":[[-2.54348,51.4974945],[-2.5433153,51.4972946],[-2.5431531,51.4971089]]}},{"type":"Feature","properties":{"osm_id":837084750,"corridor":"MetroBus m1"},"geometry":{"type":"LineString","coordinates":[[-2.5457664,51.4992966],[-2.5458352,51.4994275],[-2.5458674,51.4995095],[-2.5460118,51.5000204],[-2.5460389,51.5001162],[-2.5460464,51.5001608],[-2.5460759,51.5003352]]}},{"type":"Feature","properties":{"osm_id":988396758,"corridor":"MetroBus m1"},"geometry":{"type":"LineString","coordinates":[[-2.5451163,51.4999652],[-2.5451253,51.4999272],[-2.5451218,51.4998935],[-2.5450355,51.4995683],[-2.544927,51.4991938],[-2.544934,51.4991549],[-2.544955,51.4991176],[-2.5449846,51.4990831],[-2.5450295,51.4990433],[-2.545083,51.4990134],[-2.5451421,51.4989906],[-2.5452046,51.4989746],[-2.5452647,51.4989656],[-2.5453441,51.4989621],[-2.5454188,51.4989694],[-2.545496,51.4989852],[-2.5455676,51.499008],[-2.5456461,51.4990487]]}},{"type":"Feature","properties":{"osm_id":998884629,"corridor":"MetroBus m1"},"geometry":{"type":"LineString","coordinates":[[-2.5453583,51.5005449],[-2.5453216,51.5005151],[-2.5452954,51.5004787],[-2.5452707,51.5004203],[-2.5452407,51.5003602],[-2.5452255,51.5003428]]}},{"type":"Feature","properties":{"osm_id":998884630,"corridor":"MetroBus m1"},"geometry":{"type":"LineString","coordinates":[[-2.5456226,51.5006382],[-2.5455263,51.500619],[-2.545449,51.5005913],[-2.5453583,51.5005449]]}},{"type":"Feature","properties":{"osm_id":1284859794,"corridor":"MetroBus m1"},"geometry":{"type":"LineString","coordinates":[[-2.5460759,51.5003352],[-2.5460847,51.5003909],[-2.5460741,51.5004334],[-2.5460374,51.500499],[-2.5459809,51.500554],[-2.5459324,51.5005893],[-2.5458636,51.5006179],[-2.5457717,51.5006347],[-2.5456835,51.5006393],[-2.5456226,51.5006382]]}},{"type":"Feature","properties":{"osm_id":1350947973,"corridor":"MetroBus m1"},"geometry":{"type":"LineString","coordinates":[[-2.5456461,51.4990487],[-2.5456876,51.4990899],[-2.5457093,51.4991261],[-2.5457664,51.4992966]]}},{"type":"Feature","properties":{"osm_id":1377773516,"corridor":"MetroBus m1"},"geometry":{"type":"LineString","coordinates":[[-2.5443295,51.5000144],[-2.5444279,51.5000726]]}},{"type":"Feature","properties":{"osm_id":22731548,"name":"Stoke Lane","corridor":"MetroBus m1"},"geometry":{"type":"LineString","coordinates":[[-2.5418621,51.4928306],[-2.5416333,51.4922378]]}},{"type":"Feature","properties":{"osm_id":22731550,"name":"Stoke Lane","corridor":"MetroBus m1"},"geometry":{"type":"LineString","coordinates":[[-2.5416333,51.4922378],[-2.5414847,51.4918609],[-2.5413295,51.4916156],[-2.5411077,51.4913711],[-2.5409143,51.4911862]]}},{"type":"Feature","properties":{"osm_id":541768884,"corridor":"MetroBus m1"},"geometry":{"type":"LineString","coordinates":[[-2.5400558,51.4912622],[-2.5399313,51.4913086],[-2.5397882,51.491356],[-2.539606,51.4914072],[-2.5394169,51.4914549],[-2.5391645,51.4915074],[-2.5388813,51.4915594],[-2.5387402,51.4915856],[-2.5385809,51.4916193],[-2.5384731,51.4916487],[-2.5384326,51.4916622],[-2.5383975,51.4916756],[-2.5383452,51.4917054],[-2.5382967,51.4917424],[-2.5382576,51.4917852]]}},{"type":"Feature","properties":{"osm_id":541768888,"corridor":"MetroBus m1"},"geometry":{"type":"LineString","coordinates":[[-2.5392708,51.4934933],[-2.5390963,51.4933606],[-2.5389586,51.493257],[-2.538886,51.4931953],[-2.5388345,51.4931306],[-2.5388062,51.4930671],[-2.5388019,51.4929999],[-2.5388018,51.4928991],[-2.5387957,51.4928156],[-2.5387811,51.4926888],[-2.5387561,51.4925685],[-2.5387224,51.4924563],[-2.538673,51.4923432],[-2.5386079,51.4922169],[-2.5385515,51.4921315],[-2.5384867,51.4920416],[-2.5384265,51.4919664],[-2.5383716,51.4919085],[-2.5383237,51.4918682],[-2.5382921,51.4918338],[-2.5382576,51.4917852]]}},{"type":"Feature","properties":{"osm_id":541768889,"corridor":"MetroBus m1"},"geometry":{"type":"LineString","coordinates":[[-2.5396196,51.4937509],[-2.5392708,51.4934933]]}},{"type":"Feature","properties":{"osm_id":693613894,"name":"Stoke Lane","corridor":"MetroBus m1"},"geometry":{"type":"LineString","coordinates":[[-2.5409143,51.4911862],[-2.5407305,51.4910167]]}},{"type":"Feature","properties":{"osm_id":693613896,"corridor":"MetroBus m1"},"geometry":{"type":"LineString","coordinates":[[-2.5407305,51.4910167],[-2.5400558,51.4912622]]}},{"type":"Feature","properties":{"osm_id":440929922,"name":"Stoke Lane","corridor":"MetroBus m1"},"geometry":{"type":"LineString","coordinates":[[-2.5424232,51.4953837],[-2.5424125,51.4951768],[-2.5424164,51.4947571],[-2.5424058,51.4946114],[-2.5423857,51.4944764],[-2.5423043,51.4941613],[-2.5420938,51.4935628],[-2.5419669,51.4931806],[-2.5419029,51.4929578],[-2.5418621,51.4928306]]}},{"type":"Feature","properties":{"osm_id":133145243,"name":"Stoke Lane","corridor":"MetroBus m1"},"geometry":{"type":"LineString","coordinates":[[-2.5425094,51.4957951],[-2.5424694,51.4956378],[-2.5424232,51.4953837]]}},{"type":"Feature","properties":{"osm_id":440929923,"name":"Stoke Lane","corridor":"MetroBus m1"},"geometry":{"type":"LineString","coordinates":[[-2.5426749,51.4962513],[-2.5426135,51.4960821],[-2.5425751,51.4959761],[-2.5425094,51.4957951]]}},{"type":"Feature","properties":{"osm_id":326839641,"name":"Pegasus Road","corridor":"MetroBus m1"},"geometry":{"type":"LineString","coordinates":[[-2.5941334,51.5267589],[-2.5942093,51.5267728],[-2.5943283,51.5267931],[-2.5944323,51.5268114],[-2.5945241,51.5268298],[-2.5946799,51.5268691],[-2.5948321,51.5269114],[-2.5949552,51.5269541],[-2.5950676,51.5269979],[-2.5951607,51.5270408],[-2.5952475,51.5270863],[-2.5953505,51.5271422],[-2.5955053,51.5272441],[-2.5955371,51.5272653],[-2.59565,51.5273394]]}},{"type":"Feature","properties":{"osm_id":83897694,"corridor":"MetroBus m1"},"geometry":{"type":"LineString","coordinates":[[-2.59565,51.5273394],[-2.5957409,51.5272917]]}},{"type":"Feature","properties":{"osm_id":1458314805,"corridor":"MetroBus m1"},"geometry":{"type":"LineString","coordinates":[[-2.5958738,51.5270866],[-2.5960067,51.5269253],[-2.5961306,51.526775],[-2.5962675,51.5266089]]}},{"type":"Feature","properties":{"osm_id":1458314806,"corridor":"MetroBus m1"},"geometry":{"type":"LineString","coordinates":[[-2.5966235,51.526584],[-2.5966483,51.5266028],[-2.5966669,51.5266216],[-2.596677,51.5266465],[-2.5966762,51.526669],[-2.5966677,51.5266863],[-2.5966569,51.5266973],[-2.5966377,51.5267107],[-2.5966076,51.5267299],[-2.5965876,51.5267442],[-2.5965663,51.5267669],[-2.5963805,51.5269952]]}},{"type":"Feature","properties":{"osm_id":1526494758,"corridor":"MetroBus m1"},"geometry":{"type":"LineString","coordinates":[[-2.5957409,51.5272917],[-2.5957519,51.52724],[-2.5957609,51.5272237],[-2.5958738,51.5270866]]}},{"type":"Feature","properties":{"osm_id":1526494759,"corridor":"MetroBus m1"},"geometry":{"type":"LineString","coordinates":[[-2.5962675,51.5266089],[-2.5963112,51.5265556],[-2.596327,51.5265394],[-2.5963465,51.5265312],[-2.5963783,51.5265246],[-2.5964199,51.5265224],[-2.5964505,51.5265272],[-2.5964721,51.5265306],[-2.5965367,51.5265466],[-2.5965889,51.5265659],[-2.5966235,51.526584]]}},{"type":"Feature","properties":{"osm_id":139822593,"name":"Highwood Lane","corridor":"MetroBus m1"},"geometry":{"type":"LineString","coordinates":[[-2.5886378,51.5253172],[-2.5888403,51.5254861],[-2.5890396,51.5256359]]}},{"type":"Feature","properties":{"osm_id":366950481,"name":"Highwood Road","corridor":"MetroBus m1"},"geometry":{"type":"LineString","coordinates":[[-2.5863094,51.5269272],[-2.5861873,51.5270109],[-2.5856857,51.5273222],[-2.5853424,51.5275302],[-2.5849946,51.5277305],[-2.5847172,51.5278819],[-2.584444,51.5280231],[-2.5841493,51.5281707],[-2.5838588,51.5283107],[-2.5835828,51.5284412],[-2.5833434,51.5285464],[-2.5831424,51.5286347],[-2.5829515,51.5287154],[-2.5823803,51.528945],[-2.5820239,51.5290813],[-2.5817408,51.5291898],[-2.5809303,51.529463],[-2.5806074,51.529567],[-2.5802845,51.5296644],[-2.5799592,51.5297563],[-2.5796267,51.5298459],[-2.5789229,51.5300296],[-2.5782009,51.530218],[-2.5778021,51.5303207],[-2.5776505,51.5303601]]}},{"type":"Feature","properties":{"osm_id":3532877,"corridor":"MetroBus m1"},"geometry":{"type":"LineString","coordinates":[[-2.5917622,51.5260001],[-2.5911501,51.5259427],[-2.5909996,51.5259285],[-2.5908671,51.5259161],[-2.590468,51.5258766],[-2.5902075,51.5258488],[-2.589702,51.5257894],[-2.5892474,51.525711],[-2.5891818,51.5256954],[-2.5890814,51.5256592]]}},{"type":"Feature","properties":{"osm_id":4898488,"corridor":"MetroBus m1"},"geometry":{"type":"LineString","coordinates":[[-2.5931506,51.526211],[-2.5930718,51.5261552],[-2.592985,51.5261042],[-2.5928795,51.5260517],[-2.5928097,51.5260233]]}},{"type":"Feature","properties":{"osm_id":200636733,"corridor":"MetroBus m1"},"geometry":{"type":"LineString","coordinates":[[-2.592396,51.5258661],[-2.5926273,51.5259482],[-2.5928097,51.5260233]]}},{"type":"Feature","properties":{"osm_id":202758351,"corridor":"MetroBus m1"},"geometry":{"type":"LineString","coordinates":[[-2.5921189,51.5259087],[-2.592162,51.5258673]]}},{"type":"Feature","properties":{"osm_id":244467458,"corridor":"MetroBus m1"},"geometry":{"type":"LineString","coordinates":[[-2.5931506,51.526211],[-2.5932509,51.5262585],[-2.5932988,51.5262788],[-2.5933539,51.5263005],[-2.5934131,51.5263197],[-2.5935602,51.5263585]]}},{"type":"Feature","properties":{"osm_id":291823626,"corridor":"MetroBus m1"},"geometry":{"type":"LineString","coordinates":[[-2.5917622,51.5260001],[-2.5919111,51.5259749],[-2.5920291,51.5259409],[-2.5921189,51.5259087]]}},{"type":"Feature","properties":{"osm_id":326839639,"name":"Pegasus Road","corridor":"MetroBus m1"},"geometry":{"type":"LineString","coordinates":[[-2.5937526,51.5264872],[-2.5937894,51.52654],[-2.5938228,51.5265848],[-2.593861,51.5266311],[-2.5938981,51.5266751]]}},{"type":"Feature","properties":{"osm_id":1229462590,"name":"Pegasus Road","corridor":"MetroBus m1"},"geometry":{"type":"LineString","coordinates":[[-2.5938981,51.5266751],[-2.5939788,51.52671],[-2.5940271,51.5267297],[-2.5940821,51.5267469],[-2.5941334,51.5267589]]}},{"type":"Feature","properties":{"osm_id":1340624020,"corridor":"MetroBus m1"},"geometry":{"type":"LineString","coordinates":[[-2.5890814,51.5256592],[-2.5890396,51.5256359]]}},{"type":"Feature","properties":{"osm_id":1458314820,"corridor":"MetroBus m1"},"geometry":{"type":"LineString","coordinates":[[-2.592162,51.5258673],[-2.5922114,51.5258468],[-2.5922736,51.5258379],[-2.5923324,51.525843],[-2.5923591,51.5258527]]}},{"type":"Feature","properties":{"osm_id":1458314821,"corridor":"MetroBus m1"},"geometry":{"type":"LineString","coordinates":[[-2.5923591,51.5258527],[-2.592396,51.5258661]]}},{"type":"Feature","properties":{"osm_id":1458314827,"corridor":"MetroBus m1"},"geometry":{"type":"LineString","coordinates":[[-2.5935602,51.5263585],[-2.5935988,51.5263639]]}},{"type":"Feature","properties":{"osm_id":1458314828,"corridor":"MetroBus m1"},"geometry":{"type":"LineString","coordinates":[[-2.5935988,51.5263639],[-2.5936682,51.5263867],[-2.5937205,51.5264232]]}},{"type":"Feature","properties":{"osm_id":1458314829,"corridor":"MetroBus m1"},"geometry":{"type":"LineString","coordinates":[[-2.5937205,51.5264232],[-2.5937429,51.526454],[-2.5937526,51.5264872]]}},{"type":"Feature","properties":{"osm_id":145246806,"name":"Highwood Road","corridor":"MetroBus m1"},"geometry":{"type":"LineString","coordinates":[[-2.5879278,51.5256935],[-2.5879027,51.525716],[-2.5875391,51.5260383],[-2.5873138,51.5262205],[-2.5864854,51.5268025],[-2.5863094,51.5269272]]}},{"type":"Feature","properties":{"osm_id":312152848,"name":"Highwood Road","corridor":"MetroBus m1"},"geometry":{"type":"LineString","coordinates":[[-2.5879278,51.5256935],[-2.5880209,51.5255594],[-2.5880739,51.5253708]]}},{"type":"Feature","properties":{"osm_id":1458314833,"corridor":"MetroBus m1"},"geometry":{"type":"LineString","coordinates":[[-2.5880739,51.5253708],[-2.5880695,51.5253129],[-2.588101,51.5252502]]}},{"type":"Feature","properties":{"osm_id":1458314834,"corridor":"MetroBus m1"},"geometry":{"type":"LineString","coordinates":[[-2.588101,51.5252502],[-2.5881471,51.5252105],[-2.588218,51.5251813],[-2.5882519,51.5251674],[-2.5883346,51.5251562]]}},{"type":"Feature","properties":{"osm_id":1458314835,"corridor":"MetroBus m1"},"geometry":{"type":"LineString","coordinates":[[-2.5883346,51.5251562],[-2.588406,51.5251589],[-2.5884972,51.52518],[-2.5885486,51.5252038],[-2.5885899,51.525234],[-2.5886257,51.5252799]]}},{"type":"Feature","properties":{"osm_id":1458314836,"corridor":"MetroBus m1"},"geometry":{"type":"LineString","coordinates":[[-2.5886257,51.5252799],[-2.5886378,51.5253172]]}},{"type":"Feature","properties":{"osm_id":297037777,"name":"Highwood Road","corridor":"MetroBus m1"},"geometry":{"type":"LineString","coordinates":[[-2.5759641,51.5306489],[-2.5761572,51.5306003],[-2.5771175,51.5303517],[-2.5772435,51.5303195],[-2.5773721,51.5302866],[-2.5774654,51.530264]]}},{"type":"Feature","properties":{"osm_id":308143170,"name":"Highwood Road","corridor":"MetroBus m1"},"geometry":{"type":"LineString","coordinates":[[-2.5774654,51.530264],[-2.5776505,51.5303601]]}},{"type":"Feature","properties":{"osm_id":3787744,"corridor":"MetroBus m1"},"geometry":{"type":"LineString","coordinates":[[-2.5693388,51.5327851],[-2.5692904,51.532814],[-2.5692548,51.5328352]]}},{"type":"Feature","properties":{"osm_id":4357611,"corridor":"MetroBus m1"},"geometry":{"type":"LineString","coordinates":[[-2.5693388,51.5327851],[-2.5694808,51.5326738],[-2.5695819,51.5325289],[-2.56964,51.5324456]]}},{"type":"Feature","properties":{"osm_id":145246809,"name":"Highwood Road","corridor":"MetroBus m1"},"geometry":{"type":"LineString","coordinates":[[-2.5701709,51.5322243],[-2.5702586,51.5322059],[-2.5703423,51.5321866],[-2.5704498,51.5321537],[-2.5705141,51.5321298],[-2.5705595,51.5321129],[-2.5709373,51.531975],[-2.5711477,51.5319106],[-2.5713703,51.5318481],[-2.57164,51.5317737],[-2.5748087,51.5309494]]}},{"type":"Feature","properties":{"osm_id":1065747423,"corridor":"MetroBus m1"},"geometry":{"type":"LineString","coordinates":[[-2.5696693,51.5323637],[-2.5697342,51.5322974],[-2.5698256,51.5322481],[-2.5699788,51.5322127]]}},{"type":"Feature","properties":{"osm_id":1278516091,"corridor":"MetroBus m1"},"geometry":{"type":"LineString","coordinates":[[-2.56964,51.5324456],[-2.5696595,51.5323912],[-2.5696693,51.5323637]]}},{"type":"Feature","properties":{"osm_id":1278516092,"corridor":"MetroBus m1"},"geometry":{"type":"LineString","coordinates":[[-2.5699788,51.5322127],[-2.5700384,51.53221],[-2.5701709,51.5322243]]}},{"type":"Feature","properties":{"osm_id":31012195,"corridor":"MetroBus m1"},"geometry":{"type":"LineString","coordinates":[[-2.5692548,51.5328352],[-2.5687025,51.5332387]]}},{"type":"Feature","properties":{"osm_id":308782618,"name":"Highwood Road","corridor":"MetroBus m1"},"geometry":{"type":"LineString","coordinates":[[-2.5748087,51.5309494],[-2.5757899,51.5306942],[-2.5759641,51.5306489]]}},{"type":"Feature","properties":{"osm_id":4295501,"name":"Coldharbour Lane","corridor":"MetroBus m1"},"geometry":{"type":"LineString","coordinates":[[-2.5447602,51.5026676],[-2.544861,51.503054],[-2.5448689,51.5032866],[-2.5448655,51.503437],[-2.5448591,51.5035843],[-2.5447891,51.5038626],[-2.5447553,51.5040196],[-2.544721,51.5041409],[-2.5446821,51.5042601],[-2.5446566,51.5043583],[-2.5446381,51.5044407],[-2.5446318,51.5045736],[-2.5446376,51.5046391],[-2.5446422,51.5046807],[-2.5446487,51.5047537]]}},{"type":"Feature","properties":{"osm_id":224420661,"corridor":"MetroBus m1"},"geometry":{"type":"LineString","coordinates":[[-2.5446487,51.5047537],[-2.5446457,51.504802],[-2.5446294,51.5048438]]}},{"type":"Feature","properties":{"osm_id":887022152,"corridor":"MetroBus m1"},"geometry":{"type":"LineString","coordinates":[[-2.5446294,51.5048438],[-2.5446088,51.5048623],[-2.5445365,51.504899],[-2.5444811,51.5049228],[-2.5444216,51.5049465]]}},{"type":"Feature","properties":{"osm_id":887022156,"ref":"A4174","corridor":"MetroBus m1"},"geometry":{"type":"LineString","coordinates":[[-2.5444216,51.5049465],[-2.544183,51.5049723],[-2.5440154,51.5049914],[-2.5437605,51.5050237],[-2.5435198,51.505056],[-2.5430401,51.505129],[-2.5426758,51.5051912],[-2.5422699,51.5052665],[-2.5414976,51.5054222],[-2.5408567,51.5055567],[-2.5402766,51.505691],[-2.5396984,51.5058278]]}},{"type":"Feature","properties":{"osm_id":224420664,"name":"Rosedown Avenue","corridor":"MetroBus m1"},"geometry":{"type":"LineString","coordinates":[[-2.5396984,51.5058278],[-2.5392868,51.5059756],[-2.53917,51.506014],[-2.5390532,51.5060465],[-2.5387567,51.5061162],[-2.538554,51.5061642],[-2.5384866,51.5061863],[-2.5384352,51.5062083],[-2.5383503,51.506252]]}},{"type":"Feature","properties":{"osm_id":546866218,"name":"Rosedown Avenue","corridor":"MetroBus m1"},"geometry":{"type":"LineString","coordinates":[[-2.5383503,51.506252],[-2.5383177,51.5062817],[-2.5382841,51.506323],[-2.5382535,51.5063637],[-2.5381909,51.5064686]]}},{"type":"Feature","properties":{"osm_id":546866222,"name":"Rosedown Avenue","corridor":"MetroBus m1"},"geometry":{"type":"LineString","coordinates":[[-2.5381909,51.5064686],[-2.5382216,51.506616],[-2.5382293,51.5067068],[-2.5382274,51.5068151],[-2.5382165,51.5069382],[-2.5381913,51.5070437],[-2.5381037,51.5072714],[-2.5380234,51.5074557],[-2.5379351,51.5076337],[-2.5377818,51.5079382]]}},{"type":"Feature","properties":{"osm_id":591420728,"name":"Rosedown Avenue","corridor":"MetroBus m1"},"geometry":{"type":"LineString","coordinates":[[-2.5355989,51.509918],[-2.5357285,51.5098209],[-2.5358767,51.5097006],[-2.5361826,51.5094512],[-2.5365072,51.5091859],[-2.5368512,51.5088827],[-2.5369913,51.5087455]]}},{"type":"Feature","properties":{"osm_id":591424833,"name":"Rosedown Avenue","corridor":"MetroBus m1"},"geometry":{"type":"LineString","coordinates":[[-2.5300615,51.5117173],[-2.5298917,51.5118241],[-2.5298529,51.5118532],[-2.5298111,51.5118849],[-2.529752,51.5119291],[-2.5296383,51.5120194]]}},{"type":"Feature","properties":{"osm_id":1106526554,"name":"Rosedown Avenue","corridor":"MetroBus m1"},"geometry":{"type":"LineString","coordinates":[[-2.5377818,51.5079382],[-2.5376472,51.5081651]]}},{"type":"Feature","properties":{"osm_id":546866220,"name":"Rosedown Avenue","corridor":"MetroBus m1"},"geometry":{"type":"LineString","coordinates":[[-2.5376472,51.5081651],[-2.5375941,51.5082413],[-2.537541,51.5083108]]}},{"type":"Feature","properties":{"osm_id":591244649,"name":"Rosedown Avenue","corridor":"MetroBus m1"},"geometry":{"type":"LineString","coordinates":[[-2.537541,51.5083108],[-2.5374599,51.5084002],[-2.5374192,51.5084309],[-2.5371774,51.5085617]]}},{"type":"Feature","properties":{"osm_id":1491557658,"name":"Rosedown Avenue","corridor":"MetroBus m1"},"geometry":{"type":"LineString","coordinates":[[-2.5369913,51.5087455],[-2.5371774,51.5085617]]}},{"type":"Feature","properties":{"osm_id":531142226,"name":"Rosedown Avenue","corridor":"MetroBus m1"},"geometry":{"type":"LineString","coordinates":[[-2.5315601,51.5110854],[-2.5312202,51.5111864],[-2.531104,51.5112273],[-2.5310528,51.5112453],[-2.5309868,51.5112685],[-2.5307949,51.5113391]]}},{"type":"Feature","properties":{"osm_id":591420727,"name":"Rosedown Avenue","corridor":"MetroBus m1"},"geometry":{"type":"LineString","coordinates":[[-2.5353513,51.5100685],[-2.535432,51.5100242],[-2.5355412,51.5099572],[-2.5355989,51.509918]]}},{"type":"Feature","properties":{"osm_id":591424840,"name":"Rosedown Avenue","corridor":"MetroBus m1"},"geometry":{"type":"LineString","coordinates":[[-2.5338579,51.5105521],[-2.5342003,51.5104731],[-2.5344024,51.5104214],[-2.5346208,51.5103589],[-2.53482,51.5102932],[-2.5350121,51.5102198],[-2.5351863,51.5101475],[-2.5353513,51.5100685]]}},{"type":"Feature","properties":{"osm_id":1330414295,"name":"Rosedown Avenue","corridor":"MetroBus m1"},"geometry":{"type":"LineString","coordinates":[[-2.5306509,51.5113963],[-2.5305033,51.5114683]]}},{"type":"Feature","properties":{"osm_id":1330414303,"name":"Rosedown Avenue","corridor":"MetroBus m1"},"geometry":{"type":"LineString","coordinates":[[-2.532483,51.510839],[-2.5329881,51.5107376],[-2.5338579,51.5105521]]}},{"type":"Feature","properties":{"osm_id":1330414307,"name":"Rosedown Avenue","corridor":"MetroBus m1"},"geometry":{"type":"LineString","coordinates":[[-2.5305033,51.5114683],[-2.5303399,51.5115513],[-2.5300615,51.5117173]]}},{"type":"Feature","properties":{"osm_id":1330414309,"name":"Rosedown Avenue","corridor":"MetroBus m1"},"geometry":{"type":"LineString","coordinates":[[-2.5307949,51.5113391],[-2.5306509,51.5113963]]}},{"type":"Feature","properties":{"osm_id":1330414310,"name":"Rosedown Avenue","corridor":"MetroBus m1"},"geometry":{"type":"LineString","coordinates":[[-2.532483,51.510839],[-2.5321059,51.5109544],[-2.5315601,51.5110854]]}},{"type":"Feature","properties":{"osm_id":591617883,"name":"Rosedown Avenue","corridor":"MetroBus m1"},"geometry":{"type":"LineString","coordinates":[[-2.5294847,51.5165496],[-2.5293392,51.5164043],[-2.5292104,51.5162658],[-2.5290522,51.5160785],[-2.5288832,51.5158577],[-2.5287409,51.5156319],[-2.5286096,51.5153694],[-2.5285171,51.5151224],[-2.5284584,51.5149123],[-2.5284098,51.5146843],[-2.5283816,51.5144431]]}},{"type":"Feature","properties":{"osm_id":453033822,"name":"Rosedown Avenue","corridor":"MetroBus m1"},"geometry":{"type":"LineString","coordinates":[[-2.5283912,51.5141698],[-2.5284098,51.5139978],[-2.5284569,51.5137399],[-2.5285922,51.5133306],[-2.5286768,51.5131259],[-2.5288215,51.512869],[-2.5289422,51.5126829],[-2.5289867,51.5126194]]}},{"type":"Feature","properties":{"osm_id":531142224,"name":"Rosedown Avenue","corridor":"MetroBus m1"},"geometry":{"type":"LineString","coordinates":[[-2.5296383,51.5120194],[-2.5295337,51.5121037],[-2.5293682,51.5122628]]}},{"type":"Feature","properties":{"osm_id":549628690,"name":"Rosedown Avenue","corridor":"MetroBus m1"},"geometry":{"type":"LineString","coordinates":[[-2.5283816,51.5144431],[-2.5283912,51.5141698]]}},{"type":"Feature","properties":{"osm_id":591586726,"name":"Rosedown Avenue","corridor":"MetroBus m1"},"geometry":{"type":"LineString","coordinates":[[-2.5293682,51.5122628],[-2.5292301,51.5124095],[-2.5289867,51.5126194]]}},{"type":"Feature","properties":{"osm_id":95342998,"name":"Parkway North","corridor":"MetroBus m1"},"geometry":{"type":"LineString","coordinates":[[-2.5306139,51.5170891],[-2.5306261,51.5171647],[-2.5306063,51.5172243]]}},{"type":"Feature","properties":{"osm_id":1459873344,"name":"Parkway North","corridor":"MetroBus m1"},"geometry":{"type":"LineString","coordinates":[[-2.5301123,51.5169426],[-2.5301935,51.5169265],[-2.5302973,51.5169235],[-2.5304078,51.5169412]]}},{"type":"Feature","properties":{"osm_id":1459873345,"name":"Parkway North","corridor":"MetroBus m1"},"geometry":{"type":"LineString","coordinates":[[-2.5306063,51.5172243],[-2.530584,51.5172559],[-2.5305133,51.5173137]]}},{"type":"Feature","properties":{"osm_id":1459873347,"name":"Parkway North","corridor":"MetroBus m1"},"geometry":{"type":"LineString","coordinates":[[-2.5304078,51.5169412],[-2.5305454,51.5170062],[-2.5306139,51.5170891]]}},{"type":"Feature","properties":{"osm_id":3790166,"name":"Great Stoke Way","corridor":"MetroBus m1"},"geometry":{"type":"LineString","coordinates":[[-2.5305133,51.5173137],[-2.5305051,51.5174491],[-2.5305085,51.5175576],[-2.5306748,51.5182857],[-2.5308059,51.5188594],[-2.5310219,51.5199086],[-2.5311691,51.5208858],[-2.5311759,51.5209309],[-2.5311842,51.5210137],[-2.5312056,51.5210729],[-2.5312332,51.5211206],[-2.5312739,51.5211741],[-2.5313097,51.5212077],[-2.5313495,51.5212437]]}},{"type":"Feature","properties":{"osm_id":3791508,"name":"Bradley Stoke Way","corridor":"MetroBus m1"},"geometry":{"type":"LineString","coordinates":[[-2.5374084,51.5274083],[-2.5370271,51.5271889],[-2.5345829,51.5257826],[-2.5343489,51.525648]]}},{"type":"Feature","properties":{"osm_id":185368240,"name":"Rosedown Avenue","corridor":"MetroBus m1"},"geometry":{"type":"LineString","coordinates":[[-2.5296645,51.5167316],[-2.5297861,51.5168059],[-2.5298822,51.5168576],[-2.5299585,51.5168907],[-2.5301123,51.5169426]]}},{"type":"Feature","properties":{"osm_id":244467457,"name":"Webbs Wood","corridor":"MetroBus m1"},"geometry":{"type":"LineString","coordinates":[[-2.5379292,51.5275565],[-2.5380186,51.5275442],[-2.5381196,51.5275473],[-2.5382138,51.5275671],[-2.5382889,51.5275984],[-2.5383494,51.5276402],[-2.5383903,51.5276886],[-2.5384075,51.5277263]]}},{"type":"Feature","properties":{"osm_id":1183466354,"name":"Bradley Stoke Way","corridor":"MetroBus m1"},"geometry":{"type":"LineString","coordinates":[[-2.5374084,51.5274083],[-2.5375482,51.5274606],[-2.5375944,51.5274817],[-2.5376504,51.5275021],[-2.5377154,51.527521],[-2.5377785,51.5275344],[-2.5378623,51.5275479],[-2.5379292,51.5275565]]}},{"type":"Feature","properties":{"osm_id":3790162,"name":"Great Stoke","ref":"B4057","corridor":"MetroBus m1"},"geometry":{"type":"LineString","coordinates":[[-2.5314559,51.5216063],[-2.5314317,51.5216234]]}},{"type":"Feature","properties":{"osm_id":3791510,"name":"Bradley Stoke Way","corridor":"MetroBus m1"},"geometry":{"type":"LineString","coordinates":[[-2.5309967,51.5236487],[-2.5308792,51.5234695],[-2.5308374,51.5233323],[-2.5308248,51.5232994],[-2.5308125,51.5232225],[-2.5307933,51.5231288],[-2.5307869,51.5230356],[-2.5307937,51.522951],[-2.5308173,51.5228478],[-2.5308456,51.5227532],[-2.5310751,51.5222314]]}},{"type":"Feature","properties":{"osm_id":453033804,"name":"Bradley Stoke Way","corridor":"MetroBus m1"},"geometry":{"type":"LineString","coordinates":[[-2.5314317,51.5216234],[-2.5313477,51.5217644],[-2.5312893,51.5218672],[-2.5312654,51.5219182],[-2.5312449,51.5219618],[-2.5312048,51.5220391],[-2.5311157,51.5221328]]}},{"type":"Feature","properties":{"osm_id":1183466361,"name":"Bradley Stoke Way","corridor":"MetroBus m1"},"geometry":{"type":"LineString","coordinates":[[-2.5340172,51.525319],[-2.534071,51.5253872],[-2.534109,51.5254285],[-2.5341497,51.5254698],[-2.5341962,51.5255108],[-2.534279,51.525577],[-2.5343489,51.525648]]}},{"type":"Feature","properties":{"osm_id":1183466368,"name":"Bradley Stoke Way","corridor":"MetroBus m1"},"geometry":{"type":"LineString","coordinates":[[-2.5329219,51.5250145],[-2.5330372,51.5250626],[-2.5331341,51.5250921],[-2.5332346,51.5251183],[-2.5333066,51.5251329],[-2.5333763,51.5251454],[-2.5334474,51.5251538],[-2.533503,51.5251551]]}},{"type":"Feature","properties":{"osm_id":1183466375,"name":"Bradley Stoke Way","corridor":"MetroBus m1"},"geometry":{"type":"LineString","coordinates":[[-2.5329219,51.5250145],[-2.5326861,51.5248691],[-2.5325905,51.5248101],[-2.5317009,51.5243138]]}},{"type":"Feature","properties":{"osm_id":1183466376,"name":"Bradley Stoke Way","corridor":"MetroBus m1"},"geometry":{"type":"LineString","coordinates":[[-2.5310751,51.5222314],[-2.5311157,51.5221328]]}},{"type":"Feature","properties":{"osm_id":1183466377,"name":"Bradley Stoke Way","corridor":"MetroBus m1"},"geometry":{"type":"LineString","coordinates":[[-2.5317009,51.5243138],[-2.5314732,51.5241742],[-2.5313189,51.524061],[-2.5312018,51.5239301],[-2.531111,51.5238022],[-2.5310533,51.5237313],[-2.5309967,51.5236487]]}},{"type":"Feature","properties":{"osm_id":1459873332,"name":"Great Stoke","ref":"B4057","corridor":"MetroBus m1"},"geometry":{"type":"LineString","coordinates":[[-2.5313495,51.5212437],[-2.5313766,51.5212547]]}},{"type":"Feature","properties":{"osm_id":1459873333,"name":"Great Stoke","ref":"B4057","corridor":"MetroBus m1"},"geometry":{"type":"LineString","coordinates":[[-2.5313766,51.5212547],[-2.5314541,51.5212998],[-2.5315093,51.5213563],[-2.5315382,51.5214198],[-2.5315386,51.5214859],[-2.5315105,51.5215496],[-2.5314559,51.5216063]]}},{"type":"Feature","properties":{"osm_id":1470017817,"name":"Great Meadow","corridor":"MetroBus m1"},"geometry":{"type":"LineString","coordinates":[[-2.533503,51.5251551],[-2.5335952,51.5251376],[-2.5336915,51.5251355]]}},{"type":"Feature","properties":{"osm_id":1470017818,"name":"Great Meadow","corridor":"MetroBus m1"},"geometry":{"type":"LineString","coordinates":[[-2.5336915,51.5251355],[-2.5337818,51.5251482],[-2.5338641,51.5251745],[-2.5339333,51.5252128],[-2.533985,51.5252606]]}},{"type":"Feature","properties":{"osm_id":1470017819,"name":"Great Meadow","corridor":"MetroBus m1"},"geometry":{"type":"LineString","coordinates":[[-2.533985,51.5252606],[-2.5340172,51.525319]]}},{"type":"Feature","properties":{"osm_id":549628691,"name":"Rosedown Avenue","corridor":"MetroBus m1"},"geometry":{"type":"LineString","coordinates":[[-2.5296645,51.5167316],[-2.5294847,51.5165496]]}},{"type":"Feature","properties":{"osm_id":31012194,"corridor":"MetroBus m1"},"geometry":{"type":"LineString","coordinates":[[-2.568277,51.5338098],[-2.5683122,51.5337883],[-2.5683907,51.5337345],[-2.5684634,51.5336514],[-2.5685337,51.5335372],[-2.5685573,51.5334806],[-2.5685997,51.5334269]]}},{"type":"Feature","properties":{"osm_id":31012196,"corridor":"MetroBus m1"},"geometry":{"type":"LineString","coordinates":[[-2.5681541,51.5338771],[-2.5680758,51.5338889],[-2.5679634,51.5338956],[-2.5678591,51.5338975],[-2.5677628,51.5338956]]}},{"type":"Feature","properties":{"osm_id":202760233,"corridor":"MetroBus m1"},"geometry":{"type":"LineString","coordinates":[[-2.5666976,51.5342],[-2.5667192,51.5341464],[-2.5667479,51.534099],[-2.5667908,51.5340579],[-2.5668664,51.534018],[-2.5669911,51.5339587],[-2.5671276,51.5339209],[-2.5674195,51.5338902],[-2.5676031,51.5338908],[-2.5677628,51.5338956]]}},{"type":"Feature","properties":{"osm_id":1092494433,"corridor":"MetroBus m1"},"geometry":{"type":"LineString","coordinates":[[-2.5682084,51.5338481],[-2.568277,51.5338098]]}},{"type":"Feature","properties":{"osm_id":1092494436,"corridor":"MetroBus m1"},"geometry":{"type":"LineString","coordinates":[[-2.5681541,51.5338771],[-2.5682084,51.5338481]]}},{"type":"Feature","properties":{"osm_id":1092494438,"corridor":"MetroBus m1"},"geometry":{"type":"LineString","coordinates":[[-2.5685997,51.5334269],[-2.5686208,51.5333597],[-2.5686537,51.5332998],[-2.5687025,51.5332387]]}},{"type":"Feature","properties":{"osm_id":3418638,"name":"Gloucester Road","ref":"A38","corridor":"MetroBus m1"},"geometry":{"type":"LineString","coordinates":[[-2.5667552,51.5424351],[-2.5667441,51.5423944],[-2.5666824,51.5421068],[-2.5666417,51.5418297],[-2.566618,51.5417368],[-2.5664256,51.5405992],[-2.5663774,51.5400974],[-2.5663768,51.5398724]]}},{"type":"Feature","properties":{"osm_id":1092494602,"corridor":"MetroBus m1"},"geometry":{"type":"LineString","coordinates":[[-2.5667218,51.534401],[-2.5666965,51.5343314],[-2.5666926,51.5342644],[-2.5666976,51.5342]]}},{"type":"Feature","properties":{"osm_id":3787742,"corridor":"MetroBus m1"},"geometry":{"type":"LineString","coordinates":[[-2.5671231,51.5357619],[-2.5671739,51.5353437],[-2.5671909,51.5352871],[-2.567215,51.5352107],[-2.5672685,51.5350502],[-2.5672894,51.5349631],[-2.5672943,51.5348869],[-2.5672874,51.5348445],[-2.5672716,51.5348021],[-2.5672161,51.5347511],[-2.5671555,51.5347268],[-2.5670613,51.5347142],[-2.5669407,51.5347095]]}},{"type":"Feature","properties":{"osm_id":3787743,"corridor":"MetroBus m1"},"geometry":{"type":"LineString","coordinates":[[-2.5669407,51.5347095],[-2.5668173,51.5346662],[-2.5667618,51.5345571],[-2.5667397,51.5345032],[-2.5667218,51.534401]]}},{"type":"Feature","properties":{"osm_id":96884846,"name":"Gloucester Road","ref":"A38","corridor":"MetroBus m1"},"geometry":{"type":"LineString","coordinates":[[-2.5663768,51.5398724],[-2.5663929,51.5396955],[-2.5664075,51.53923],[-2.5664185,51.5391174],[-2.5664344,51.538955]]}},{"type":"Feature","properties":{"osm_id":96884847,"name":"Gloucester Road","ref":"A38","corridor":"MetroBus m1"},"geometry":{"type":"LineString","coordinates":[[-2.5665415,51.5382354],[-2.5666026,51.5379622],[-2.5666509,51.5377804],[-2.5667435,51.5373813],[-2.5667755,51.537251],[-2.5668758,51.5368402],[-2.5670124,51.5364527]]}},{"type":"Feature","properties":{"osm_id":443403960,"corridor":"MetroBus m1"},"geometry":{"type":"LineString","coordinates":[[-2.5670124,51.5364527],[-2.5670751,51.5360611],[-2.5671231,51.5357619]]}},{"type":"Feature","properties":{"osm_id":1106532324,"name":"Gloucester Road","ref":"A38","corridor":"MetroBus m1"},"geometry":{"type":"LineString","coordinates":[[-2.5665163,51.5383602],[-2.5665415,51.5382354]]}},{"type":"Feature","properties":{"osm_id":1106532325,"name":"Gloucester Road","ref":"A38","corridor":"MetroBus m1"},"geometry":{"type":"LineString","coordinates":[[-2.5664344,51.538955],[-2.5664652,51.538711],[-2.5665163,51.5383602]]}},{"type":"Feature","properties":{"osm_id":352902679,"name":"Bradley Stoke Way","corridor":"MetroBus m1"},"geometry":{"type":"LineString","coordinates":[[-2.5449671,51.532579],[-2.5448079,51.5323822],[-2.5442658,51.5318537],[-2.5440022,51.5316496],[-2.543788,51.5314838],[-2.5437678,51.5314682],[-2.543586,51.5313274],[-2.5430536,51.5309676]]}},{"type":"Feature","properties":{"osm_id":3791511,"name":"Bradley Stoke Way","corridor":"MetroBus m1"},"geometry":{"type":"LineString","coordinates":[[-2.5459849,51.5342734],[-2.5459629,51.5342138],[-2.5458966,51.5340874],[-2.54567,51.5337024],[-2.545536,51.5334747],[-2.5455116,51.5334332],[-2.5454864,51.5333914],[-2.5453781,51.5332119],[-2.5451567,51.5328448],[-2.5449671,51.532579]]}},{"type":"Feature","properties":{"osm_id":7835190,"name":"Bradley Stoke Way","corridor":"MetroBus m1"},"geometry":{"type":"LineString","coordinates":[[-2.5430536,51.5309676],[-2.5423704,51.5304846]]}},{"type":"Feature","properties":{"osm_id":188870196,"name":"Bradley Stoke Way","corridor":"MetroBus m1"},"geometry":{"type":"LineString","coordinates":[[-2.5552962,51.5408146],[-2.5544612,51.5405204],[-2.5536862,51.5402317],[-2.5528213,51.5399273],[-2.5519315,51.5396236],[-2.5514822,51.5394691],[-2.5509183,51.5392745],[-2.550575,51.5391468],[-2.5502266,51.5390025],[-2.5498755,51.5388381],[-2.5497042,51.5387511],[-2.5495136,51.5386471],[-2.5492556,51.5384937],[-2.5488994,51.5382591],[-2.5486121,51.5380515],[-2.5482914,51.5377945]]}},{"type":"Feature","properties":{"osm_id":5856820,"name":"Bradley Stoke Way","corridor":"MetroBus m1"},"geometry":{"type":"LineString","coordinates":[[-2.5466424,51.5348588],[-2.546689,51.5351552],[-2.5467185,51.5352362],[-2.5467865,51.5353417],[-2.5468092,51.535385],[-2.5468682,51.5354865],[-2.5469333,51.5356037]]}},{"type":"Feature","properties":{"osm_id":202758344,"name":"Savages Wood","corridor":"MetroBus m1"},"geometry":{"type":"LineString","coordinates":[[-2.5462989,51.5345405],[-2.5463652,51.5345431],[-2.5464336,51.5345526],[-2.5464971,51.5345707],[-2.5465985,51.5346266],[-2.5466601,51.5347017]]}},{"type":"Feature","properties":{"osm_id":202758352,"name":"Bradley Stoke Way","corridor":"MetroBus m1"},"geometry":{"type":"LineString","coordinates":[[-2.5472222,51.5361406],[-2.5475377,51.5367293],[-2.5477803,51.537109],[-2.5479256,51.537311],[-2.5480614,51.5374698],[-2.5481333,51.5375469],[-2.54817,51.5375863],[-2.5482459,51.5376722],[-2.5482914,51.5377945]]}},{"type":"Feature","properties":{"osm_id":202758355,"name":"Savages Wood","corridor":"MetroBus m1"},"geometry":{"type":"LineString","coordinates":[[-2.5466601,51.5347017],[-2.5466744,51.5347544],[-2.5466684,51.5348078],[-2.5466424,51.5348588]]}},{"type":"Feature","properties":{"osm_id":664000980,"name":"Bradley Stoke Way","corridor":"MetroBus m1"},"geometry":{"type":"LineString","coordinates":[[-2.5459849,51.5342734],[-2.5460648,51.5343675],[-2.5461293,51.5344262],[-2.5462505,51.5345056],[-2.5462989,51.5345405]]}},{"type":"Feature","properties":{"osm_id":1430650610,"name":"Bradley Stoke Way","corridor":"MetroBus m1"},"geometry":{"type":"LineString","coordinates":[[-2.5469333,51.5356037],[-2.5471356,51.5359796],[-2.5472222,51.5361406]]}},{"type":"Feature","properties":{"osm_id":506125466,"corridor":"MetroBus m1"},"geometry":{"type":"LineString","coordinates":[[-2.5650087,51.5431784],[-2.5655207,51.5431337],[-2.5661229,51.5431453],[-2.566173,51.5431421],[-2.5662352,51.543135],[-2.5663072,51.543118],[-2.5663825,51.5430921],[-2.5664431,51.5430672],[-2.5665129,51.5430349],[-2.5665748,51.5430016],[-2.5666291,51.5429601],[-2.5666806,51.5429072],[-2.5667092,51.5428681],[-2.5667332,51.5428199],[-2.5667445,51.5427531],[-2.5667399,51.5426523],[-2.5667552,51.5424351]]}},{"type":"Feature","properties":{"osm_id":861148228,"name":"Bradley Stoke Way","corridor":"MetroBus m1"},"geometry":{"type":"LineString","coordinates":[[-2.5636134,51.5431643],[-2.5638123,51.5431315],[-2.5638812,51.543134],[-2.5639386,51.5431365],[-2.5639916,51.5431388],[-2.5642147,51.5431471]]}},{"type":"Feature","properties":{"osm_id":1237833302,"name":"Bradley Stoke Way","corridor":"MetroBus m1"},"geometry":{"type":"LineString","coordinates":[[-2.5636134,51.5431643],[-2.5631162,51.5431348]]}},{"type":"Feature","properties":{"osm_id":1237833303,"name":"Bradley Stoke Way","corridor":"MetroBus m1"},"geometry":{"type":"LineString","coordinates":[[-2.5642147,51.5431471],[-2.564367,51.543151],[-2.5648779,51.5431736],[-2.564981,51.5431774],[-2.5650087,51.5431784]]}},{"type":"Feature","properties":{"osm_id":24417664,"name":"Bradley Stoke Way","corridor":"MetroBus m1"},"geometry":{"type":"LineString","coordinates":[[-2.5624269,51.5430631],[-2.5621115,51.5430028],[-2.5618083,51.54295],[-2.5617387,51.5429379],[-2.5616753,51.5429269],[-2.5614751,51.5428895]]}},{"type":"Feature","properties":{"osm_id":86187921,"name":"Bradley Stoke Way","corridor":"MetroBus m1"},"geometry":{"type":"LineString","coordinates":[[-2.5607272,51.5427012],[-2.5597661,51.5424274]]}},{"type":"Feature","properties":{"osm_id":203291650,"name":"Bradley Stoke Way","corridor":"MetroBus m1"},"geometry":{"type":"LineString","coordinates":[[-2.5579774,51.5418308],[-2.5580942,51.5418291],[-2.5581449,51.5418407],[-2.5582561,51.5418662],[-2.5585245,51.541902]]}},{"type":"Feature","properties":{"osm_id":203291655,"name":"Bradley Stoke Way","corridor":"MetroBus m1"},"geometry":{"type":"LineString","coordinates":[[-2.55919,51.5421409],[-2.5593632,51.5422374],[-2.5595666,51.5423173],[-2.5597661,51.5424274]]}},{"type":"Feature","properties":{"osm_id":244467450,"name":"Patchway Brook","corridor":"MetroBus m1"},"geometry":{"type":"LineString","coordinates":[[-2.5589095,51.5418748],[-2.559059,51.5419308],[-2.5591583,51.5420177]]}},{"type":"Feature","properties":{"osm_id":1233430191,"name":"Bradley Stoke Way","corridor":"MetroBus m1"},"geometry":{"type":"LineString","coordinates":[[-2.5579774,51.5418308],[-2.5576739,51.5417093]]}},{"type":"Feature","properties":{"osm_id":1237833301,"name":"Bradley Stoke Way","corridor":"MetroBus m1"},"geometry":{"type":"LineString","coordinates":[[-2.5614751,51.5428895],[-2.5613025,51.5428544],[-2.5612408,51.5428418],[-2.5607272,51.5427012]]}},{"type":"Feature","properties":{"osm_id":1412498762,"name":"Patchway Brook","corridor":"MetroBus m1"},"geometry":{"type":"LineString","coordinates":[[-2.5591583,51.5420177],[-2.5591858,51.5421061],[-2.55919,51.5421409]]}},{"type":"Feature","properties":{"osm_id":1412498763,"name":"Patchway Brook","corridor":"MetroBus m1"},"geometry":{"type":"LineString","coordinates":[[-2.5585245,51.541902],[-2.5586994,51.5418719],[-2.5589095,51.5418748]]}},{"type":"Feature","properties":{"osm_id":203291715,"name":"Bradley Stoke Way","corridor":"MetroBus m1"},"geometry":{"type":"LineString","coordinates":[[-2.5576739,51.5417093],[-2.5574713,51.5416317],[-2.5574443,51.5416213],[-2.5568502,51.5413937],[-2.5552962,51.5408146]]}},{"type":"Feature","properties":{"osm_id":1237833300,"name":"Bradley Stoke Way","corridor":"MetroBus m1"},"geometry":{"type":"LineString","coordinates":[[-2.5631162,51.5431348],[-2.5629412,51.5431206],[-2.5624269,51.5430631]]}},{"type":"Feature","properties":{"osm_id":7835189,"name":"Bradley Stoke Way","corridor":"MetroBus m1"},"geometry":{"type":"LineString","coordinates":[[-2.5423704,51.5304846],[-2.5413945,51.5298008],[-2.5401702,51.5290013],[-2.5391434,51.5283634],[-2.5389911,51.5282688],[-2.5387711,51.5281322]]}},{"type":"Feature","properties":{"osm_id":1183466345,"name":"Bradley Stoke Way","corridor":"MetroBus m1"},"geometry":{"type":"LineString","coordinates":[[-2.5384075,51.5277263],[-2.5384619,51.5278124],[-2.5384947,51.527859],[-2.5385321,51.527904],[-2.5385694,51.5279436],[-2.5386063,51.5279781],[-2.5386371,51.5280046],[-2.5386786,51.5280361],[-2.5387711,51.5281322]]}},{"type":"Feature","properties":{"osm_id":517640901,"corridor":"MetroBus m2"},"geometry":{"type":"LineString","coordinates":[[-2.634528,51.4355057],[-2.634611,51.4355809],[-2.6347143,51.4356738],[-2.6347425,51.4356988]]}},{"type":"Feature","properties":{"osm_id":67919675,"corridor":"MetroBus m2"},"geometry":{"type":"LineString","coordinates":[[-2.6366625,51.435562],[-2.6366197,51.4356112],[-2.6365465,51.4356464],[-2.6364354,51.4356527],[-2.6360132,51.4355834],[-2.6358112,51.4355503],[-2.6357649,51.4355422],[-2.6356187,51.4355306],[-2.6354457,51.4355362],[-2.6352768,51.4355625],[-2.6351316,51.4356026],[-2.6350118,51.4356015]]}},{"type":"Feature","properties":{"osm_id":1416104235,"corridor":"MetroBus m2"},"geometry":{"type":"LineString","coordinates":[[-2.6350118,51.4356015],[-2.6349419,51.435627],[-2.6347425,51.4356988]]}},{"type":"Feature","properties":{"osm_id":517649366,"corridor":"MetroBus m2"},"geometry":{"type":"LineString","coordinates":[[-2.6280743,51.435292],[-2.6277196,51.4352385]]}},{"type":"Feature","properties":{"osm_id":626523876,"corridor":"MetroBus m2"},"geometry":{"type":"LineString","coordinates":[[-2.626371,51.4355177],[-2.6263028,51.4355665],[-2.625191,51.4360538],[-2.6235335,51.4367747],[-2.6234366,51.4367961]]}},{"type":"Feature","properties":{"osm_id":517640902,"corridor":"MetroBus m2"},"geometry":{"type":"LineString","coordinates":[[-2.634528,51.4355057],[-2.6344321,51.435418]]}},{"type":"Feature","properties":{"osm_id":517640903,"corridor":"MetroBus m2"},"geometry":{"type":"LineString","coordinates":[[-2.6333419,51.4344464],[-2.6332675,51.4343969],[-2.633179,51.4343416],[-2.6330851,51.4342892],[-2.6329748,51.4342354],[-2.6328207,51.4341642],[-2.6327113,51.4341187],[-2.6325974,51.4340778],[-2.6324235,51.4340197]]}},{"type":"Feature","properties":{"osm_id":520547144,"corridor":"MetroBus m2"},"geometry":{"type":"LineString","coordinates":[[-2.6335459,51.434601],[-2.6334381,51.434516],[-2.6333419,51.4344464]]}},{"type":"Feature","properties":{"osm_id":520547145,"corridor":"MetroBus m2"},"geometry":{"type":"LineString","coordinates":[[-2.6344321,51.435418],[-2.6342097,51.4352083],[-2.633866,51.4348814],[-2.6336839,51.4347136]]}},{"type":"Feature","properties":{"osm_id":626523868,"corridor":"MetroBus m2"},"geometry":{"type":"LineString","coordinates":[[-2.6324235,51.4340197],[-2.6323017,51.434002],[-2.6319895,51.4339085],[-2.6317071,51.4338333],[-2.6316145,51.4338106],[-2.6314476,51.433772],[-2.6313054,51.4337422],[-2.6311439,51.4337092],[-2.6308941,51.4336622],[-2.6307982,51.433646],[-2.63055,51.4336051],[-2.6304597,51.4335746]]}},{"type":"Feature","properties":{"osm_id":626523869,"corridor":"MetroBus m2"},"geometry":{"type":"LineString","coordinates":[[-2.6304597,51.4335746],[-2.6303246,51.4335569],[-2.6302441,51.43355],[-2.6301473,51.4335468],[-2.6300625,51.4335506],[-2.6299749,51.4335612],[-2.6299005,51.4335749],[-2.629848,51.433589],[-2.6297802,51.43361],[-2.6297339,51.433631],[-2.6296765,51.4336616],[-2.6296061,51.4337041],[-2.629551,51.4337485],[-2.6294915,51.433817],[-2.6294474,51.4338752],[-2.6294113,51.4339321]]}},{"type":"Feature","properties":{"osm_id":626523871,"corridor":"MetroBus m2"},"geometry":{"type":"LineString","coordinates":[[-2.6294113,51.4339321],[-2.6294046,51.4339961],[-2.6288517,51.4349083],[-2.628796,51.434952]]}},{"type":"Feature","properties":{"osm_id":626523872,"corridor":"MetroBus m2"},"geometry":{"type":"LineString","coordinates":[[-2.628796,51.434952],[-2.6287559,51.4350211],[-2.6287261,51.4350653],[-2.6286872,51.4351106],[-2.6286422,51.4351489],[-2.628551,51.4352089],[-2.628464,51.435251],[-2.6283876,51.4352737],[-2.6283053,51.4352917],[-2.6282346,51.4353001],[-2.6281544,51.4352999],[-2.6280743,51.435292]]}},{"type":"Feature","properties":{"osm_id":626523873,"corridor":"MetroBus m2"},"geometry":{"type":"LineString","coordinates":[[-2.6336839,51.4347136],[-2.6336155,51.434658],[-2.6335459,51.434601]]}},{"type":"Feature","properties":{"osm_id":626523877,"corridor":"MetroBus m2"},"geometry":{"type":"LineString","coordinates":[[-2.6277196,51.4352385],[-2.6275971,51.4352212],[-2.6274744,51.4352081],[-2.6273684,51.4352048],[-2.6272625,51.4352101],[-2.6271386,51.4352268],[-2.6270347,51.4352522],[-2.6268461,51.4353125],[-2.626371,51.4355177]]}},{"type":"Feature","properties":{"osm_id":516818566,"corridor":"MetroBus m2"},"geometry":{"type":"LineString","coordinates":[[-2.6243248,51.4398954],[-2.6244381,51.4400324],[-2.6245049,51.4401161],[-2.6245677,51.440196],[-2.6247612,51.4404476],[-2.6248739,51.4406175],[-2.6249775,51.4407781],[-2.6250234,51.4408519],[-2.6250652,51.4409311],[-2.6251016,51.4410104],[-2.6251341,51.4410884],[-2.6251905,51.4412407],[-2.6252212,51.4413435],[-2.6252331,51.4413912],[-2.6252491,51.4414938]]}},{"type":"Feature","properties":{"osm_id":517659892,"corridor":"MetroBus m2"},"geometry":{"type":"LineString","coordinates":[[-2.6234366,51.4367961],[-2.6233965,51.4368137],[-2.6232972,51.4368593],[-2.6232045,51.4369066],[-2.6231286,51.4369515],[-2.6230512,51.4370084],[-2.6229971,51.4370568],[-2.6229642,51.4370945],[-2.6229349,51.4371403],[-2.622905,51.4371937],[-2.622884,51.4372575],[-2.6228769,51.4373084],[-2.6228791,51.4373719],[-2.6228901,51.4374261],[-2.6229076,51.4374839],[-2.6229363,51.4375509],[-2.623002,51.4376829],[-2.623048,51.437768],[-2.6231018,51.4378549],[-2.6231605,51.4379481],[-2.623214,51.4380279],[-2.6232982,51.4381462]]}},{"type":"Feature","properties":{"osm_id":517663197,"corridor":"MetroBus m2"},"geometry":{"type":"LineString","coordinates":[[-2.6236428,51.438608],[-2.623715,51.4387097],[-2.6237507,51.4387743],[-2.6237657,51.4388229],[-2.6237674,51.4388523],[-2.6237538,51.4389102],[-2.6237208,51.4389801],[-2.623694,51.4390362],[-2.6236861,51.4390776],[-2.623688,51.439119],[-2.6237005,51.4391579],[-2.6237191,51.4391963],[-2.6237514,51.4392417],[-2.6237946,51.4392916],[-2.6242282,51.4397837],[-2.6243248,51.4398954]]}},{"type":"Feature","properties":{"osm_id":626003236,"corridor":"MetroBus m2"},"geometry":{"type":"LineString","coordinates":[[-2.6252606,51.4415924],[-2.6252618,51.4417143],[-2.6252593,51.4417969],[-2.6252502,51.4418879],[-2.6252408,51.4419541],[-2.6252219,51.4420342],[-2.6251711,51.4421775],[-2.6251142,51.4422942],[-2.6250707,51.4423706],[-2.6250023,51.4424817]]}},{"type":"Feature","properties":{"osm_id":823795623,"corridor":"MetroBus m2"},"geometry":{"type":"LineString","coordinates":[[-2.6252491,51.4414938],[-2.6252606,51.4415924]]}},{"type":"Feature","properties":{"osm_id":1450166456,"corridor":"MetroBus m2"},"geometry":{"type":"LineString","coordinates":[[-2.6232982,51.4381462],[-2.623344,51.438208]]}},{"type":"Feature","properties":{"osm_id":1450166457,"corridor":"MetroBus m2"},"geometry":{"type":"LineString","coordinates":[[-2.623344,51.438208],[-2.6236428,51.438608]]}},{"type":"Feature","properties":{"osm_id":548613199,"corridor":"MetroBus m2"},"geometry":{"type":"LineString","coordinates":[[-2.6250023,51.4424817],[-2.6249954,51.442541],[-2.6245452,51.4431765],[-2.6242666,51.4435833],[-2.6239929,51.4439788],[-2.6238703,51.4441556],[-2.623773,51.4442949],[-2.6236951,51.4444017],[-2.623613,51.4445067],[-2.6235454,51.4445879],[-2.6234882,51.44465],[-2.6234412,51.4447001],[-2.6232221,51.4449199],[-2.6230054,51.4451272],[-2.6229512,51.4451793],[-2.6228236,51.4452937],[-2.6226383,51.4454548],[-2.6225213,51.4455401]]}},{"type":"Feature","properties":{"osm_id":1178561027,"corridor":"MetroBus m2"},"geometry":{"type":"LineString","coordinates":[[-2.6215216,51.4464221],[-2.6215016,51.4464383],[-2.6214293,51.4464891],[-2.6213789,51.4465189],[-2.6213331,51.4465418],[-2.6212783,51.4465634]]}},{"type":"Feature","properties":{"osm_id":509467560,"corridor":"MetroBus m2"},"geometry":{"type":"LineString","coordinates":[[-2.6215216,51.4464221],[-2.6222812,51.4457517]]}},{"type":"Feature","properties":{"osm_id":548613201,"corridor":"MetroBus m2"},"geometry":{"type":"LineString","coordinates":[[-2.6225213,51.4455401],[-2.6224347,51.4456179],[-2.6222812,51.4457517]]}},{"type":"Feature","properties":{"osm_id":4340891,"name":"Cumberland Road","corridor":"MetroBus m2"},"geometry":{"type":"LineString","coordinates":[[-2.6128001,51.4466162],[-2.6137109,51.4465475],[-2.6142539,51.4464955],[-2.6150924,51.4463972],[-2.6155809,51.4463321],[-2.6161809,51.4462457]]}},{"type":"Feature","properties":{"osm_id":1241386176,"name":"Cumberland Road","corridor":"MetroBus m2"},"geometry":{"type":"LineString","coordinates":[[-2.6082829,51.4469216],[-2.60847,51.4469069]]}},{"type":"Feature","properties":{"osm_id":25683769,"name":"Cumberland Road","corridor":"MetroBus m2"},"geometry":{"type":"LineString","coordinates":[[-2.6179424,51.4460807],[-2.6179968,51.4460869],[-2.6181145,51.4461011],[-2.6182322,51.4461252],[-2.6182909,51.4461395],[-2.6183494,51.4461608],[-2.6184669,51.4462055]]}},{"type":"Feature","properties":{"osm_id":516833636,"corridor":"MetroBus m2"},"geometry":{"type":"LineString","coordinates":[[-2.6212783,51.4465634],[-2.6212175,51.4465856],[-2.6211101,51.4466142],[-2.621023,51.4466334],[-2.6209528,51.4466437],[-2.6208561,51.4466543],[-2.6205784,51.4466812],[-2.6204227,51.446694],[-2.6203217,51.4466987],[-2.6202067,51.4466997],[-2.6200833,51.4466961],[-2.6199754,51.4466895],[-2.619863,51.4466754],[-2.6197615,51.4466583],[-2.6196494,51.4466334],[-2.6195496,51.4466065],[-2.6193925,51.4465554],[-2.6192743,51.4465065],[-2.6191887,51.4464646],[-2.6191124,51.4464226],[-2.6190108,51.4463641],[-2.6189324,51.4463191],[-2.6188957,51.4462971],[-2.6188218,51.4462574]]}},{"type":"Feature","properties":{"osm_id":846213770,"name":"Cumberland Road","corridor":"MetroBus m2"},"geometry":{"type":"LineString","coordinates":[[-2.6161809,51.4462457],[-2.6165621,51.4461815],[-2.6171084,51.4461067],[-2.6173711,51.4460829],[-2.6175236,51.4460728]]}},{"type":"Feature","properties":{"osm_id":1043781881,"corridor":"MetroBus m2"},"geometry":{"type":"LineString","coordinates":[[-2.6188218,51.4462574],[-2.6187568,51.4462314],[-2.6186849,51.4462126],[-2.6186133,51.4462009],[-2.618546,51.4461982],[-2.6184669,51.4462055]]}},{"type":"Feature","properties":{"osm_id":1396822252,"name":"Cumberland Road","corridor":"MetroBus m2"},"geometry":{"type":"LineString","coordinates":[[-2.6175236,51.4460728],[-2.6178141,51.446066],[-2.6179424,51.4460807]]}},{"type":"Feature","properties":{"osm_id":177745459,"name":"Cumberland Road","corridor":"MetroBus m2"},"geometry":{"type":"LineString","coordinates":[[-2.6118709,51.4466773],[-2.6114854,51.4466928]]}},{"type":"Feature","properties":{"osm_id":177745464,"name":"Cumberland Road","corridor":"MetroBus m2"},"geometry":{"type":"LineString","coordinates":[[-2.6114854,51.4466928],[-2.611213,51.4466944],[-2.6088702,51.4468789]]}},{"type":"Feature","properties":{"osm_id":387174307,"name":"Cumberland Road","corridor":"MetroBus m2"},"geometry":{"type":"LineString","coordinates":[[-2.611924,51.4466748],[-2.6118709,51.4466773]]}},{"type":"Feature","properties":{"osm_id":1396822260,"name":"Cumberland Road","corridor":"MetroBus m2"},"geometry":{"type":"LineString","coordinates":[[-2.611924,51.4466748],[-2.6122679,51.4466532],[-2.6128001,51.4466162]]}},{"type":"Feature","properties":{"osm_id":1396822263,"name":"Cumberland Road","corridor":"MetroBus m2"},"geometry":{"type":"LineString","coordinates":[[-2.6088702,51.4468789],[-2.60847,51.4469069]]}},{"type":"Feature","properties":{"osm_id":31753904,"name":"Cumberland Road","corridor":"MetroBus m2"},"geometry":{"type":"LineString","coordinates":[[-2.6045425,51.4469232],[-2.6044639,51.4469151],[-2.6043814,51.4469056],[-2.6037281,51.4468325],[-2.6029935,51.4467503],[-2.6027723,51.4467192],[-2.6017465,51.4465648],[-2.6000207,51.4462884],[-2.5993148,51.4461842]]}},{"type":"Feature","properties":{"osm_id":121381303,"name":"Commercial Road","corridor":"MetroBus m2"},"geometry":{"type":"LineString","coordinates":[[-2.591739,51.4460486],[-2.5917754,51.4460525],[-2.5920474,51.4460846],[-2.5921804,51.4461075],[-2.59252,51.4461682],[-2.5930194,51.446257],[-2.5931716,51.4462782],[-2.5933122,51.4463016],[-2.5934994,51.446328],[-2.5937085,51.4463493],[-2.593916,51.4463566],[-2.5941985,51.4463522],[-2.5951331,51.4463143],[-2.5952208,51.4463112],[-2.5955592,51.446295]]}},{"type":"Feature","properties":{"osm_id":31753907,"name":"Cumberland Road","corridor":"MetroBus m2"},"geometry":{"type":"LineString","coordinates":[[-2.6048625,51.4469515],[-2.6046428,51.4469335],[-2.6045425,51.4469232]]}},{"type":"Feature","properties":{"osm_id":387174301,"name":"Cumberland Road","corridor":"MetroBus m2"},"geometry":{"type":"LineString","coordinates":[[-2.6071132,51.4469866],[-2.606885,51.4469928],[-2.6062187,51.4469905],[-2.6060017,51.4469888],[-2.605321,51.4469819],[-2.6048625,51.4469515]]}},{"type":"Feature","properties":{"osm_id":1206296893,"name":"Cumberland Road","corridor":"MetroBus m2"},"geometry":{"type":"LineString","coordinates":[[-2.6071132,51.4469866],[-2.6073355,51.4469806],[-2.6076923,51.4469637],[-2.6082179,51.4469267]]}},{"type":"Feature","properties":{"osm_id":1241386177,"name":"Cumberland Road","corridor":"MetroBus m2"},"geometry":{"type":"LineString","coordinates":[[-2.6082829,51.4469216],[-2.6082559,51.4469237],[-2.6082179,51.4469267]]}},{"type":"Feature","properties":{"osm_id":31753922,"name":"Cumberland Road","corridor":"MetroBus m2"},"geometry":{"type":"LineString","coordinates":[[-2.5993148,51.4461842],[-2.5989462,51.4461324],[-2.5986837,51.446104],[-2.5985863,51.446099],[-2.5984181,51.4460952],[-2.5981693,51.4461031],[-2.5979994,51.4461234],[-2.5978353,51.446143],[-2.5974996,51.4462014],[-2.5972546,51.4462656],[-2.5970719,51.4463212],[-2.5969046,51.4463928],[-2.596749,51.4464677],[-2.5965887,51.4465443]]}},{"type":"Feature","properties":{"osm_id":34639896,"name":"Commercial Road","corridor":"MetroBus m2"},"geometry":{"type":"LineString","coordinates":[[-2.5962573,51.4465048],[-2.5959044,51.446342]]}},{"type":"Feature","properties":{"osm_id":34639897,"name":"Commercial Road","corridor":"MetroBus m2"},"geometry":{"type":"LineString","coordinates":[[-2.5965887,51.4465443],[-2.5964117,51.446568],[-2.5963159,51.4465298],[-2.5962573,51.4465048]]}},{"type":"Feature","properties":{"osm_id":546410047,"name":"Commercial Road","corridor":"MetroBus m2"},"geometry":{"type":"LineString","coordinates":[[-2.5959044,51.446342],[-2.5958743,51.4463321],[-2.5958199,51.4463229],[-2.5957641,51.4463156],[-2.5955592,51.446295]]}},{"type":"Feature","properties":{"osm_id":3445490,"name":"Redcliffe Way","ref":"A4044","corridor":"MetroBus m2"},"geometry":{"type":"LineString","coordinates":[[-2.5899258,51.4490524],[-2.5898667,51.4490077],[-2.5898077,51.4489687],[-2.5897582,51.448944],[-2.5897064,51.4489208],[-2.5896456,51.4488992],[-2.5895893,51.4488827],[-2.5894877,51.4488633],[-2.5894066,51.4488543],[-2.5893271,51.4488482]]}},{"type":"Feature","properties":{"osm_id":202760228,"ref":"A38","corridor":"MetroBus m2"},"geometry":{"type":"LineString","coordinates":[[-2.5906487,51.4489541],[-2.5906565,51.4489995],[-2.590651,51.4490585],[-2.5906224,51.4491118],[-2.5905725,51.4491574],[-2.5905188,51.4491884],[-2.5904389,51.4492122]]}},{"type":"Feature","properties":{"osm_id":761691770,"name":"Temple Gate","ref":"A4044","corridor":"MetroBus m2"},"geometry":{"type":"LineString","coordinates":[[-2.5843883,51.4488716],[-2.5844225,51.4489743],[-2.5844176,51.4490525]]}},{"type":"Feature","properties":{"osm_id":1023250996,"name":"Redcliffe Way","ref":"A4044","corridor":"MetroBus m2"},"geometry":{"type":"LineString","coordinates":[[-2.5887932,51.4488683],[-2.5879622,51.4489415],[-2.5871341,51.4490109]]}},{"type":"Feature","properties":{"osm_id":3994825,"name":"Redcliff Hill","ref":"A38","corridor":"MetroBus m2"},"geometry":{"type":"LineString","coordinates":[[-2.5912361,51.4460378],[-2.5911983,51.4460655],[-2.5911486,51.4461053],[-2.5911065,51.4461427]]}},{"type":"Feature","properties":{"osm_id":4468503,"name":"Commercial Road","corridor":"MetroBus m2"},"geometry":{"type":"LineString","coordinates":[[-2.591739,51.4460486],[-2.5915707,51.4460633],[-2.5914928,51.4460546],[-2.5914339,51.4460467],[-2.59138,51.4460416]]}},{"type":"Feature","properties":{"osm_id":121389308,"name":"Redcliff Hill","ref":"A38","corridor":"MetroBus m2"},"geometry":{"type":"LineString","coordinates":[[-2.5905169,51.4482143],[-2.5904316,51.4485969],[-2.59043,51.4486263],[-2.5904375,51.4486663],[-2.5904521,51.4487058],[-2.5904737,51.4487451],[-2.5905076,51.4487939]]}},{"type":"Feature","properties":{"osm_id":203633552,"name":"Bedminster Bridge Roundabout","corridor":"MetroBus m2"},"geometry":{"type":"LineString","coordinates":[[-2.591247,51.446035],[-2.5912361,51.4460378]]}},{"type":"Feature","properties":{"osm_id":229984481,"name":"Redcliffe Way","ref":"A4044","corridor":"MetroBus m2"},"geometry":{"type":"LineString","coordinates":[[-2.5893271,51.4488482],[-2.5891809,51.4488443],[-2.5887932,51.4488683]]}},{"type":"Feature","properties":{"osm_id":248853630,"name":"Commercial Road","corridor":"MetroBus m2"},"geometry":{"type":"LineString","coordinates":[[-2.59138,51.4460416],[-2.591247,51.446035]]}},{"type":"Feature","properties":{"osm_id":248853632,"name":"Redcliff Hill","ref":"A38","corridor":"MetroBus m2"},"geometry":{"type":"LineString","coordinates":[[-2.5910421,51.4462241],[-2.5909976,51.4463109],[-2.5909719,51.4463663],[-2.5909583,51.4464261],[-2.5909286,51.4466366]]}},{"type":"Feature","properties":{"osm_id":1392740514,"name":"Redcliff Hill","ref":"A38","corridor":"MetroBus m2"},"geometry":{"type":"LineString","coordinates":[[-2.5911065,51.4461427],[-2.5910801,51.4461687],[-2.5910655,51.4461877],[-2.5910421,51.4462241]]}},{"type":"Feature","properties":{"osm_id":1392740515,"name":"Redcliff Hill","ref":"A38","corridor":"MetroBus m2"},"geometry":{"type":"LineString","coordinates":[[-2.5908453,51.4470263],[-2.5907943,51.447199],[-2.5907511,51.4473202],[-2.590742,51.4473527],[-2.5906758,51.4475429],[-2.5905169,51.4482143]]}},{"type":"Feature","properties":{"osm_id":1392740516,"name":"Redcliff Hill","ref":"A38","corridor":"MetroBus m2"},"geometry":{"type":"LineString","coordinates":[[-2.5909286,51.4466366],[-2.590914,51.4467375],[-2.590889,51.4468653],[-2.5908453,51.4470263]]}},{"type":"Feature","properties":{"osm_id":1458314842,"ref":"A38","corridor":"MetroBus m2"},"geometry":{"type":"LineString","coordinates":[[-2.5905076,51.4487939],[-2.5905516,51.4488244],[-2.5906102,51.4488856],[-2.5906487,51.4489541]]}},{"type":"Feature","properties":{"osm_id":39020137,"ref":"A4044","corridor":"MetroBus m2"},"geometry":{"type":"LineString","coordinates":[[-2.5857437,51.4489742],[-2.5847158,51.4489061],[-2.5846507,51.448901],[-2.5845543,51.4488947],[-2.5843883,51.4488716]]}},{"type":"Feature","properties":{"osm_id":229984482,"name":"Redcliffe Way","ref":"A4044","corridor":"MetroBus m2"},"geometry":{"type":"LineString","coordinates":[[-2.586576,51.4490235],[-2.5864316,51.4490181],[-2.586157,51.4490013],[-2.5859799,51.4489897],[-2.5857437,51.4489742]]}},{"type":"Feature","properties":{"osm_id":1149252658,"name":"Redcliffe Way","ref":"A4044","corridor":"MetroBus m2"},"geometry":{"type":"LineString","coordinates":[[-2.5871341,51.4490109],[-2.5871285,51.4490114],[-2.5868277,51.449026],[-2.586576,51.4490235]]}},{"type":"Feature","properties":{"osm_id":1458314837,"ref":"A38","corridor":"MetroBus m2"},"geometry":{"type":"LineString","coordinates":[[-2.5904389,51.4492122],[-2.5903676,51.4492264],[-2.5902901,51.4492308],[-2.590215,51.4492263],[-2.5901408,51.449212]]}},{"type":"Feature","properties":{"osm_id":1458314838,"ref":"A38","corridor":"MetroBus m2"},"geometry":{"type":"LineString","coordinates":[[-2.5901408,51.449212],[-2.5900668,51.4491882],[-2.5900066,51.449157],[-2.5899565,51.4491092],[-2.5899258,51.4490524]]}},{"type":"Feature","properties":{"osm_id":1370707138,"name":"Temple Gate","ref":"A4044","corridor":"MetroBus m2"},"geometry":{"type":"LineString","coordinates":[[-2.5844176,51.4490525],[-2.5845645,51.4493328],[-2.5846011,51.4494025],[-2.5846314,51.4494604],[-2.5848155,51.4498115]]}},{"type":"Feature","properties":{"osm_id":3528791,"name":"Colston Avenue","corridor":"MetroBus m3"},"geometry":{"type":"LineString","coordinates":[[-2.5970134,51.4547255],[-2.5970303,51.4546379],[-2.5970201,51.4545885],[-2.596993,51.4545373]]}},{"type":"Feature","properties":{"osm_id":39020691,"name":"Colston Avenue","ref":"A38","corridor":"MetroBus m3"},"geometry":{"type":"LineString","coordinates":[[-2.5970134,51.4547255],[-2.5969931,51.4547467],[-2.5969717,51.454769],[-2.5966705,51.4550851]]}},{"type":"Feature","properties":{"osm_id":561043839,"name":"Colston Avenue","corridor":"MetroBus m3"},"geometry":{"type":"LineString","coordinates":[[-2.5968005,51.4543234],[-2.5968111,51.454359],[-2.5968142,51.4543649],[-2.5968277,51.4543909],[-2.5968556,51.4544177],[-2.5968783,51.454432],[-2.5969247,51.4544495]]}},{"type":"Feature","properties":{"osm_id":562883782,"name":"Colston Avenue","corridor":"MetroBus m3"},"geometry":{"type":"LineString","coordinates":[[-2.596993,51.4545373],[-2.5969247,51.4544495]]}},{"type":"Feature","properties":{"osm_id":1411783299,"name":"Colston Avenue","ref":"A38","corridor":"MetroBus m3"},"geometry":{"type":"LineString","coordinates":[[-2.5966705,51.4550851],[-2.5964974,51.4552638],[-2.5964032,51.4553711]]}},{"type":"Feature","properties":{"osm_id":1470028837,"name":"Colston Avenue","corridor":"MetroBus m3"},"geometry":{"type":"LineString","coordinates":[[-2.5968655,51.4541522],[-2.5968208,51.4542527],[-2.5968005,51.4543234]]}},{"type":"Feature","properties":{"osm_id":4002732,"name":"Colston Avenue","ref":"A38","corridor":"MetroBus m3"},"geometry":{"type":"LineString","coordinates":[[-2.5964032,51.4553711],[-2.5963352,51.4555025],[-2.5962435,51.4557089],[-2.5961898,51.4558952],[-2.5961277,51.4561105]]}},{"type":"Feature","properties":{"osm_id":202761561,"name":"Lewins Mead","ref":"A38","corridor":"MetroBus m3"},"geometry":{"type":"LineString","coordinates":[[-2.5954039,51.4571877],[-2.5952744,51.4572636],[-2.5951546,51.4573199]]}},{"type":"Feature","properties":{"osm_id":42878554,"name":"Lewins Mead","ref":"A38","corridor":"MetroBus m3"},"geometry":{"type":"LineString","coordinates":[[-2.5959631,51.4566591],[-2.595783,51.4569252],[-2.5956528,51.4570287],[-2.5955704,51.4570867],[-2.5954039,51.4571877]]}},{"type":"Feature","properties":{"osm_id":177586092,"name":"Lewins Mead","ref":"A38","corridor":"MetroBus m3"},"geometry":{"type":"LineString","coordinates":[[-2.5961277,51.4561105],[-2.5960927,51.4562859]]}},{"type":"Feature","properties":{"osm_id":177586093,"name":"Lewins Mead","ref":"A38","corridor":"MetroBus m3"},"geometry":{"type":"LineString","coordinates":[[-2.5960368,51.4564769],[-2.5959631,51.4566591]]}},{"type":"Feature","properties":{"osm_id":1350940163,"name":"Lewins Mead","ref":"A38","corridor":"MetroBus m3"},"geometry":{"type":"LineString","coordinates":[[-2.5960927,51.4562859],[-2.5960368,51.4564769]]}},{"type":"Feature","properties":{"osm_id":3526935,"name":"Newfoundland Way","ref":"A4032","corridor":"MetroBus m3"},"geometry":{"type":"LineString","coordinates":[[-2.5829821,51.4602485],[-2.5826486,51.4603958],[-2.582468,51.4604658],[-2.5824038,51.4604908],[-2.5822928,51.4605368],[-2.5819001,51.460701],[-2.581826,51.4607342],[-2.5815743,51.4608523],[-2.5810677,51.4610935]]}},{"type":"Feature","properties":{"osm_id":365415331,"name":"Bond Street","ref":"A4044","corridor":"MetroBus m3"},"geometry":{"type":"LineString","coordinates":[[-2.5894382,51.4594019],[-2.5892123,51.4594016],[-2.589061,51.4594061],[-2.5889915,51.459406],[-2.5888748,51.4594074],[-2.5883261,51.4594346],[-2.5880591,51.4594324]]}},{"type":"Feature","properties":{"osm_id":3527220,"name":"Bond Street","ref":"A4044","corridor":"MetroBus m3"},"geometry":{"type":"LineString","coordinates":[[-2.5901682,51.4596839],[-2.5899505,51.4595861]]}},{"type":"Feature","properties":{"osm_id":3894321,"name":"The Haymarket","ref":"A38","corridor":"MetroBus m3"},"geometry":{"type":"LineString","coordinates":[[-2.5918544,51.4584371],[-2.5917573,51.4585511],[-2.591621,51.4586772],[-2.5915126,51.4587767],[-2.5914135,51.4588617],[-2.5913843,51.4588903],[-2.5913398,51.4589422],[-2.5913209,51.458968],[-2.5913044,51.4590141],[-2.5912945,51.4590419],[-2.5913194,51.45917]]}},{"type":"Feature","properties":{"osm_id":37283067,"name":"St James' Barton","ref":"A38","corridor":"MetroBus m3"},"geometry":{"type":"LineString","coordinates":[[-2.5914535,51.4594061],[-2.5914283,51.4594895],[-2.5913738,51.4595638],[-2.5912657,51.4596398]]}},{"type":"Feature","properties":{"osm_id":38696932,"name":"St James' Barton","ref":"A38","corridor":"MetroBus m3"},"geometry":{"type":"LineString","coordinates":[[-2.5913194,51.45917],[-2.5913822,51.4592607],[-2.5914535,51.4594061]]}},{"type":"Feature","properties":{"osm_id":39247608,"name":"The Haymarket","ref":"A38","corridor":"MetroBus m3"},"geometry":{"type":"LineString","coordinates":[[-2.5929344,51.4579162],[-2.5927608,51.4579417]]}},{"type":"Feature","properties":{"osm_id":159023238,"name":"Lower Maudlin Street","ref":"A38","corridor":"MetroBus m3"},"geometry":{"type":"LineString","coordinates":[[-2.5927608,51.4579417],[-2.5926219,51.4579613]]}},{"type":"Feature","properties":{"osm_id":202755223,"name":"St James' Barton","ref":"A38","corridor":"MetroBus m3"},"geometry":{"type":"LineString","coordinates":[[-2.5903723,51.4598031],[-2.5901682,51.4596839]]}},{"type":"Feature","properties":{"osm_id":202755224,"name":"St James' Barton","ref":"A38","corridor":"MetroBus m3"},"geometry":{"type":"LineString","coordinates":[[-2.5909588,51.4597523],[-2.5907513,51.4598148],[-2.5907039,51.4598269],[-2.5906121,51.4598411],[-2.5904855,51.459834]]}},{"type":"Feature","properties":{"osm_id":203007433,"name":"Lewins Mead","ref":"A38","corridor":"MetroBus m3"},"geometry":{"type":"LineString","coordinates":[[-2.5934442,51.4578066],[-2.5930905,51.4578869],[-2.5930787,51.4578894],[-2.5930269,51.4579005],[-2.5929344,51.4579162]]}},{"type":"Feature","properties":{"osm_id":203022643,"name":"Bond Street","ref":"A4044","corridor":"MetroBus m3"},"geometry":{"type":"LineString","coordinates":[[-2.5899505,51.4595861],[-2.5898529,51.4595266],[-2.5897076,51.4594548],[-2.5895881,51.4594213],[-2.5894382,51.4594019]]}},{"type":"Feature","properties":{"osm_id":203035036,"name":"St James' Barton","ref":"A38","corridor":"MetroBus m3"},"geometry":{"type":"LineString","coordinates":[[-2.5912657,51.4596398],[-2.5909588,51.4597523]]}},{"type":"Feature","properties":{"osm_id":217597694,"name":"The Haymarket","ref":"A38","corridor":"MetroBus m3"},"geometry":{"type":"LineString","coordinates":[[-2.5926219,51.4579613],[-2.5924816,51.4579923],[-2.5923851,51.458022],[-2.5922957,51.458058],[-2.592226,51.4581008],[-2.5918544,51.4584371]]}},{"type":"Feature","properties":{"osm_id":1414930796,"name":"St James' Barton","ref":"A38","corridor":"MetroBus m3"},"geometry":{"type":"LineString","coordinates":[[-2.5904855,51.459834],[-2.5903723,51.4598031]]}},{"type":"Feature","properties":{"osm_id":1507813413,"name":"Lewins Mead","ref":"A38","corridor":"MetroBus m3"},"geometry":{"type":"LineString","coordinates":[[-2.5951546,51.4573199],[-2.595024,51.4573791],[-2.5948231,51.4574456],[-2.5939967,51.457662]]}},{"type":"Feature","properties":{"osm_id":1507883920,"name":"Lewins Mead","ref":"A38","corridor":"MetroBus m3"},"geometry":{"type":"LineString","coordinates":[[-2.5939967,51.457662],[-2.5934442,51.4578066]]}},{"type":"Feature","properties":{"osm_id":3526938,"name":"Newfoundland Circus","corridor":"MetroBus m3"},"geometry":{"type":"LineString","coordinates":[[-2.5840666,51.4597591],[-2.583973,51.4597986],[-2.5839068,51.4598285],[-2.5829821,51.4602485]]}},{"type":"Feature","properties":{"osm_id":194944269,"name":"Bond Street","ref":"A4044","corridor":"MetroBus m3"},"geometry":{"type":"LineString","coordinates":[[-2.5872066,51.4594245],[-2.5871216,51.4594191],[-2.5870536,51.459414],[-2.5868767,51.459397],[-2.586292,51.4593265],[-2.5860495,51.4593033],[-2.5858336,51.4592919],[-2.5856308,51.4592966],[-2.5854224,51.4593165],[-2.5851942,51.4593633],[-2.5851593,51.4593728],[-2.5851025,51.4593896],[-2.584881,51.4594595],[-2.5846506,51.4595323],[-2.5842706,51.4596736],[-2.5842083,51.4596995]]}},{"type":"Feature","properties":{"osm_id":203022640,"name":"Bond Street","ref":"A4044","corridor":"MetroBus m3"},"geometry":{"type":"LineString","coordinates":[[-2.5880591,51.4594324],[-2.5879326,51.4594344],[-2.5875018,51.4594339],[-2.5872066,51.4594245]]}},{"type":"Feature","properties":{"osm_id":382884738,"name":"Bond Street","ref":"A4044","corridor":"MetroBus m3"},"geometry":{"type":"LineString","coordinates":[[-2.5842083,51.4596995],[-2.5840666,51.4597591]]}},{"type":"Feature","properties":{"osm_id":692191935,"name":"Newfoundland Way","ref":"A4032","corridor":"MetroBus m3"},"geometry":{"type":"LineString","coordinates":[[-2.5810677,51.4610935],[-2.5806492,51.4613622],[-2.5777684,51.463785]]}},{"type":"Feature","properties":{"osm_id":3509256,"ref":"M32","corridor":"MetroBus m3"},"geometry":{"type":"LineString","coordinates":[[-2.5746515,51.4663661],[-2.574072,51.4667472],[-2.573427,51.4670595],[-2.5729572,51.467251],[-2.5722447,51.4674759],[-2.5709629,51.4678469],[-2.5701141,51.4680814],[-2.5696745,51.4682235],[-2.5689386,51.4684956],[-2.5685049,51.4686771],[-2.5675719,51.4691193]]}},{"type":"Feature","properties":{"osm_id":4828416,"ref":"M32","corridor":"MetroBus m3"},"geometry":{"type":"LineString","coordinates":[[-2.5777684,51.463785],[-2.5769379,51.4644622],[-2.5766439,51.4647122],[-2.575492,51.4656919],[-2.5750354,51.4660678],[-2.5746515,51.4663661]]}},{"type":"Feature","properties":{"osm_id":133391622,"ref":"M32","corridor":"MetroBus m3"},"geometry":{"type":"LineString","coordinates":[[-2.5639513,51.4713176],[-2.56338,51.471727],[-2.5627685,51.4722328],[-2.5621202,51.4728729],[-2.5618727,51.4731594],[-2.5616653,51.4734295],[-2.5614059,51.4737819],[-2.5611621,51.4741738],[-2.5609194,51.4746356],[-2.5607899,51.4749203],[-2.5605771,51.4755324],[-2.5603966,51.4762429],[-2.560346,51.4768192],[-2.5603545,51.4776025],[-2.5603808,51.4779576]]}},{"type":"Feature","properties":{"osm_id":24038204,"ref":"M32","corridor":"MetroBus m3"},"geometry":{"type":"LineString","coordinates":[[-2.5675719,51.4691193],[-2.5666225,51.4696675],[-2.5662598,51.4698883],[-2.5659364,51.4700812],[-2.5642376,51.4711409],[-2.5639513,51.4713176]]}},{"type":"Feature","properties":{"osm_id":19206391,"ref":"M32","corridor":"MetroBus m3"},"geometry":{"type":"LineString","coordinates":[[-2.5604364,51.4784234],[-2.5604776,51.4790284]]}},{"type":"Feature","properties":{"osm_id":84192334,"ref":"M32","corridor":"MetroBus m3"},"geometry":{"type":"LineString","coordinates":[[-2.5605428,51.4799979],[-2.5605422,51.4807013],[-2.5604894,51.4811236],[-2.5604034,51.4814694]]}},{"type":"Feature","properties":{"osm_id":817515524,"ref":"M32","corridor":"MetroBus m3"},"geometry":{"type":"LineString","coordinates":[[-2.5603808,51.4779576],[-2.5603853,51.4779953],[-2.5604364,51.4784234]]}},{"type":"Feature","properties":{"osm_id":1318890164,"ref":"M32","corridor":"MetroBus m3"},"geometry":{"type":"LineString","coordinates":[[-2.5604776,51.4790284],[-2.5605428,51.4799979]]}},{"type":"Feature","properties":{"osm_id":24038201,"ref":"M32","corridor":"MetroBus m3"},"geometry":{"type":"LineString","coordinates":[[-2.5604034,51.4814694],[-2.5600975,51.4822888],[-2.5598401,51.4827856],[-2.5595399,51.4832455],[-2.5590614,51.4838075],[-2.558737,51.4841401],[-2.5582851,51.484544],[-2.5576499,51.4850424],[-2.5571937,51.4853359]]}},{"type":"Feature","properties":{"osm_id":1284859793,"ref":"M32","corridor":"MetroBus m3"},"geometry":{"type":"LineString","coordinates":[[-2.5571937,51.4853359],[-2.5564401,51.4857642],[-2.5558476,51.4860575],[-2.5508673,51.4884399],[-2.5444891,51.4913522]]}},{"type":"Feature","properties":{"osm_id":1326058677,"ref":"M32","corridor":"MetroBus m3"},"geometry":{"type":"LineString","coordinates":[[-2.5444891,51.4913522],[-2.5440667,51.4915924],[-2.5431647,51.4920765]]}},{"type":"Feature","properties":{"osm_id":3416749,"name":"Coldharbour Lane","corridor":"MetroBus m3"},"geometry":{"type":"LineString","coordinates":[[-2.5447602,51.5026676],[-2.5447491,51.5026003],[-2.544631,51.5021739],[-2.5443607,51.5014242],[-2.5442289,51.5010617]]}},{"type":"Feature","properties":{"osm_id":170275603,"name":"Stoke Lane","corridor":"MetroBus m3"},"geometry":{"type":"LineString","coordinates":[[-2.5431531,51.4971089],[-2.54307,51.4969973],[-2.542973,51.4968398],[-2.542896,51.4967012],[-2.5428606,51.4966335],[-2.5427494,51.4964209],[-2.5427087,51.4963475],[-2.5426749,51.4962513]]}},{"type":"Feature","properties":{"osm_id":541768890,"corridor":"MetroBus m3"},"geometry":{"type":"LineString","coordinates":[[-2.5431647,51.4920765],[-2.5428684,51.4922239],[-2.5425387,51.4923877],[-2.541973,51.4926486],[-2.5414852,51.4928678],[-2.5412075,51.4929963],[-2.5410234,51.4930947],[-2.5408538,51.4932049],[-2.5407028,51.4933209],[-2.5405936,51.4934164],[-2.5404824,51.4935332],[-2.5403933,51.4936352],[-2.5402943,51.493725],[-2.5402185,51.4937685],[-2.5401136,51.4938033],[-2.5399988,51.4938208],[-2.5398869,51.4938251],[-2.5397843,51.493813],[-2.5396987,51.4937885],[-2.5396196,51.4937509]]}},{"type":"Feature","properties":{"osm_id":8145650,"corridor":"MetroBus m3"},"geometry":{"type":"LineString","coordinates":[[-2.5444279,51.5000726],[-2.5446505,51.5001178],[-2.5447011,51.5001282],[-2.5447541,51.5001367],[-2.5448131,51.5001404],[-2.5448598,51.5001364],[-2.5448959,51.5001283],[-2.5449293,51.5001173],[-2.5449612,51.5001035],[-2.5450099,51.5000762],[-2.5450511,51.5000466],[-2.5450829,51.5000158],[-2.5451063,51.4999847],[-2.5451163,51.4999652]]}},{"type":"Feature","properties":{"osm_id":8145651,"corridor":"MetroBus m3"},"geometry":{"type":"LineString","coordinates":[[-2.5452255,51.5003428],[-2.5451985,51.5003237],[-2.5451346,51.5002886],[-2.5450494,51.5002594],[-2.5449653,51.5002455],[-2.544928,51.500244],[-2.5448908,51.5002425],[-2.5447985,51.5002479],[-2.5447185,51.5002608],[-2.5446926,51.5002678],[-2.544622,51.5002946],[-2.5444785,51.5003621]]}},{"type":"Feature","properties":{"osm_id":58282267,"name":"Coldharbour Lane","corridor":"MetroBus m3"},"geometry":{"type":"LineString","coordinates":[[-2.5444125,51.5004251],[-2.544266,51.5006259],[-2.5442457,51.5006619],[-2.5442358,51.5006892],[-2.5442236,51.5007271],[-2.5442197,51.500759],[-2.5442244,51.500823],[-2.5442289,51.5010617]]}},{"type":"Feature","properties":{"osm_id":170269651,"name":"Stoke Lane","corridor":"MetroBus m3"},"geometry":{"type":"LineString","coordinates":[[-2.5437011,51.4978428],[-2.5436432,51.4977192]]}},{"type":"Feature","properties":{"osm_id":170269654,"name":"Stoke Lane","corridor":"MetroBus m3"},"geometry":{"type":"LineString","coordinates":[[-2.5439421,51.4996143],[-2.5440004,51.4997279],[-2.5440494,51.4997898],[-2.5440971,51.499839],[-2.5441513,51.4998829],[-2.5442181,51.4999365],[-2.5443295,51.5000144]]}},{"type":"Feature","properties":{"osm_id":170269661,"name":"Stoke Lane","corridor":"MetroBus m3"},"geometry":{"type":"LineString","coordinates":[[-2.5439421,51.4996143],[-2.5439259,51.4992252],[-2.5438907,51.4985536],[-2.5438815,51.4984893]]}},{"type":"Feature","properties":{"osm_id":179716098,"name":"Stoke Lane","corridor":"MetroBus m3"},"geometry":{"type":"LineString","coordinates":[[-2.5438815,51.4984893],[-2.5438694,51.4984287],[-2.5438413,51.4982649],[-2.5438023,51.4981066],[-2.5437612,51.4979861],[-2.5437011,51.4978428]]}},{"type":"Feature","properties":{"osm_id":203032221,"corridor":"MetroBus m3"},"geometry":{"type":"LineString","coordinates":[[-2.5444785,51.5003621],[-2.5444125,51.5004251]]}},{"type":"Feature","properties":{"osm_id":713785184,"name":"Stoke Lane","corridor":"MetroBus m3"},"geometry":{"type":"LineString","coordinates":[[-2.5436432,51.4977192],[-2.54348,51.4974945]]}},{"type":"Feature","properties":{"osm_id":722624579,"name":"Stoke Lane","corridor":"MetroBus m3"},"geometry":{"type":"LineString","coordinates":[[-2.54348,51.4974945],[-2.5433153,51.4972946],[-2.5431531,51.4971089]]}},{"type":"Feature","properties":{"osm_id":837084750,"corridor":"MetroBus m3"},"geometry":{"type":"LineString","coordinates":[[-2.5457664,51.4992966],[-2.5458352,51.4994275],[-2.5458674,51.4995095],[-2.5460118,51.5000204],[-2.5460389,51.5001162],[-2.5460464,51.5001608],[-2.5460759,51.5003352]]}},{"type":"Feature","properties":{"osm_id":988396758,"corridor":"MetroBus m3"},"geometry":{"type":"LineString","coordinates":[[-2.5451163,51.4999652],[-2.5451253,51.4999272],[-2.5451218,51.4998935],[-2.5450355,51.4995683],[-2.544927,51.4991938],[-2.544934,51.4991549],[-2.544955,51.4991176],[-2.5449846,51.4990831],[-2.5450295,51.4990433],[-2.545083,51.4990134],[-2.5451421,51.4989906],[-2.5452046,51.4989746],[-2.5452647,51.4989656],[-2.5453441,51.4989621],[-2.5454188,51.4989694],[-2.545496,51.4989852],[-2.5455676,51.499008],[-2.5456461,51.4990487]]}},{"type":"Feature","properties":{"osm_id":998884629,"corridor":"MetroBus m3"},"geometry":{"type":"LineString","coordinates":[[-2.5453583,51.5005449],[-2.5453216,51.5005151],[-2.5452954,51.5004787],[-2.5452707,51.5004203],[-2.5452407,51.5003602],[-2.5452255,51.5003428]]}},{"type":"Feature","properties":{"osm_id":998884630,"corridor":"MetroBus m3"},"geometry":{"type":"LineString","coordinates":[[-2.5456226,51.5006382],[-2.5455263,51.500619],[-2.545449,51.5005913],[-2.5453583,51.5005449]]}},{"type":"Feature","properties":{"osm_id":1284859794,"corridor":"MetroBus m3"},"geometry":{"type":"LineString","coordinates":[[-2.5460759,51.5003352],[-2.5460847,51.5003909],[-2.5460741,51.5004334],[-2.5460374,51.500499],[-2.5459809,51.500554],[-2.5459324,51.5005893],[-2.5458636,51.5006179],[-2.5457717,51.5006347],[-2.5456835,51.5006393],[-2.5456226,51.5006382]]}},{"type":"Feature","properties":{"osm_id":1350947973,"corridor":"MetroBus m3"},"geometry":{"type":"LineString","coordinates":[[-2.5456461,51.4990487],[-2.5456876,51.4990899],[-2.5457093,51.4991261],[-2.5457664,51.4992966]]}},{"type":"Feature","properties":{"osm_id":1377773516,"corridor":"MetroBus m3"},"geometry":{"type":"LineString","coordinates":[[-2.5443295,51.5000144],[-2.5444279,51.5000726]]}},{"type":"Feature","properties":{"osm_id":22731548,"name":"Stoke Lane","corridor":"MetroBus m3"},"geometry":{"type":"LineString","coordinates":[[-2.5418621,51.4928306],[-2.5416333,51.4922378]]}},{"type":"Feature","properties":{"osm_id":22731550,"name":"Stoke Lane","corridor":"MetroBus m3"},"geometry":{"type":"LineString","coordinates":[[-2.5416333,51.4922378],[-2.5414847,51.4918609],[-2.5413295,51.4916156],[-2.5411077,51.4913711],[-2.5409143,51.4911862]]}},{"type":"Feature","properties":{"osm_id":541768884,"corridor":"MetroBus m3"},"geometry":{"type":"LineString","coordinates":[[-2.5400558,51.4912622],[-2.5399313,51.4913086],[-2.5397882,51.491356],[-2.539606,51.4914072],[-2.5394169,51.4914549],[-2.5391645,51.4915074],[-2.5388813,51.4915594],[-2.5387402,51.4915856],[-2.5385809,51.4916193],[-2.5384731,51.4916487],[-2.5384326,51.4916622],[-2.5383975,51.4916756],[-2.5383452,51.4917054],[-2.5382967,51.4917424],[-2.5382576,51.4917852]]}},{"type":"Feature","properties":{"osm_id":541768888,"corridor":"MetroBus m3"},"geometry":{"type":"LineString","coordinates":[[-2.5392708,51.4934933],[-2.5390963,51.4933606],[-2.5389586,51.493257],[-2.538886,51.4931953],[-2.5388345,51.4931306],[-2.5388062,51.4930671],[-2.5388019,51.4929999],[-2.5388018,51.4928991],[-2.5387957,51.4928156],[-2.5387811,51.4926888],[-2.5387561,51.4925685],[-2.5387224,51.4924563],[-2.538673,51.4923432],[-2.5386079,51.4922169],[-2.5385515,51.4921315],[-2.5384867,51.4920416],[-2.5384265,51.4919664],[-2.5383716,51.4919085],[-2.5383237,51.4918682],[-2.5382921,51.4918338],[-2.5382576,51.4917852]]}},{"type":"Feature","properties":{"osm_id":541768889,"corridor":"MetroBus m3"},"geometry":{"type":"LineString","coordinates":[[-2.5396196,51.4937509],[-2.5392708,51.4934933]]}},{"type":"Feature","properties":{"osm_id":693613894,"name":"Stoke Lane","corridor":"MetroBus m3"},"geometry":{"type":"LineString","coordinates":[[-2.5409143,51.4911862],[-2.5407305,51.4910167]]}},{"type":"Feature","properties":{"osm_id":693613896,"corridor":"MetroBus m3"},"geometry":{"type":"LineString","coordinates":[[-2.5407305,51.4910167],[-2.5400558,51.4912622]]}},{"type":"Feature","properties":{"osm_id":440929922,"name":"Stoke Lane","corridor":"MetroBus m3"},"geometry":{"type":"LineString","coordinates":[[-2.5424232,51.4953837],[-2.5424125,51.4951768],[-2.5424164,51.4947571],[-2.5424058,51.4946114],[-2.5423857,51.4944764],[-2.5423043,51.4941613],[-2.5420938,51.4935628],[-2.5419669,51.4931806],[-2.5419029,51.4929578],[-2.5418621,51.4928306]]}},{"type":"Feature","properties":{"osm_id":133145243,"name":"Stoke Lane","corridor":"MetroBus m3"},"geometry":{"type":"LineString","coordinates":[[-2.5425094,51.4957951],[-2.5424694,51.4956378],[-2.5424232,51.4953837]]}},{"type":"Feature","properties":{"osm_id":440929923,"name":"Stoke Lane","corridor":"MetroBus m3"},"geometry":{"type":"LineString","coordinates":[[-2.5426749,51.4962513],[-2.5426135,51.4960821],[-2.5425751,51.4959761],[-2.5425094,51.4957951]]}},{"type":"Feature","properties":{"osm_id":4295501,"name":"Coldharbour Lane","corridor":"MetroBus m3"},"geometry":{"type":"LineString","coordinates":[[-2.5447602,51.5026676],[-2.544861,51.503054],[-2.5448689,51.5032866],[-2.5448655,51.503437],[-2.5448591,51.5035843],[-2.5447891,51.5038626],[-2.5447553,51.5040196],[-2.544721,51.5041409],[-2.5446821,51.5042601],[-2.5446566,51.5043583],[-2.5446381,51.5044407],[-2.5446318,51.5045736],[-2.5446376,51.5046391],[-2.5446422,51.5046807],[-2.5446487,51.5047537]]}},{"type":"Feature","properties":{"osm_id":224420661,"corridor":"MetroBus m3"},"geometry":{"type":"LineString","coordinates":[[-2.5446487,51.5047537],[-2.5446457,51.504802],[-2.5446294,51.5048438]]}},{"type":"Feature","properties":{"osm_id":887022152,"corridor":"MetroBus m3"},"geometry":{"type":"LineString","coordinates":[[-2.5446294,51.5048438],[-2.5446088,51.5048623],[-2.5445365,51.504899],[-2.5444811,51.5049228],[-2.5444216,51.5049465]]}},{"type":"Feature","properties":{"osm_id":887022156,"ref":"A4174","corridor":"MetroBus m3"},"geometry":{"type":"LineString","coordinates":[[-2.5444216,51.5049465],[-2.544183,51.5049723],[-2.5440154,51.5049914],[-2.5437605,51.5050237],[-2.5435198,51.505056],[-2.5430401,51.505129],[-2.5426758,51.5051912],[-2.5422699,51.5052665],[-2.5414976,51.5054222],[-2.5408567,51.5055567],[-2.5402766,51.505691],[-2.5396984,51.5058278]]}},{"type":"Feature","properties":{"osm_id":887023416,"ref":"A4174","corridor":"MetroBus m3"},"geometry":{"type":"LineString","coordinates":[[-2.5380473,51.5061449],[-2.5378404,51.5061751]]}},{"type":"Feature","properties":{"osm_id":1285161495,"ref":"A4174","corridor":"MetroBus m3"},"geometry":{"type":"LineString","coordinates":[[-2.5396984,51.5058278],[-2.5393619,51.5059004],[-2.5390324,51.5059718],[-2.5386704,51.5060403],[-2.5383017,51.5061044],[-2.53817,51.5061253],[-2.5380473,51.5061449]]}},{"type":"Feature","properties":{"osm_id":1491557657,"ref":"A4174","corridor":"MetroBus m3"},"geometry":{"type":"LineString","coordinates":[[-2.5378404,51.5061751],[-2.5376369,51.5062037],[-2.537425,51.5062299]]}},{"type":"Feature","properties":{"osm_id":1491557659,"ref":"A4174","corridor":"MetroBus m3"},"geometry":{"type":"LineString","coordinates":[[-2.5318767,51.5062364],[-2.5314147,51.5061853],[-2.5310415,51.5061367],[-2.5303891,51.5060362]]}},{"type":"Feature","properties":{"osm_id":1480328604,"ref":"A4174","corridor":"MetroBus m3"},"geometry":{"type":"LineString","coordinates":[[-2.537425,51.5062299],[-2.5371013,51.5062705],[-2.5368054,51.5063016],[-2.536404,51.5063387],[-2.5361324,51.5063579],[-2.5358423,51.5063752],[-2.5355482,51.5063894],[-2.5352389,51.5063989],[-2.5349489,51.5064031],[-2.5346487,51.5064022],[-2.5342443,51.506392],[-2.5337741,51.5063715],[-2.5332712,51.5063459],[-2.5326317,51.5063046],[-2.5318767,51.5062364]]}},{"type":"Feature","properties":{"osm_id":1480328605,"ref":"A4174","corridor":"MetroBus m3"},"geometry":{"type":"LineString","coordinates":[[-2.5303891,51.5060362],[-2.5301734,51.505999],[-2.5299683,51.5059602],[-2.5295487,51.505876],[-2.5292459,51.5058099],[-2.5290965,51.5057779],[-2.5289763,51.5057575],[-2.5288736,51.5057487],[-2.5287566,51.5057455],[-2.5286501,51.5057473],[-2.5282152,51.5057709]]}},{"type":"Feature","properties":{"osm_id":3399171,"name":"Frenchay Roundabout","corridor":"MetroBus m3"},"geometry":{"type":"LineString","coordinates":[[-2.5282152,51.5057709],[-2.5281501,51.5057893]]}},{"type":"Feature","properties":{"osm_id":202841436,"name":"Frenchay Roundabout","corridor":"MetroBus m3"},"geometry":{"type":"LineString","coordinates":[[-2.5281501,51.5057893],[-2.52795,51.5058296],[-2.5277898,51.5058447],[-2.5275677,51.5058418],[-2.5274117,51.5058254],[-2.5272623,51.5057997],[-2.5270815,51.505758],[-2.5269127,51.5057045],[-2.5267867,51.5056501],[-2.5266579,51.5055772],[-2.526519,51.5054791],[-2.5263968,51.5053787],[-2.5263851,51.5053676]]}},{"type":"Feature","properties":{"osm_id":38696984,"ref":"A4174","corridor":"MetroBus m3"},"geometry":{"type":"LineString","coordinates":[[-2.5217428,51.50427],[-2.5210449,51.5041655],[-2.5209636,51.504153],[-2.5208619,51.5041372]]}},{"type":"Feature","properties":{"osm_id":49976017,"ref":"A4174","corridor":"MetroBus m3"},"geometry":{"type":"LineString","coordinates":[[-2.5208619,51.5041372],[-2.5207739,51.5041237]]}},{"type":"Feature","properties":{"osm_id":843233302,"ref":"A4174","corridor":"MetroBus m3"},"geometry":{"type":"LineString","coordinates":[[-2.5207739,51.5041237],[-2.5206809,51.5041088]]}},{"type":"Feature","properties":{"osm_id":16915140,"ref":"A4174","corridor":"MetroBus m3"},"geometry":{"type":"LineString","coordinates":[[-2.5263851,51.5053676],[-2.5263083,51.5052845],[-2.526153,51.5051162],[-2.5259669,51.5050047],[-2.5258144,51.5049296],[-2.5256064,51.5048683],[-2.5251814,51.5047944],[-2.522345,51.5043629],[-2.5217428,51.50427]]}},{"type":"Feature","properties":{"osm_id":49976007,"ref":"A4174","corridor":"MetroBus m3"},"geometry":{"type":"LineString","coordinates":[[-2.5206809,51.5041088],[-2.5203751,51.5040622],[-2.5201456,51.5040288],[-2.5185115,51.5037662],[-2.5177636,51.5036439],[-2.5159072,51.5033309],[-2.5134383,51.5028713]]}},{"type":"Feature","properties":{"osm_id":3399181,"ref":"A4174","corridor":"MetroBus m3"},"geometry":{"type":"LineString","coordinates":[[-2.4893089,51.5053744],[-2.4887212,51.5052197],[-2.4880243,51.5050077],[-2.4875818,51.5048304],[-2.4872329,51.5046701],[-2.4865714,51.5043123],[-2.4858442,51.5038303],[-2.4857066,51.5037197],[-2.4838847,51.5022032],[-2.481777,51.500422]]}},{"type":"Feature","properties":{"osm_id":149642769,"name":"Westerleigh Lane","corridor":"MetroBus m3"},"geometry":{"type":"LineString","coordinates":[[-2.4778738,51.4994105],[-2.4774007,51.4994341],[-2.477009,51.4994545],[-2.4768407,51.4994628],[-2.4764525,51.4994816],[-2.4760444,51.4995018]]}},{"type":"Feature","properties":{"osm_id":149535697,"name":"Westerleigh Lane","corridor":"MetroBus m3"},"geometry":{"type":"LineString","coordinates":[[-2.479642,51.4992534],[-2.479552,51.4992218],[-2.4794713,51.4991956],[-2.4794143,51.4991826],[-2.4793285,51.4991713]]}},{"type":"Feature","properties":{"osm_id":149535699,"name":"Westerleigh Lane","corridor":"MetroBus m3"},"geometry":{"type":"LineString","coordinates":[[-2.4793285,51.4991713],[-2.4792006,51.4991882],[-2.4790773,51.4992073],[-2.4787117,51.4992687],[-2.4781867,51.4993585],[-2.4779052,51.4994073],[-2.4778738,51.4994105]]}},{"type":"Feature","properties":{"osm_id":436789995,"ref":"A4174","corridor":"MetroBus m3"},"geometry":{"type":"LineString","coordinates":[[-2.481777,51.500422],[-2.4809654,51.499739],[-2.4808345,51.4996521],[-2.4807057,51.4995975],[-2.4806525,51.4995769],[-2.4805869,51.4995621],[-2.4804604,51.49954]]}},{"type":"Feature","properties":{"osm_id":668114388,"name":"Lyde Green Roundabout","ref":"A4174","corridor":"MetroBus m3"},"geometry":{"type":"LineString","coordinates":[[-2.4798234,51.4994492],[-2.4797325,51.499381],[-2.4796576,51.4992969],[-2.479642,51.4992534]]}},{"type":"Feature","properties":{"osm_id":698770168,"name":"Lyde Green Roundabout","ref":"A4174","corridor":"MetroBus m3"},"geometry":{"type":"LineString","coordinates":[[-2.4803783,51.4995572],[-2.4802087,51.4995552],[-2.4800456,51.4995326],[-2.4798234,51.4994492]]}},{"type":"Feature","properties":{"osm_id":1470029652,"name":"Lyde Green Roundabout","ref":"A4174","corridor":"MetroBus m3"},"geometry":{"type":"LineString","coordinates":[[-2.4804604,51.49954],[-2.4803783,51.4995572]]}},{"type":"Feature","properties":{"osm_id":1284859796,"name":"Emerson Way","corridor":"MetroBus m3"},"geometry":{"type":"LineString","coordinates":[[-2.4721904,51.4913052],[-2.4718912,51.49132],[-2.47174,51.4913381],[-2.4715795,51.4913647],[-2.4714013,51.491398]]}},{"type":"Feature","properties":{"osm_id":1470029647,"corridor":"MetroBus m3"},"geometry":{"type":"LineString","coordinates":[[-2.4720672,51.4910746],[-2.472101,51.4910286],[-2.4721819,51.4909726],[-2.4723214,51.4909335]]}},{"type":"Feature","properties":{"osm_id":1470029648,"corridor":"MetroBus m3"},"geometry":{"type":"LineString","coordinates":[[-2.4723214,51.4909335],[-2.4724637,51.4909357],[-2.4725269,51.4909472]]}},{"type":"Feature","properties":{"osm_id":1470029649,"corridor":"MetroBus m3"},"geometry":{"type":"LineString","coordinates":[[-2.4725269,51.4909472],[-2.4725778,51.4909683],[-2.4726863,51.4910496],[-2.4727155,51.4911154],[-2.4727035,51.4911835]]}},{"type":"Feature","properties":{"osm_id":1470029650,"corridor":"MetroBus m3"},"geometry":{"type":"LineString","coordinates":[[-2.4727035,51.4911835],[-2.4727001,51.4912027],[-2.4726235,51.4912812],[-2.4725049,51.4913301]]}},{"type":"Feature","properties":{"osm_id":1470029651,"corridor":"MetroBus m3"},"geometry":{"type":"LineString","coordinates":[[-2.4725049,51.4913301],[-2.4723585,51.4913435],[-2.4722616,51.4913295],[-2.4721904,51.4913052]]}},{"type":"Feature","properties":{"osm_id":3575468,"name":"Rosary Roundabout","ref":"A4174","corridor":"MetroBus m3"},"geometry":{"type":"LineString","coordinates":[[-2.4700915,51.4913581],[-2.470232,51.4913813],[-2.4702783,51.4913905]]}},{"type":"Feature","properties":{"osm_id":203037224,"name":"Rosary Roundabout","ref":"A4174","corridor":"MetroBus m3"},"geometry":{"type":"LineString","coordinates":[[-2.4694379,51.4916493],[-2.4694869,51.4915587],[-2.4695721,51.4914792],[-2.4696796,51.4914195],[-2.4698073,51.4913779],[-2.46993,51.4913595],[-2.4700915,51.4913581]]}},{"type":"Feature","properties":{"osm_id":307144542,"name":"Willowherb Road","corridor":"MetroBus m3"},"geometry":{"type":"LineString","coordinates":[[-2.4685772,51.4927974],[-2.4685484,51.4928605],[-2.4685084,51.4929433],[-2.4684291,51.4930739],[-2.4683033,51.4932011],[-2.4682344,51.4932851],[-2.4681926,51.4933361],[-2.4680955,51.4934801],[-2.4679687,51.4937014],[-2.4677798,51.4940941],[-2.4677595,51.4941335],[-2.4675742,51.4945099]]}},{"type":"Feature","properties":{"osm_id":406932500,"name":"Willowherb Road","corridor":"MetroBus m3"},"geometry":{"type":"LineString","coordinates":[[-2.4675742,51.4945099],[-2.4674916,51.4946418],[-2.4674649,51.4947554],[-2.4674963,51.4948234],[-2.4675538,51.4948963]]}},{"type":"Feature","properties":{"osm_id":415667134,"name":"Willowherb Road","corridor":"MetroBus m3"},"geometry":{"type":"LineString","coordinates":[[-2.4688015,51.4924512],[-2.4688604,51.4923651],[-2.4689619,51.4922864],[-2.4690896,51.4922142],[-2.4692117,51.4921546],[-2.4693087,51.4920875],[-2.4693657,51.4920258],[-2.469459,51.4918384]]}},{"type":"Feature","properties":{"osm_id":450918755,"name":"Willowherb Road","corridor":"MetroBus m3"},"geometry":{"type":"LineString","coordinates":[[-2.4688015,51.4924512],[-2.4687772,51.4924698],[-2.4686336,51.4926643],[-2.4685772,51.4927974]]}},{"type":"Feature","properties":{"osm_id":1100999452,"name":"Rosary Roundabout","ref":"A4174","corridor":"MetroBus m3"},"geometry":{"type":"LineString","coordinates":[[-2.469459,51.4918384],[-2.4694284,51.4917447],[-2.4694379,51.4916493]]}},{"type":"Feature","properties":{"osm_id":4820433,"name":"Emerson Way","corridor":"MetroBus m3"},"geometry":{"type":"LineString","coordinates":[[-2.4702783,51.4913905],[-2.4705318,51.4913931],[-2.4706703,51.4913948],[-2.4708088,51.4913965],[-2.4710034,51.4913771],[-2.4716313,51.4912659],[-2.4717399,51.4912404],[-2.4718326,51.4912049],[-2.4720672,51.4910746]]}},{"type":"Feature","properties":{"osm_id":349276172,"name":"Jenner Boulevard","corridor":"MetroBus m3"},"geometry":{"type":"LineString","coordinates":[[-2.4749875,51.5014831],[-2.4750958,51.501462],[-2.4752437,51.5014347],[-2.4754915,51.5014098]]}},{"type":"Feature","properties":{"osm_id":1173359465,"name":"Jenner Boulevard","corridor":"MetroBus m3"},"geometry":{"type":"LineString","coordinates":[[-2.4680838,51.5015202],[-2.4678269,51.5014614],[-2.4677559,51.5014464],[-2.4677,51.5014301],[-2.4676753,51.50142],[-2.4676518,51.5014088],[-2.4676296,51.5013941],[-2.4676201,51.501386],[-2.4676121,51.5013791],[-2.4675946,51.5013604],[-2.4675833,51.501342],[-2.467573,51.5013234],[-2.4675589,51.5012873],[-2.467548,51.5012478],[-2.4675432,51.5012064]]}},{"type":"Feature","properties":{"osm_id":1384102771,"name":"Willowherb Road","corridor":"MetroBus m3"},"geometry":{"type":"LineString","coordinates":[[-2.4675538,51.4948963],[-2.4676285,51.494937],[-2.4677297,51.4949699],[-2.4678293,51.4949868],[-2.4679528,51.4950086],[-2.4680129,51.4950184]]}},{"type":"Feature","properties":{"osm_id":149642767,"name":"Feynman Way (North)","corridor":"MetroBus m3"},"geometry":{"type":"LineString","coordinates":[[-2.4760444,51.4995018],[-2.476122,51.4999925],[-2.4762405,51.5006991],[-2.4762629,51.5008944]]}},{"type":"Feature","properties":{"osm_id":450918753,"name":"Feynman Way (North)","corridor":"MetroBus m3"},"geometry":{"type":"LineString","coordinates":[[-2.4762629,51.5008944],[-2.4763043,51.5012562],[-2.4763209,51.5014012]]}},{"type":"Feature","properties":{"osm_id":699452859,"name":"Jenner Boulevard","corridor":"MetroBus m3"},"geometry":{"type":"LineString","coordinates":[[-2.4754915,51.5014098],[-2.4760791,51.501403],[-2.4763209,51.5014012]]}},{"type":"Feature","properties":{"osm_id":307146376,"name":"Willowherb Road","corridor":"MetroBus m3"},"geometry":{"type":"LineString","coordinates":[[-2.4682833,51.4950635],[-2.4683197,51.4950693],[-2.4687063,51.4951222],[-2.4689801,51.4951575],[-2.4692639,51.4951828],[-2.4694777,51.4952301],[-2.4697634,51.4953243],[-2.4699298,51.4954124],[-2.4700242,51.495478],[-2.4700901,51.4955571],[-2.4702027,51.4956957],[-2.4702525,51.4959636],[-2.4703163,51.4963243],[-2.4703437,51.4964794],[-2.4704204,51.4965695],[-2.4704619,51.4966035],[-2.4705017,51.4967124],[-2.4705273,51.4968919],[-2.4705425,51.4970854],[-2.4705443,51.4971281],[-2.4705595,51.4974808],[-2.4705412,51.4976443],[-2.4705291,51.4977526],[-2.470514,51.4978488],[-2.4704966,51.49796],[-2.4704702,51.4980377],[-2.470384,51.4981337]]}},{"type":"Feature","properties":{"osm_id":324312821,"name":"Willowherb Road","corridor":"MetroBus m3"},"geometry":{"type":"LineString","coordinates":[[-2.4680129,51.4950184],[-2.4682833,51.4950635]]}},{"type":"Feature","properties":{"osm_id":438130755,"name":"Willowherb Road","corridor":"MetroBus m3"},"geometry":{"type":"LineString","coordinates":[[-2.4685704,51.5000245],[-2.4685451,51.5000551],[-2.4683787,51.500251],[-2.4682515,51.5004039],[-2.4679068,51.5008078],[-2.4678958,51.5008206],[-2.4678079,51.5009174]]}},{"type":"Feature","properties":{"osm_id":438130756,"name":"Willowherb Road","corridor":"MetroBus m3"},"geometry":{"type":"LineString","coordinates":[[-2.4687041,51.4998675],[-2.4686448,51.4999356],[-2.4685704,51.5000245]]}},{"type":"Feature","properties":{"osm_id":1173359463,"name":"Willowherb Road","corridor":"MetroBus m3"},"geometry":{"type":"LineString","coordinates":[[-2.4675432,51.5012064],[-2.4675451,51.5011857],[-2.4675496,51.5011643],[-2.4675708,51.5011204],[-2.467593,51.5010955],[-2.4676079,51.5010787],[-2.4676471,51.5010437],[-2.4678079,51.5009174]]}},{"type":"Feature","properties":{"osm_id":1284859795,"name":"Willowherb Road","corridor":"MetroBus m3"},"geometry":{"type":"LineString","coordinates":[[-2.470384,51.4981337],[-2.4699931,51.4985639],[-2.4698582,51.4987104],[-2.4697481,51.4988987],[-2.4696818,51.4989917],[-2.4693703,51.4993453],[-2.4690848,51.4996538],[-2.4690137,51.4997124],[-2.4689297,51.499756],[-2.4687647,51.4998238],[-2.4687041,51.4998675]]}},{"type":"Feature","properties":{"osm_id":33733781,"ref":"A4174","corridor":"MetroBus m3"},"geometry":{"type":"LineString","coordinates":[[-2.5134383,51.5028713],[-2.5128103,51.5027401],[-2.5122246,51.5026084],[-2.5117363,51.5024811]]}},{"type":"Feature","properties":{"osm_id":512295117,"ref":"A4174","corridor":"MetroBus m3"},"geometry":{"type":"LineString","coordinates":[[-2.5117363,51.5024811],[-2.5114169,51.5023832],[-2.511275,51.5023362],[-2.5111233,51.5022824]]}},{"type":"Feature","properties":{"osm_id":1101011897,"ref":"A4174","corridor":"MetroBus m3"},"geometry":{"type":"LineString","coordinates":[[-2.5095194,51.5022015],[-2.5092316,51.5022898],[-2.50864,51.5025197]]}},{"type":"Feature","properties":{"osm_id":9704618,"ref":"A4174","corridor":"MetroBus m3"},"geometry":{"type":"LineString","coordinates":[[-2.5111233,51.5022824],[-2.5106625,51.5021788],[-2.5103644,51.502146],[-2.5101338,51.502137],[-2.5098906,51.5021495],[-2.5095194,51.5022015]]}},{"type":"Feature","properties":{"osm_id":203037239,"ref":"A4174","corridor":"MetroBus m3"},"geometry":{"type":"LineString","coordinates":[[-2.50864,51.5025197],[-2.5080063,51.5027588],[-2.5076277,51.5029088],[-2.50687,51.5031497],[-2.5063181,51.5033057],[-2.5056987,51.5034458],[-2.5051581,51.5035513],[-2.5045729,51.5036456],[-2.5020302,51.5039813],[-2.4978475,51.5045221],[-2.4936971,51.5050612],[-2.4920266,51.5052693],[-2.4914895,51.5053461]]}},{"type":"Feature","properties":{"osm_id":1470029641,"name":"Wick Wick Roundabout","corridor":"MetroBus m3"},"geometry":{"type":"LineString","coordinates":[[-2.4906731,51.505572],[-2.4906182,51.5056012]]}},{"type":"Feature","properties":{"osm_id":1531442239,"ref":"A4174","corridor":"MetroBus m3"},"geometry":{"type":"LineString","coordinates":[[-2.4914895,51.5053461],[-2.4911987,51.5054029],[-2.4909173,51.5054914],[-2.4906731,51.505572]]}},{"type":"Feature","properties":{"osm_id":1531000799,"name":"Wick Wick Roundabout","corridor":"MetroBus m3"},"geometry":{"type":"LineString","coordinates":[[-2.4906182,51.5056012],[-2.4905559,51.5056232],[-2.490467,51.5056403],[-2.4903519,51.5056541],[-2.4902398,51.5056544],[-2.4901146,51.5056322],[-2.4899843,51.5055955]]}},{"type":"Feature","properties":{"osm_id":1531000800,"name":"Wick Wick Roundabout","corridor":"MetroBus m3"},"geometry":{"type":"LineString","coordinates":[[-2.4899843,51.5055955],[-2.4899367,51.5055652]]}},{"type":"Feature","properties":{"osm_id":1531442228,"ref":"A4174","corridor":"MetroBus m3"},"geometry":{"type":"LineString","coordinates":[[-2.4899367,51.5055652],[-2.4893089,51.5053744]]}},{"type":"Feature","properties":{"osm_id":116548564,"name":"Jenner Boulevard","corridor":"MetroBus m3"},"geometry":{"type":"LineString","coordinates":[[-2.4680838,51.5015202],[-2.4683824,51.501625],[-2.4687806,51.501765],[-2.4689132,51.5018127],[-2.4692995,51.5019518],[-2.4694904,51.5020167],[-2.4696042,51.5020554],[-2.4702854,51.5022913],[-2.4705353,51.502355],[-2.4707913,51.5023709],[-2.4711364,51.5023496],[-2.4714785,51.5023284],[-2.4716368,51.5023186],[-2.471881,51.5023003],[-2.4719094,51.5022989],[-2.4723606,51.5022773],[-2.472397,51.502274],[-2.4726518,51.5022591],[-2.4727813,51.5022516],[-2.4729193,51.5022445],[-2.4731613,51.5022306],[-2.4733409,51.5022088],[-2.4734808,51.5021812],[-2.4735818,51.5021458],[-2.4737342,51.5020785],[-2.4739291,51.5019915],[-2.4744199,51.5017525],[-2.4747189,51.5015961],[-2.4748256,51.5015456],[-2.4749319,51.5014992],[-2.4749875,51.5014831]]}},{"type":"Feature","properties":{"osm_id":3528791,"name":"Colston Avenue","corridor":"MetroBus m4"},"geometry":{"type":"LineString","coordinates":[[-2.5970134,51.4547255],[-2.5970303,51.4546379],[-2.5970201,51.4545885],[-2.596993,51.4545373]]}},{"type":"Feature","properties":{"osm_id":39020691,"name":"Colston Avenue","ref":"A38","corridor":"MetroBus m4"},"geometry":{"type":"LineString","coordinates":[[-2.5970134,51.4547255],[-2.5969931,51.4547467],[-2.5969717,51.454769],[-2.5966705,51.4550851]]}},{"type":"Feature","properties":{"osm_id":561043839,"name":"Colston Avenue","corridor":"MetroBus m4"},"geometry":{"type":"LineString","coordinates":[[-2.5968005,51.4543234],[-2.5968111,51.454359],[-2.5968142,51.4543649],[-2.5968277,51.4543909],[-2.5968556,51.4544177],[-2.5968783,51.454432],[-2.5969247,51.4544495]]}},{"type":"Feature","properties":{"osm_id":562883782,"name":"Colston Avenue","corridor":"MetroBus m4"},"geometry":{"type":"LineString","coordinates":[[-2.596993,51.4545373],[-2.5969247,51.4544495]]}},{"type":"Feature","properties":{"osm_id":1411783299,"name":"Colston Avenue","ref":"A38","corridor":"MetroBus m4"},"geometry":{"type":"LineString","coordinates":[[-2.5966705,51.4550851],[-2.5964974,51.4552638],[-2.5964032,51.4553711]]}},{"type":"Feature","properties":{"osm_id":1470028837,"name":"Colston Avenue","corridor":"MetroBus m4"},"geometry":{"type":"LineString","coordinates":[[-2.5968655,51.4541522],[-2.5968208,51.4542527],[-2.5968005,51.4543234]]}},{"type":"Feature","properties":{"osm_id":4002732,"name":"Colston Avenue","ref":"A38","corridor":"MetroBus m4"},"geometry":{"type":"LineString","coordinates":[[-2.5964032,51.4553711],[-2.5963352,51.4555025],[-2.5962435,51.4557089],[-2.5961898,51.4558952],[-2.5961277,51.4561105]]}},{"type":"Feature","properties":{"osm_id":202761561,"name":"Lewins Mead","ref":"A38","corridor":"MetroBus m4"},"geometry":{"type":"LineString","coordinates":[[-2.5954039,51.4571877],[-2.5952744,51.4572636],[-2.5951546,51.4573199]]}},{"type":"Feature","properties":{"osm_id":42878554,"name":"Lewins Mead","ref":"A38","corridor":"MetroBus m4"},"geometry":{"type":"LineString","coordinates":[[-2.5959631,51.4566591],[-2.595783,51.4569252],[-2.5956528,51.4570287],[-2.5955704,51.4570867],[-2.5954039,51.4571877]]}},{"type":"Feature","properties":{"osm_id":177586092,"name":"Lewins Mead","ref":"A38","corridor":"MetroBus m4"},"geometry":{"type":"LineString","coordinates":[[-2.5961277,51.4561105],[-2.5960927,51.4562859]]}},{"type":"Feature","properties":{"osm_id":177586093,"name":"Lewins Mead","ref":"A38","corridor":"MetroBus m4"},"geometry":{"type":"LineString","coordinates":[[-2.5960368,51.4564769],[-2.5959631,51.4566591]]}},{"type":"Feature","properties":{"osm_id":1350940163,"name":"Lewins Mead","ref":"A38","corridor":"MetroBus m4"},"geometry":{"type":"LineString","coordinates":[[-2.5960927,51.4562859],[-2.5960368,51.4564769]]}},{"type":"Feature","properties":{"osm_id":3526935,"name":"Newfoundland Way","ref":"A4032","corridor":"MetroBus m4"},"geometry":{"type":"LineString","coordinates":[[-2.5829821,51.4602485],[-2.5826486,51.4603958],[-2.582468,51.4604658],[-2.5824038,51.4604908],[-2.5822928,51.4605368],[-2.5819001,51.460701],[-2.581826,51.4607342],[-2.5815743,51.4608523],[-2.5810677,51.4610935]]}},{"type":"Feature","properties":{"osm_id":365415331,"name":"Bond Street","ref":"A4044","corridor":"MetroBus m4"},"geometry":{"type":"LineString","coordinates":[[-2.5894382,51.4594019],[-2.5892123,51.4594016],[-2.589061,51.4594061],[-2.5889915,51.459406],[-2.5888748,51.4594074],[-2.5883261,51.4594346],[-2.5880591,51.4594324]]}},{"type":"Feature","properties":{"osm_id":3527220,"name":"Bond Street","ref":"A4044","corridor":"MetroBus m4"},"geometry":{"type":"LineString","coordinates":[[-2.5901682,51.4596839],[-2.5899505,51.4595861]]}},{"type":"Feature","properties":{"osm_id":3894321,"name":"The Haymarket","ref":"A38","corridor":"MetroBus m4"},"geometry":{"type":"LineString","coordinates":[[-2.5918544,51.4584371],[-2.5917573,51.4585511],[-2.591621,51.4586772],[-2.5915126,51.4587767],[-2.5914135,51.4588617],[-2.5913843,51.4588903],[-2.5913398,51.4589422],[-2.5913209,51.458968],[-2.5913044,51.4590141],[-2.5912945,51.4590419],[-2.5913194,51.45917]]}},{"type":"Feature","properties":{"osm_id":37283067,"name":"St James' Barton","ref":"A38","corridor":"MetroBus m4"},"geometry":{"type":"LineString","coordinates":[[-2.5914535,51.4594061],[-2.5914283,51.4594895],[-2.5913738,51.4595638],[-2.5912657,51.4596398]]}},{"type":"Feature","properties":{"osm_id":38696932,"name":"St James' Barton","ref":"A38","corridor":"MetroBus m4"},"geometry":{"type":"LineString","coordinates":[[-2.5913194,51.45917],[-2.5913822,51.4592607],[-2.5914535,51.4594061]]}},{"type":"Feature","properties":{"osm_id":39247608,"name":"The Haymarket","ref":"A38","corridor":"MetroBus m4"},"geometry":{"type":"LineString","coordinates":[[-2.5929344,51.4579162],[-2.5927608,51.4579417]]}},{"type":"Feature","properties":{"osm_id":159023238,"name":"Lower Maudlin Street","ref":"A38","corridor":"MetroBus m4"},"geometry":{"type":"LineString","coordinates":[[-2.5927608,51.4579417],[-2.5926219,51.4579613]]}},{"type":"Feature","properties":{"osm_id":202755223,"name":"St James' Barton","ref":"A38","corridor":"MetroBus m4"},"geometry":{"type":"LineString","coordinates":[[-2.5903723,51.4598031],[-2.5901682,51.4596839]]}},{"type":"Feature","properties":{"osm_id":202755224,"name":"St James' Barton","ref":"A38","corridor":"MetroBus m4"},"geometry":{"type":"LineString","coordinates":[[-2.5909588,51.4597523],[-2.5907513,51.4598148],[-2.5907039,51.4598269],[-2.5906121,51.4598411],[-2.5904855,51.459834]]}},{"type":"Feature","properties":{"osm_id":203007433,"name":"Lewins Mead","ref":"A38","corridor":"MetroBus m4"},"geometry":{"type":"LineString","coordinates":[[-2.5934442,51.4578066],[-2.5930905,51.4578869],[-2.5930787,51.4578894],[-2.5930269,51.4579005],[-2.5929344,51.4579162]]}},{"type":"Feature","properties":{"osm_id":203022643,"name":"Bond Street","ref":"A4044","corridor":"MetroBus m4"},"geometry":{"type":"LineString","coordinates":[[-2.5899505,51.4595861],[-2.5898529,51.4595266],[-2.5897076,51.4594548],[-2.5895881,51.4594213],[-2.5894382,51.4594019]]}},{"type":"Feature","properties":{"osm_id":203035036,"name":"St James' Barton","ref":"A38","corridor":"MetroBus m4"},"geometry":{"type":"LineString","coordinates":[[-2.5912657,51.4596398],[-2.5909588,51.4597523]]}},{"type":"Feature","properties":{"osm_id":217597694,"name":"The Haymarket","ref":"A38","corridor":"MetroBus m4"},"geometry":{"type":"LineString","coordinates":[[-2.5926219,51.4579613],[-2.5924816,51.4579923],[-2.5923851,51.458022],[-2.5922957,51.458058],[-2.592226,51.4581008],[-2.5918544,51.4584371]]}},{"type":"Feature","properties":{"osm_id":1414930796,"name":"St James' Barton","ref":"A38","corridor":"MetroBus m4"},"geometry":{"type":"LineString","coordinates":[[-2.5904855,51.459834],[-2.5903723,51.4598031]]}},{"type":"Feature","properties":{"osm_id":1507813413,"name":"Lewins Mead","ref":"A38","corridor":"MetroBus m4"},"geometry":{"type":"LineString","coordinates":[[-2.5951546,51.4573199],[-2.595024,51.4573791],[-2.5948231,51.4574456],[-2.5939967,51.457662]]}},{"type":"Feature","properties":{"osm_id":1507883920,"name":"Lewins Mead","ref":"A38","corridor":"MetroBus m4"},"geometry":{"type":"LineString","coordinates":[[-2.5939967,51.457662],[-2.5934442,51.4578066]]}},{"type":"Feature","properties":{"osm_id":3526938,"name":"Newfoundland Circus","corridor":"MetroBus m4"},"geometry":{"type":"LineString","coordinates":[[-2.5840666,51.4597591],[-2.583973,51.4597986],[-2.5839068,51.4598285],[-2.5829821,51.4602485]]}},{"type":"Feature","properties":{"osm_id":194944269,"name":"Bond Street","ref":"A4044","corridor":"MetroBus m4"},"geometry":{"type":"LineString","coordinates":[[-2.5872066,51.4594245],[-2.5871216,51.4594191],[-2.5870536,51.459414],[-2.5868767,51.459397],[-2.586292,51.4593265],[-2.5860495,51.4593033],[-2.5858336,51.4592919],[-2.5856308,51.4592966],[-2.5854224,51.4593165],[-2.5851942,51.4593633],[-2.5851593,51.4593728],[-2.5851025,51.4593896],[-2.584881,51.4594595],[-2.5846506,51.4595323],[-2.5842706,51.4596736],[-2.5842083,51.4596995]]}},{"type":"Feature","properties":{"osm_id":203022640,"name":"Bond Street","ref":"A4044","corridor":"MetroBus m4"},"geometry":{"type":"LineString","coordinates":[[-2.5880591,51.4594324],[-2.5879326,51.4594344],[-2.5875018,51.4594339],[-2.5872066,51.4594245]]}},{"type":"Feature","properties":{"osm_id":382884738,"name":"Bond Street","ref":"A4044","corridor":"MetroBus m4"},"geometry":{"type":"LineString","coordinates":[[-2.5842083,51.4596995],[-2.5840666,51.4597591]]}},{"type":"Feature","properties":{"osm_id":692191935,"name":"Newfoundland Way","ref":"A4032","corridor":"MetroBus m4"},"geometry":{"type":"LineString","coordinates":[[-2.5810677,51.4610935],[-2.5806492,51.4613622],[-2.5777684,51.463785]]}},{"type":"Feature","properties":{"osm_id":3509256,"ref":"M32","corridor":"MetroBus m4"},"geometry":{"type":"LineString","coordinates":[[-2.5746515,51.4663661],[-2.574072,51.4667472],[-2.573427,51.4670595],[-2.5729572,51.467251],[-2.5722447,51.4674759],[-2.5709629,51.4678469],[-2.5701141,51.4680814],[-2.5696745,51.4682235],[-2.5689386,51.4684956],[-2.5685049,51.4686771],[-2.5675719,51.4691193]]}},{"type":"Feature","properties":{"osm_id":4828416,"ref":"M32","corridor":"MetroBus m4"},"geometry":{"type":"LineString","coordinates":[[-2.5777684,51.463785],[-2.5769379,51.4644622],[-2.5766439,51.4647122],[-2.575492,51.4656919],[-2.5750354,51.4660678],[-2.5746515,51.4663661]]}},{"type":"Feature","properties":{"osm_id":133391622,"ref":"M32","corridor":"MetroBus m4"},"geometry":{"type":"LineString","coordinates":[[-2.5639513,51.4713176],[-2.56338,51.471727],[-2.5627685,51.4722328],[-2.5621202,51.4728729],[-2.5618727,51.4731594],[-2.5616653,51.4734295],[-2.5614059,51.4737819],[-2.5611621,51.4741738],[-2.5609194,51.4746356],[-2.5607899,51.4749203],[-2.5605771,51.4755324],[-2.5603966,51.4762429],[-2.560346,51.4768192],[-2.5603545,51.4776025],[-2.5603808,51.4779576]]}},{"type":"Feature","properties":{"osm_id":24038204,"ref":"M32","corridor":"MetroBus m4"},"geometry":{"type":"LineString","coordinates":[[-2.5675719,51.4691193],[-2.5666225,51.4696675],[-2.5662598,51.4698883],[-2.5659364,51.4700812],[-2.5642376,51.4711409],[-2.5639513,51.4713176]]}},{"type":"Feature","properties":{"osm_id":19206391,"ref":"M32","corridor":"MetroBus m4"},"geometry":{"type":"LineString","coordinates":[[-2.5604364,51.4784234],[-2.5604776,51.4790284]]}},{"type":"Feature","properties":{"osm_id":84192334,"ref":"M32","corridor":"MetroBus m4"},"geometry":{"type":"LineString","coordinates":[[-2.5605428,51.4799979],[-2.5605422,51.4807013],[-2.5604894,51.4811236],[-2.5604034,51.4814694]]}},{"type":"Feature","properties":{"osm_id":817515524,"ref":"M32","corridor":"MetroBus m4"},"geometry":{"type":"LineString","coordinates":[[-2.5603808,51.4779576],[-2.5603853,51.4779953],[-2.5604364,51.4784234]]}},{"type":"Feature","properties":{"osm_id":1318890164,"ref":"M32","corridor":"MetroBus m4"},"geometry":{"type":"LineString","coordinates":[[-2.5604776,51.4790284],[-2.5605428,51.4799979]]}},{"type":"Feature","properties":{"osm_id":24038201,"ref":"M32","corridor":"MetroBus m4"},"geometry":{"type":"LineString","coordinates":[[-2.5604034,51.4814694],[-2.5600975,51.4822888],[-2.5598401,51.4827856],[-2.5595399,51.4832455],[-2.5590614,51.4838075],[-2.558737,51.4841401],[-2.5582851,51.484544],[-2.5576499,51.4850424],[-2.5571937,51.4853359]]}},{"type":"Feature","properties":{"osm_id":1284859793,"ref":"M32","corridor":"MetroBus m4"},"geometry":{"type":"LineString","coordinates":[[-2.5571937,51.4853359],[-2.5564401,51.4857642],[-2.5558476,51.4860575],[-2.5508673,51.4884399],[-2.5444891,51.4913522]]}},{"type":"Feature","properties":{"osm_id":1326058677,"ref":"M32","corridor":"MetroBus m4"},"geometry":{"type":"LineString","coordinates":[[-2.5444891,51.4913522],[-2.5440667,51.4915924],[-2.5431647,51.4920765]]}},{"type":"Feature","properties":{"osm_id":3416749,"name":"Coldharbour Lane","corridor":"MetroBus m4"},"geometry":{"type":"LineString","coordinates":[[-2.5447602,51.5026676],[-2.5447491,51.5026003],[-2.544631,51.5021739],[-2.5443607,51.5014242],[-2.5442289,51.5010617]]}},{"type":"Feature","properties":{"osm_id":170275603,"name":"Stoke Lane","corridor":"MetroBus m4"},"geometry":{"type":"LineString","coordinates":[[-2.5431531,51.4971089],[-2.54307,51.4969973],[-2.542973,51.4968398],[-2.542896,51.4967012],[-2.5428606,51.4966335],[-2.5427494,51.4964209],[-2.5427087,51.4963475],[-2.5426749,51.4962513]]}},{"type":"Feature","properties":{"osm_id":541768890,"corridor":"MetroBus m4"},"geometry":{"type":"LineString","coordinates":[[-2.5431647,51.4920765],[-2.5428684,51.4922239],[-2.5425387,51.4923877],[-2.541973,51.4926486],[-2.5414852,51.4928678],[-2.5412075,51.4929963],[-2.5410234,51.4930947],[-2.5408538,51.4932049],[-2.5407028,51.4933209],[-2.5405936,51.4934164],[-2.5404824,51.4935332],[-2.5403933,51.4936352],[-2.5402943,51.493725],[-2.5402185,51.4937685],[-2.5401136,51.4938033],[-2.5399988,51.4938208],[-2.5398869,51.4938251],[-2.5397843,51.493813],[-2.5396987,51.4937885],[-2.5396196,51.4937509]]}},{"type":"Feature","properties":{"osm_id":8145650,"corridor":"MetroBus m4"},"geometry":{"type":"LineString","coordinates":[[-2.5444279,51.5000726],[-2.5446505,51.5001178],[-2.5447011,51.5001282],[-2.5447541,51.5001367],[-2.5448131,51.5001404],[-2.5448598,51.5001364],[-2.5448959,51.5001283],[-2.5449293,51.5001173],[-2.5449612,51.5001035],[-2.5450099,51.5000762],[-2.5450511,51.5000466],[-2.5450829,51.5000158],[-2.5451063,51.4999847],[-2.5451163,51.4999652]]}},{"type":"Feature","properties":{"osm_id":8145651,"corridor":"MetroBus m4"},"geometry":{"type":"LineString","coordinates":[[-2.5452255,51.5003428],[-2.5451985,51.5003237],[-2.5451346,51.5002886],[-2.5450494,51.5002594],[-2.5449653,51.5002455],[-2.544928,51.500244],[-2.5448908,51.5002425],[-2.5447985,51.5002479],[-2.5447185,51.5002608],[-2.5446926,51.5002678],[-2.544622,51.5002946],[-2.5444785,51.5003621]]}},{"type":"Feature","properties":{"osm_id":58282267,"name":"Coldharbour Lane","corridor":"MetroBus m4"},"geometry":{"type":"LineString","coordinates":[[-2.5444125,51.5004251],[-2.544266,51.5006259],[-2.5442457,51.5006619],[-2.5442358,51.5006892],[-2.5442236,51.5007271],[-2.5442197,51.500759],[-2.5442244,51.500823],[-2.5442289,51.5010617]]}},{"type":"Feature","properties":{"osm_id":170269651,"name":"Stoke Lane","corridor":"MetroBus m4"},"geometry":{"type":"LineString","coordinates":[[-2.5437011,51.4978428],[-2.5436432,51.4977192]]}},{"type":"Feature","properties":{"osm_id":170269654,"name":"Stoke Lane","corridor":"MetroBus m4"},"geometry":{"type":"LineString","coordinates":[[-2.5439421,51.4996143],[-2.5440004,51.4997279],[-2.5440494,51.4997898],[-2.5440971,51.499839],[-2.5441513,51.4998829],[-2.5442181,51.4999365],[-2.5443295,51.5000144]]}},{"type":"Feature","properties":{"osm_id":170269661,"name":"Stoke Lane","corridor":"MetroBus m4"},"geometry":{"type":"LineString","coordinates":[[-2.5439421,51.4996143],[-2.5439259,51.4992252],[-2.5438907,51.4985536],[-2.5438815,51.4984893]]}},{"type":"Feature","properties":{"osm_id":179716098,"name":"Stoke Lane","corridor":"MetroBus m4"},"geometry":{"type":"LineString","coordinates":[[-2.5438815,51.4984893],[-2.5438694,51.4984287],[-2.5438413,51.4982649],[-2.5438023,51.4981066],[-2.5437612,51.4979861],[-2.5437011,51.4978428]]}},{"type":"Feature","properties":{"osm_id":203032221,"corridor":"MetroBus m4"},"geometry":{"type":"LineString","coordinates":[[-2.5444785,51.5003621],[-2.5444125,51.5004251]]}},{"type":"Feature","properties":{"osm_id":713785184,"name":"Stoke Lane","corridor":"MetroBus m4"},"geometry":{"type":"LineString","coordinates":[[-2.5436432,51.4977192],[-2.54348,51.4974945]]}},{"type":"Feature","properties":{"osm_id":722624579,"name":"Stoke Lane","corridor":"MetroBus m4"},"geometry":{"type":"LineString","coordinates":[[-2.54348,51.4974945],[-2.5433153,51.4972946],[-2.5431531,51.4971089]]}},{"type":"Feature","properties":{"osm_id":837084750,"corridor":"MetroBus m4"},"geometry":{"type":"LineString","coordinates":[[-2.5457664,51.4992966],[-2.5458352,51.4994275],[-2.5458674,51.4995095],[-2.5460118,51.5000204],[-2.5460389,51.5001162],[-2.5460464,51.5001608],[-2.5460759,51.5003352]]}},{"type":"Feature","properties":{"osm_id":988396758,"corridor":"MetroBus m4"},"geometry":{"type":"LineString","coordinates":[[-2.5451163,51.4999652],[-2.5451253,51.4999272],[-2.5451218,51.4998935],[-2.5450355,51.4995683],[-2.544927,51.4991938],[-2.544934,51.4991549],[-2.544955,51.4991176],[-2.5449846,51.4990831],[-2.5450295,51.4990433],[-2.545083,51.4990134],[-2.5451421,51.4989906],[-2.5452046,51.4989746],[-2.5452647,51.4989656],[-2.5453441,51.4989621],[-2.5454188,51.4989694],[-2.545496,51.4989852],[-2.5455676,51.499008],[-2.5456461,51.4990487]]}},{"type":"Feature","properties":{"osm_id":998884629,"corridor":"MetroBus m4"},"geometry":{"type":"LineString","coordinates":[[-2.5453583,51.5005449],[-2.5453216,51.5005151],[-2.5452954,51.5004787],[-2.5452707,51.5004203],[-2.5452407,51.5003602],[-2.5452255,51.5003428]]}},{"type":"Feature","properties":{"osm_id":998884630,"corridor":"MetroBus m4"},"geometry":{"type":"LineString","coordinates":[[-2.5456226,51.5006382],[-2.5455263,51.500619],[-2.545449,51.5005913],[-2.5453583,51.5005449]]}},{"type":"Feature","properties":{"osm_id":1284859794,"corridor":"MetroBus m4"},"geometry":{"type":"LineString","coordinates":[[-2.5460759,51.5003352],[-2.5460847,51.5003909],[-2.5460741,51.5004334],[-2.5460374,51.500499],[-2.5459809,51.500554],[-2.5459324,51.5005893],[-2.5458636,51.5006179],[-2.5457717,51.5006347],[-2.5456835,51.5006393],[-2.5456226,51.5006382]]}},{"type":"Feature","properties":{"osm_id":1350947973,"corridor":"MetroBus m4"},"geometry":{"type":"LineString","coordinates":[[-2.5456461,51.4990487],[-2.5456876,51.4990899],[-2.5457093,51.4991261],[-2.5457664,51.4992966]]}},{"type":"Feature","properties":{"osm_id":1377773516,"corridor":"MetroBus m4"},"geometry":{"type":"LineString","coordinates":[[-2.5443295,51.5000144],[-2.5444279,51.5000726]]}},{"type":"Feature","properties":{"osm_id":22731548,"name":"Stoke Lane","corridor":"MetroBus m4"},"geometry":{"type":"LineString","coordinates":[[-2.5418621,51.4928306],[-2.5416333,51.4922378]]}},{"type":"Feature","properties":{"osm_id":22731550,"name":"Stoke Lane","corridor":"MetroBus m4"},"geometry":{"type":"LineString","coordinates":[[-2.5416333,51.4922378],[-2.5414847,51.4918609],[-2.5413295,51.4916156],[-2.5411077,51.4913711],[-2.5409143,51.4911862]]}},{"type":"Feature","properties":{"osm_id":541768884,"corridor":"MetroBus m4"},"geometry":{"type":"LineString","coordinates":[[-2.5400558,51.4912622],[-2.5399313,51.4913086],[-2.5397882,51.491356],[-2.539606,51.4914072],[-2.5394169,51.4914549],[-2.5391645,51.4915074],[-2.5388813,51.4915594],[-2.5387402,51.4915856],[-2.5385809,51.4916193],[-2.5384731,51.4916487],[-2.5384326,51.4916622],[-2.5383975,51.4916756],[-2.5383452,51.4917054],[-2.5382967,51.4917424],[-2.5382576,51.4917852]]}},{"type":"Feature","properties":{"osm_id":541768888,"corridor":"MetroBus m4"},"geometry":{"type":"LineString","coordinates":[[-2.5392708,51.4934933],[-2.5390963,51.4933606],[-2.5389586,51.493257],[-2.538886,51.4931953],[-2.5388345,51.4931306],[-2.5388062,51.4930671],[-2.5388019,51.4929999],[-2.5388018,51.4928991],[-2.5387957,51.4928156],[-2.5387811,51.4926888],[-2.5387561,51.4925685],[-2.5387224,51.4924563],[-2.538673,51.4923432],[-2.5386079,51.4922169],[-2.5385515,51.4921315],[-2.5384867,51.4920416],[-2.5384265,51.4919664],[-2.5383716,51.4919085],[-2.5383237,51.4918682],[-2.5382921,51.4918338],[-2.5382576,51.4917852]]}},{"type":"Feature","properties":{"osm_id":541768889,"corridor":"MetroBus m4"},"geometry":{"type":"LineString","coordinates":[[-2.5396196,51.4937509],[-2.5392708,51.4934933]]}},{"type":"Feature","properties":{"osm_id":693613894,"name":"Stoke Lane","corridor":"MetroBus m4"},"geometry":{"type":"LineString","coordinates":[[-2.5409143,51.4911862],[-2.5407305,51.4910167]]}},{"type":"Feature","properties":{"osm_id":693613896,"corridor":"MetroBus m4"},"geometry":{"type":"LineString","coordinates":[[-2.5407305,51.4910167],[-2.5400558,51.4912622]]}},{"type":"Feature","properties":{"osm_id":440929922,"name":"Stoke Lane","corridor":"MetroBus m4"},"geometry":{"type":"LineString","coordinates":[[-2.5424232,51.4953837],[-2.5424125,51.4951768],[-2.5424164,51.4947571],[-2.5424058,51.4946114],[-2.5423857,51.4944764],[-2.5423043,51.4941613],[-2.5420938,51.4935628],[-2.5419669,51.4931806],[-2.5419029,51.4929578],[-2.5418621,51.4928306]]}},{"type":"Feature","properties":{"osm_id":133145243,"name":"Stoke Lane","corridor":"MetroBus m4"},"geometry":{"type":"LineString","coordinates":[[-2.5425094,51.4957951],[-2.5424694,51.4956378],[-2.5424232,51.4953837]]}},{"type":"Feature","properties":{"osm_id":440929923,"name":"Stoke Lane","corridor":"MetroBus m4"},"geometry":{"type":"LineString","coordinates":[[-2.5426749,51.4962513],[-2.5426135,51.4960821],[-2.5425751,51.4959761],[-2.5425094,51.4957951]]}},{"type":"Feature","properties":{"osm_id":326839641,"name":"Pegasus Road","corridor":"MetroBus m4"},"geometry":{"type":"LineString","coordinates":[[-2.5941334,51.5267589],[-2.5942093,51.5267728],[-2.5943283,51.5267931],[-2.5944323,51.5268114],[-2.5945241,51.5268298],[-2.5946799,51.5268691],[-2.5948321,51.5269114],[-2.5949552,51.5269541],[-2.5950676,51.5269979],[-2.5951607,51.5270408],[-2.5952475,51.5270863],[-2.5953505,51.5271422],[-2.5955053,51.5272441],[-2.5955371,51.5272653],[-2.59565,51.5273394]]}},{"type":"Feature","properties":{"osm_id":83897694,"corridor":"MetroBus m4"},"geometry":{"type":"LineString","coordinates":[[-2.59565,51.5273394],[-2.5957409,51.5272917]]}},{"type":"Feature","properties":{"osm_id":1458314805,"corridor":"MetroBus m4"},"geometry":{"type":"LineString","coordinates":[[-2.5958738,51.5270866],[-2.5960067,51.5269253],[-2.5961306,51.526775],[-2.5962675,51.5266089]]}},{"type":"Feature","properties":{"osm_id":1458314806,"corridor":"MetroBus m4"},"geometry":{"type":"LineString","coordinates":[[-2.5966235,51.526584],[-2.5966483,51.5266028],[-2.5966669,51.5266216],[-2.596677,51.5266465],[-2.5966762,51.526669],[-2.5966677,51.5266863],[-2.5966569,51.5266973],[-2.5966377,51.5267107],[-2.5966076,51.5267299],[-2.5965876,51.5267442],[-2.5965663,51.5267669],[-2.5963805,51.5269952]]}},{"type":"Feature","properties":{"osm_id":1526494758,"corridor":"MetroBus m4"},"geometry":{"type":"LineString","coordinates":[[-2.5957409,51.5272917],[-2.5957519,51.52724],[-2.5957609,51.5272237],[-2.5958738,51.5270866]]}},{"type":"Feature","properties":{"osm_id":1526494759,"corridor":"MetroBus m4"},"geometry":{"type":"LineString","coordinates":[[-2.5962675,51.5266089],[-2.5963112,51.5265556],[-2.596327,51.5265394],[-2.5963465,51.5265312],[-2.5963783,51.5265246],[-2.5964199,51.5265224],[-2.5964505,51.5265272],[-2.5964721,51.5265306],[-2.5965367,51.5265466],[-2.5965889,51.5265659],[-2.5966235,51.526584]]}},{"type":"Feature","properties":{"osm_id":88284887,"name":"Hayes Way","corridor":"MetroBus m4"},"geometry":{"type":"LineString","coordinates":[[-2.5885466,51.5214979],[-2.5887235,51.5215115],[-2.5890022,51.5214983],[-2.5893549,51.5214974],[-2.5897399,51.5215282],[-2.5902335,51.52159],[-2.5906061,51.5216732],[-2.5909493,51.5217699],[-2.5911299,51.5218272],[-2.5912468,51.5218607],[-2.5913104,51.5218716],[-2.591382,51.5218754]]}},{"type":"Feature","properties":{"osm_id":139822593,"name":"Highwood Lane","corridor":"MetroBus m4"},"geometry":{"type":"LineString","coordinates":[[-2.5886378,51.5253172],[-2.5888403,51.5254861],[-2.5890396,51.5256359]]}},{"type":"Feature","properties":{"osm_id":312341996,"name":"Highwood Road","corridor":"MetroBus m4"},"geometry":{"type":"LineString","coordinates":[[-2.5892043,51.5249141],[-2.5888669,51.5250933],[-2.5887366,51.5251846],[-2.5886257,51.5252799]]}},{"type":"Feature","properties":{"osm_id":1470033354,"name":"Blenheim","corridor":"MetroBus m4"},"geometry":{"type":"LineString","coordinates":[[-2.5820921,51.52225],[-2.5822562,51.5222794],[-2.5823396,51.5223154],[-2.5824071,51.5223635]]}},{"type":"Feature","properties":{"osm_id":3530415,"name":"Highwood Road","corridor":"MetroBus m4"},"geometry":{"type":"LineString","coordinates":[[-2.5919701,51.5223451],[-2.5918589,51.5224112],[-2.591804,51.5224461],[-2.5917634,51.5224749],[-2.591723,51.5225065],[-2.5916651,51.522551],[-2.591504,51.5226867],[-2.5910199,51.5231222],[-2.5904852,51.523742],[-2.5902481,51.5240167],[-2.5899328,51.5243618],[-2.5896243,51.5246299],[-2.5892043,51.5249141]]}},{"type":"Feature","properties":{"osm_id":3532877,"corridor":"MetroBus m4"},"geometry":{"type":"LineString","coordinates":[[-2.5917622,51.5260001],[-2.5911501,51.5259427],[-2.5909996,51.5259285],[-2.5908671,51.5259161],[-2.590468,51.5258766],[-2.5902075,51.5258488],[-2.589702,51.5257894],[-2.5892474,51.525711],[-2.5891818,51.5256954],[-2.5890814,51.5256592]]}},{"type":"Feature","properties":{"osm_id":4898488,"corridor":"MetroBus m4"},"geometry":{"type":"LineString","coordinates":[[-2.5931506,51.526211],[-2.5930718,51.5261552],[-2.592985,51.5261042],[-2.5928795,51.5260517],[-2.5928097,51.5260233]]}},{"type":"Feature","properties":{"osm_id":200636733,"corridor":"MetroBus m4"},"geometry":{"type":"LineString","coordinates":[[-2.592396,51.5258661],[-2.5926273,51.5259482],[-2.5928097,51.5260233]]}},{"type":"Feature","properties":{"osm_id":202758351,"corridor":"MetroBus m4"},"geometry":{"type":"LineString","coordinates":[[-2.5921189,51.5259087],[-2.592162,51.5258673]]}},{"type":"Feature","properties":{"osm_id":203303830,"name":"San Andreas Roundabout","corridor":"MetroBus m4"},"geometry":{"type":"LineString","coordinates":[[-2.5915802,51.5218488],[-2.5916108,51.5218293],[-2.5916502,51.5218107],[-2.591712,51.5217886],[-2.5917809,51.5217719],[-2.5918529,51.5217642],[-2.5919445,51.5217655],[-2.5920375,51.521779]]}},{"type":"Feature","properties":{"osm_id":244467458,"corridor":"MetroBus m4"},"geometry":{"type":"LineString","coordinates":[[-2.5931506,51.526211],[-2.5932509,51.5262585],[-2.5932988,51.5262788],[-2.5933539,51.5263005],[-2.5934131,51.5263197],[-2.5935602,51.5263585]]}},{"type":"Feature","properties":{"osm_id":291823626,"corridor":"MetroBus m4"},"geometry":{"type":"LineString","coordinates":[[-2.5917622,51.5260001],[-2.5919111,51.5259749],[-2.5920291,51.5259409],[-2.5921189,51.5259087]]}},{"type":"Feature","properties":{"osm_id":326839639,"name":"Pegasus Road","corridor":"MetroBus m4"},"geometry":{"type":"LineString","coordinates":[[-2.5937526,51.5264872],[-2.5937894,51.52654],[-2.5938228,51.5265848],[-2.593861,51.5266311],[-2.5938981,51.5266751]]}},{"type":"Feature","properties":{"osm_id":815625233,"name":"San Andreas Roundabout","corridor":"MetroBus m4"},"geometry":{"type":"LineString","coordinates":[[-2.5923051,51.5221805],[-2.5922699,51.5222201],[-2.5922304,51.522251],[-2.5921736,51.5222818],[-2.5921074,51.5223118],[-2.5920232,51.522338],[-2.5919701,51.5223451]]}},{"type":"Feature","properties":{"osm_id":975016497,"name":"San Andreas Roundabout","corridor":"MetroBus m4"},"geometry":{"type":"LineString","coordinates":[[-2.5920375,51.521779],[-2.5921022,51.5218037],[-2.5921874,51.5218635],[-2.5922347,51.5219117],[-2.5922601,51.5219535],[-2.5922948,51.5220108],[-2.5923236,51.5220845],[-2.5923219,51.5221157],[-2.5923167,51.5221491],[-2.5923051,51.5221805]]}},{"type":"Feature","properties":{"osm_id":986212071,"name":"Hayes Way","corridor":"MetroBus m4"},"geometry":{"type":"LineString","coordinates":[[-2.591382,51.5218754],[-2.5914555,51.5218719],[-2.5915227,51.5218615],[-2.5915802,51.5218488]]}},{"type":"Feature","properties":{"osm_id":1229462590,"name":"Pegasus Road","corridor":"MetroBus m4"},"geometry":{"type":"LineString","coordinates":[[-2.5938981,51.5266751],[-2.5939788,51.52671],[-2.5940271,51.5267297],[-2.5940821,51.5267469],[-2.5941334,51.5267589]]}},{"type":"Feature","properties":{"osm_id":1340624020,"corridor":"MetroBus m4"},"geometry":{"type":"LineString","coordinates":[[-2.5890814,51.5256592],[-2.5890396,51.5256359]]}},{"type":"Feature","properties":{"osm_id":1458314820,"corridor":"MetroBus m4"},"geometry":{"type":"LineString","coordinates":[[-2.592162,51.5258673],[-2.5922114,51.5258468],[-2.5922736,51.5258379],[-2.5923324,51.525843],[-2.5923591,51.5258527]]}},{"type":"Feature","properties":{"osm_id":1458314821,"corridor":"MetroBus m4"},"geometry":{"type":"LineString","coordinates":[[-2.5923591,51.5258527],[-2.592396,51.5258661]]}},{"type":"Feature","properties":{"osm_id":1458314827,"corridor":"MetroBus m4"},"geometry":{"type":"LineString","coordinates":[[-2.5935602,51.5263585],[-2.5935988,51.5263639]]}},{"type":"Feature","properties":{"osm_id":1458314828,"corridor":"MetroBus m4"},"geometry":{"type":"LineString","coordinates":[[-2.5935988,51.5263639],[-2.5936682,51.5263867],[-2.5937205,51.5264232]]}},{"type":"Feature","properties":{"osm_id":1458314829,"corridor":"MetroBus m4"},"geometry":{"type":"LineString","coordinates":[[-2.5937205,51.5264232],[-2.5937429,51.526454],[-2.5937526,51.5264872]]}},{"type":"Feature","properties":{"osm_id":88284879,"name":"Hayes Way","corridor":"MetroBus m4"},"geometry":{"type":"LineString","coordinates":[[-2.5833187,51.5226727],[-2.5835199,51.5226991],[-2.5840871,51.5227458],[-2.5845756,51.5227505],[-2.5849634,51.5227329],[-2.5854444,51.5226896],[-2.5859481,51.5226126],[-2.5864178,51.5225084],[-2.5868508,51.522381],[-2.5872546,51.5222303],[-2.5873531,51.5221867]]}},{"type":"Feature","properties":{"osm_id":421544732,"name":"Hayes Way","corridor":"MetroBus m4"},"geometry":{"type":"LineString","coordinates":[[-2.5824602,51.5224339],[-2.5825754,51.5225098],[-2.5826717,51.5225561],[-2.5829131,51.5226194],[-2.5833187,51.5226727]]}},{"type":"Feature","properties":{"osm_id":484111799,"name":"Hayes Way","corridor":"MetroBus m4"},"geometry":{"type":"LineString","coordinates":[[-2.5873531,51.5221867],[-2.5876401,51.5220594],[-2.5878487,51.5219475],[-2.5879579,51.5218802],[-2.5880302,51.5218114],[-2.5880555,51.5217464]]}},{"type":"Feature","properties":{"osm_id":972615478,"name":"Brabazon","corridor":"MetroBus m4"},"geometry":{"type":"LineString","coordinates":[[-2.5880555,51.5217464],[-2.5880334,51.5216816],[-2.5880672,51.5215901]]}},{"type":"Feature","properties":{"osm_id":972615479,"name":"Brabazon","corridor":"MetroBus m4"},"geometry":{"type":"LineString","coordinates":[[-2.5880672,51.5215901],[-2.5881159,51.5215446],[-2.5881618,51.5215118],[-2.588222,51.5214883]]}},{"type":"Feature","properties":{"osm_id":1278516097,"name":"Brabazon","corridor":"MetroBus m4"},"geometry":{"type":"LineString","coordinates":[[-2.588222,51.5214883],[-2.5883304,51.5214706],[-2.58845,51.5214723],[-2.5885466,51.5214979]]}},{"type":"Feature","properties":{"osm_id":1458314836,"corridor":"MetroBus m4"},"geometry":{"type":"LineString","coordinates":[[-2.5886257,51.5252799],[-2.5886378,51.5253172]]}},{"type":"Feature","properties":{"osm_id":1470033355,"name":"Blenheim","corridor":"MetroBus m4"},"geometry":{"type":"LineString","coordinates":[[-2.5824071,51.5223635],[-2.5824602,51.5224339]]}},{"type":"Feature","properties":{"osm_id":1210164564,"name":"Fairlawn Avenue","corridor":"MetroBus m4"},"geometry":{"type":"LineString","coordinates":[[-2.5818766,51.5198827],[-2.5818748,51.5199101],[-2.5818749,51.5199218],[-2.5818752,51.5199801],[-2.5818763,51.5202054],[-2.5818807,51.5203095]]}},{"type":"Feature","properties":{"osm_id":1433996644,"name":"Runway Avenue","corridor":"MetroBus m4"},"geometry":{"type":"LineString","coordinates":[[-2.5769053,51.5198971],[-2.5775769,51.5198946],[-2.5789189,51.5198897],[-2.5789614,51.5198895],[-2.5789945,51.5198893],[-2.5806077,51.5198788],[-2.5807646,51.5198778],[-2.5813967,51.5198737],[-2.5816821,51.5198718],[-2.5817599,51.5198777],[-2.5818766,51.5198827]]}},{"type":"Feature","properties":{"osm_id":1528730823,"name":"Fairlawn Avenue","corridor":"MetroBus m4"},"geometry":{"type":"LineString","coordinates":[[-2.5818807,51.5203095],[-2.5819193,51.520354],[-2.5819331,51.5205252],[-2.58189,51.520574]]}},{"type":"Feature","properties":{"osm_id":1485771588,"name":"Bolingbroke Way","corridor":"MetroBus m4"},"geometry":{"type":"LineString","coordinates":[[-2.5701925,51.5195751],[-2.5703285,51.5195331],[-2.5703885,51.5195293],[-2.5704946,51.5195347],[-2.5706321,51.5195405],[-2.5708299,51.5195384]]}},{"type":"Feature","properties":{"osm_id":1485771589,"name":"Runway Avenue","corridor":"MetroBus m4"},"geometry":{"type":"LineString","coordinates":[[-2.5708299,51.5195384],[-2.5710515,51.519534]]}},{"type":"Feature","properties":{"osm_id":1528730799,"name":"Runway Avenue","corridor":"MetroBus m4"},"geometry":{"type":"LineString","coordinates":[[-2.5733713,51.5195872],[-2.5734581,51.5196071],[-2.573572,51.5196324],[-2.5738139,51.5196817],[-2.5738454,51.5196876],[-2.5739887,51.5197146],[-2.5740458,51.5197236],[-2.5741736,51.5197439],[-2.574196,51.5197475],[-2.5742459,51.5197546]]}},{"type":"Feature","properties":{"osm_id":1528730800,"name":"Runway Avenue","corridor":"MetroBus m4"},"geometry":{"type":"LineString","coordinates":[[-2.5710515,51.519534],[-2.5712166,51.5195343],[-2.5714535,51.519534],[-2.5716233,51.5195337],[-2.5716811,51.5195329],[-2.5718783,51.5195329],[-2.5720918,51.5195341],[-2.5723703,51.5195341],[-2.5727137,51.5195333],[-2.5728381,51.5195334],[-2.5729063,51.5195344],[-2.5730181,51.5195394],[-2.5731695,51.5195552],[-2.5732752,51.5195692],[-2.5733713,51.5195872]]}},{"type":"Feature","properties":{"osm_id":954878607,"name":"Fairlawn Avenue","corridor":"MetroBus m4"},"geometry":{"type":"LineString","coordinates":[[-2.5814604,51.5220931],[-2.5814269,51.5220199],[-2.5813908,51.5219423],[-2.5813796,51.5219136],[-2.581362,51.5218186],[-2.5813572,51.5217649],[-2.581357,51.5216896],[-2.5813613,51.5214896],[-2.5813631,51.5212636],[-2.581367,51.5212061],[-2.5813779,51.5211486],[-2.5813916,51.5211102],[-2.5814192,51.5210725],[-2.5814523,51.5210328],[-2.5814923,51.5209932],[-2.5817633,51.5207702],[-2.5818148,51.5207231],[-2.5818628,51.5206717],[-2.5818786,51.5206397],[-2.5818874,51.5206004],[-2.58189,51.520574]]}},{"type":"Feature","properties":{"osm_id":971965828,"name":"Bolingbroke Way","corridor":"MetroBus m4"},"geometry":{"type":"LineString","coordinates":[[-2.5676945,51.5200098],[-2.5677922,51.5200111],[-2.567899,51.5200101],[-2.5680142,51.5200047],[-2.5681471,51.5199889],[-2.5682613,51.5199699],[-2.5684276,51.5199261],[-2.5684905,51.5199017],[-2.5686162,51.5198496],[-2.5687475,51.5197774],[-2.568823,51.5197383],[-2.5689333,51.5196888],[-2.5690297,51.5196601],[-2.5691478,51.5196297],[-2.569247,51.519615],[-2.5693413,51.519604],[-2.5695363,51.5195959],[-2.5701925,51.5195751]]}},{"type":"Feature","properties":{"osm_id":1433996640,"name":"Runway Avenue","corridor":"MetroBus m4"},"geometry":{"type":"LineString","coordinates":[[-2.5742459,51.5197546],[-2.5744521,51.5197841],[-2.5746595,51.519812],[-2.5748526,51.5198347],[-2.5751041,51.5198533],[-2.5754581,51.5198643],[-2.5756534,51.5198662],[-2.5764101,51.5198732],[-2.5769053,51.5198971]]}},{"type":"Feature","properties":{"osm_id":633623782,"name":"Fairlawn Avenue","corridor":"MetroBus m4"},"geometry":{"type":"LineString","coordinates":[[-2.5814604,51.5220931],[-2.5815637,51.5221488],[-2.5816665,51.5221977],[-2.581784,51.5222317],[-2.5818455,51.5222394],[-2.5820316,51.5222564]]}},{"type":"Feature","properties":{"osm_id":1470033353,"name":"Blenheim","corridor":"MetroBus m4"},"geometry":{"type":"LineString","coordinates":[[-2.5820316,51.5222564],[-2.5820921,51.52225]]}},{"type":"Feature","properties":{"osm_id":4295501,"name":"Coldharbour Lane","corridor":"MetroBus m4"},"geometry":{"type":"LineString","coordinates":[[-2.5447602,51.5026676],[-2.544861,51.503054],[-2.5448689,51.5032866],[-2.5448655,51.503437],[-2.5448591,51.5035843],[-2.5447891,51.5038626],[-2.5447553,51.5040196],[-2.544721,51.5041409],[-2.5446821,51.5042601],[-2.5446566,51.5043583],[-2.5446381,51.5044407],[-2.5446318,51.5045736],[-2.5446376,51.5046391],[-2.5446422,51.5046807],[-2.5446487,51.5047537]]}},{"type":"Feature","properties":{"osm_id":224420661,"corridor":"MetroBus m4"},"geometry":{"type":"LineString","coordinates":[[-2.5446487,51.5047537],[-2.5446457,51.504802],[-2.5446294,51.5048438]]}},{"type":"Feature","properties":{"osm_id":887022152,"corridor":"MetroBus m4"},"geometry":{"type":"LineString","coordinates":[[-2.5446294,51.5048438],[-2.5446088,51.5048623],[-2.5445365,51.504899],[-2.5444811,51.5049228],[-2.5444216,51.5049465]]}},{"type":"Feature","properties":{"osm_id":3416742,"name":"Bristol Parkway","corridor":"MetroBus m4"},"geometry":{"type":"LineString","coordinates":[[-2.5463946,51.5146491],[-2.5461418,51.5145931],[-2.54585,51.5145279]]}},{"type":"Feature","properties":{"osm_id":122462379,"name":"Bristol Parkway","corridor":"MetroBus m4"},"geometry":{"type":"LineString","coordinates":[[-2.5438164,51.5144864],[-2.5437971,51.5145011],[-2.543782,51.5145244],[-2.5437724,51.5145452],[-2.5437542,51.5146162],[-2.5437437,51.5146598],[-2.5437366,51.5146978],[-2.5437306,51.5147365],[-2.5437211,51.514774],[-2.5437116,51.5148217],[-2.543673,51.514887],[-2.5436151,51.5149274]]}},{"type":"Feature","properties":{"osm_id":887022156,"ref":"A4174","corridor":"MetroBus m4"},"geometry":{"type":"LineString","coordinates":[[-2.5444216,51.5049465],[-2.544183,51.5049723],[-2.5440154,51.5049914],[-2.5437605,51.5050237],[-2.5435198,51.505056],[-2.5430401,51.505129],[-2.5426758,51.5051912],[-2.5422699,51.5052665],[-2.5414976,51.5054222],[-2.5408567,51.5055567],[-2.5402766,51.505691],[-2.5396984,51.5058278]]}},{"type":"Feature","properties":{"osm_id":119689662,"corridor":"MetroBus m4"},"geometry":{"type":"LineString","coordinates":[[-2.5438164,51.5144864],[-2.5436155,51.5144046],[-2.5435866,51.5143872],[-2.5435722,51.5143713],[-2.5435663,51.5143524],[-2.5435675,51.5143292],[-2.5435796,51.5143069],[-2.5435902,51.5142962],[-2.5436061,51.5142836],[-2.5436237,51.5142739],[-2.543646,51.5142641],[-2.5436757,51.5142594],[-2.5437127,51.5142569],[-2.5439062,51.5142559],[-2.544162,51.5142586]]}},{"type":"Feature","properties":{"osm_id":119689676,"name":"Bristol Parkway","corridor":"MetroBus m4"},"geometry":{"type":"LineString","coordinates":[[-2.54585,51.5145279],[-2.5454768,51.514441],[-2.54544,51.5144324],[-2.5453146,51.514402],[-2.5451429,51.5143628],[-2.5450436,51.5143411],[-2.5449506,51.514324],[-2.5448566,51.5143094],[-2.5447965,51.5143018],[-2.5447363,51.5142961],[-2.5446144,51.5142859],[-2.5445643,51.5142828],[-2.5445021,51.5142821]]}},{"type":"Feature","properties":{"osm_id":1412862353,"corridor":"MetroBus m4"},"geometry":{"type":"LineString","coordinates":[[-2.544162,51.5142586],[-2.5442225,51.514259],[-2.5443581,51.5142668],[-2.5445021,51.5142821]]}},{"type":"Feature","properties":{"osm_id":583583852,"name":"Titan Road","corridor":"MetroBus m4"},"geometry":{"type":"LineString","coordinates":[[-2.5644458,51.5202762],[-2.564419,51.5202019],[-2.564384,51.5201127]]}},{"type":"Feature","properties":{"osm_id":583583855,"name":"Bolingbroke Way","corridor":"MetroBus m4"},"geometry":{"type":"LineString","coordinates":[[-2.5669272,51.5200177],[-2.5670354,51.519995],[-2.5671333,51.5199641]]}},{"type":"Feature","properties":{"osm_id":583583863,"name":"Bolingbroke Way","corridor":"MetroBus m4"},"geometry":{"type":"LineString","coordinates":[[-2.5669272,51.5200177],[-2.5654117,51.5200191],[-2.5648658,51.5200228]]}},{"type":"Feature","properties":{"osm_id":583583869,"name":"Bolingbroke Way","corridor":"MetroBus m4"},"geometry":{"type":"LineString","coordinates":[[-2.5645518,51.5199571],[-2.564732,51.5199952],[-2.5648658,51.5200228]]}},{"type":"Feature","properties":{"osm_id":971965827,"name":"Bolingbroke Way","corridor":"MetroBus m4"},"geometry":{"type":"LineString","coordinates":[[-2.5673908,51.5199475],[-2.5676945,51.5200098]]}},{"type":"Feature","properties":{"osm_id":1500346104,"corridor":"MetroBus m4"},"geometry":{"type":"LineString","coordinates":[[-2.564384,51.5201127],[-2.5643468,51.5200977]]}},{"type":"Feature","properties":{"osm_id":1500346105,"corridor":"MetroBus m4"},"geometry":{"type":"LineString","coordinates":[[-2.5643468,51.5200977],[-2.5643217,51.5200801],[-2.564305,51.5200603],[-2.5642965,51.5200404],[-2.5642957,51.5200163],[-2.5643046,51.5199929]]}},{"type":"Feature","properties":{"osm_id":1500346106,"corridor":"MetroBus m4"},"geometry":{"type":"LineString","coordinates":[[-2.5643046,51.5199929],[-2.5643199,51.5199742],[-2.5643415,51.519958]]}},{"type":"Feature","properties":{"osm_id":1500346107,"corridor":"MetroBus m4"},"geometry":{"type":"LineString","coordinates":[[-2.5643415,51.519958],[-2.5643904,51.5199383],[-2.5644334,51.5199318],[-2.5644671,51.5199322],[-2.5644921,51.5199356],[-2.5645155,51.5199414]]}},{"type":"Feature","properties":{"osm_id":1500346108,"corridor":"MetroBus m4"},"geometry":{"type":"LineString","coordinates":[[-2.5645155,51.5199414],[-2.5645518,51.5199571]]}},{"type":"Feature","properties":{"osm_id":1500346112,"corridor":"MetroBus m4"},"geometry":{"type":"LineString","coordinates":[[-2.5671333,51.5199641],[-2.5671548,51.5199428],[-2.5671846,51.5199258],[-2.5672206,51.5199144]]}},{"type":"Feature","properties":{"osm_id":1500346113,"corridor":"MetroBus m4"},"geometry":{"type":"LineString","coordinates":[[-2.5672206,51.5199144],[-2.5672563,51.5199096],[-2.5672929,51.5199103],[-2.567328,51.5199165]]}},{"type":"Feature","properties":{"osm_id":1500346114,"corridor":"MetroBus m4"},"geometry":{"type":"LineString","coordinates":[[-2.567328,51.5199165],[-2.5673628,51.5199294],[-2.5673908,51.5199475]]}},{"type":"Feature","properties":{"osm_id":203039380,"name":"Gipsy Patch Lane","ref":"B4057","corridor":"MetroBus m4"},"geometry":{"type":"LineString","coordinates":[[-2.5541846,51.5223962],[-2.5542731,51.5224033],[-2.5554991,51.5225756],[-2.5562294,51.5226451]]}},{"type":"Feature","properties":{"osm_id":583583858,"name":"Titan Road","corridor":"MetroBus m4"},"geometry":{"type":"LineString","coordinates":[[-2.5644696,51.5226433],[-2.5644731,51.5225699],[-2.5644754,51.5224838],[-2.5644635,51.5218536],[-2.5644608,51.5214309],[-2.5644558,51.5210474],[-2.5644472,51.5206738],[-2.5644458,51.5202762]]}},{"type":"Feature","properties":{"osm_id":1500346100,"name":"Gipsy Patch Lane","ref":"B4057","corridor":"MetroBus m4"},"geometry":{"type":"LineString","coordinates":[[-2.5624549,51.5226063],[-2.5631168,51.5226128],[-2.5635466,51.5226256]]}},{"type":"Feature","properties":{"osm_id":1500346101,"name":"Gipsy Patch Lane","ref":"B4057","corridor":"MetroBus m4"},"geometry":{"type":"LineString","coordinates":[[-2.5635466,51.5226256],[-2.563952,51.5226339]]}},{"type":"Feature","properties":{"osm_id":1500346102,"name":"Gipsy Patch Lane","ref":"B4057","corridor":"MetroBus m4"},"geometry":{"type":"LineString","coordinates":[[-2.563952,51.5226339],[-2.5642446,51.5226388],[-2.5644696,51.5226433]]}},{"type":"Feature","properties":{"osm_id":3418676,"name":"Gipsy Patch Lane","ref":"B4057","corridor":"MetroBus m4"},"geometry":{"type":"LineString","coordinates":[[-2.5562294,51.5226451],[-2.5565556,51.5226611],[-2.5570392,51.5226666],[-2.557096,51.5226634],[-2.5575167,51.5226612],[-2.5584144,51.5226298],[-2.5586214,51.5226213],[-2.5592675,51.5225972]]}},{"type":"Feature","properties":{"osm_id":38849251,"name":"Gipsy Patch Lane","ref":"B4057","corridor":"MetroBus m4"},"geometry":{"type":"LineString","coordinates":[[-2.5597962,51.5225766],[-2.5605391,51.5225999]]}},{"type":"Feature","properties":{"osm_id":252818382,"name":"Gipsy Patch Lane","ref":"B4057","corridor":"MetroBus m4"},"geometry":{"type":"LineString","coordinates":[[-2.5613071,51.5225917],[-2.5623067,51.5226052]]}},{"type":"Feature","properties":{"osm_id":980952903,"name":"Gipsy Patch Lane","ref":"B4057","corridor":"MetroBus m4"},"geometry":{"type":"LineString","coordinates":[[-2.5609788,51.5225935],[-2.5613071,51.5225917]]}},{"type":"Feature","properties":{"osm_id":1271550472,"name":"Gipsy Patch Lane","ref":"B4057","corridor":"MetroBus m4"},"geometry":{"type":"LineString","coordinates":[[-2.5592675,51.5225972],[-2.5594288,51.5225912],[-2.5596157,51.5225838]]}},{"type":"Feature","properties":{"osm_id":1271550804,"name":"Gipsy Patch Lane","ref":"B4057","corridor":"MetroBus m4"},"geometry":{"type":"LineString","coordinates":[[-2.5605391,51.5225999],[-2.5609788,51.5225935]]}},{"type":"Feature","properties":{"osm_id":1271551433,"name":"Gipsy Patch Lane","ref":"B4057","corridor":"MetroBus m4"},"geometry":{"type":"LineString","coordinates":[[-2.5596157,51.5225838],[-2.5597962,51.5225766]]}},{"type":"Feature","properties":{"osm_id":1500346099,"name":"Gipsy Patch Lane","ref":"B4057","corridor":"MetroBus m4"},"geometry":{"type":"LineString","coordinates":[[-2.5623067,51.5226052],[-2.5624549,51.5226063]]}},{"type":"Feature","properties":{"osm_id":3787994,"name":"Hatchet Road","corridor":"MetroBus m4"},"geometry":{"type":"LineString","coordinates":[[-2.5463454,51.5154645],[-2.5463733,51.515527],[-2.546466,51.5157349],[-2.5464889,51.5158082],[-2.5465078,51.5158647],[-2.5465787,51.5160804],[-2.5466464,51.5163946],[-2.5466638,51.5164755],[-2.5466917,51.5165652],[-2.5467435,51.5167318],[-2.5468054,51.5168745],[-2.5469315,51.5171009],[-2.5470266,51.5172163],[-2.5470615,51.5172429]]}},{"type":"Feature","properties":{"osm_id":219423556,"name":"Hatchet Road","corridor":"MetroBus m4"},"geometry":{"type":"LineString","coordinates":[[-2.5463946,51.5146491],[-2.5463591,51.5148397],[-2.5463414,51.5149478],[-2.5463387,51.5150787],[-2.5463528,51.5153014],[-2.5463546,51.5153592],[-2.5463454,51.5154645]]}},{"type":"Feature","properties":{"osm_id":688974704,"name":"Hatchet Road","corridor":"MetroBus m4"},"geometry":{"type":"LineString","coordinates":[[-2.5476004,51.5175283],[-2.5477997,51.5177342]]}},{"type":"Feature","properties":{"osm_id":688974707,"name":"Hatchet Road","corridor":"MetroBus m4"},"geometry":{"type":"LineString","coordinates":[[-2.5470615,51.5172429],[-2.5473637,51.5173885]]}},{"type":"Feature","properties":{"osm_id":1459873320,"corridor":"MetroBus m4"},"geometry":{"type":"LineString","coordinates":[[-2.5473637,51.5173885],[-2.5474214,51.5173795]]}},{"type":"Feature","properties":{"osm_id":1459873321,"corridor":"MetroBus m4"},"geometry":{"type":"LineString","coordinates":[[-2.5474214,51.5173795],[-2.5474806,51.5173829],[-2.5475207,51.517393],[-2.5475556,51.5174088],[-2.5475834,51.5174294],[-2.5476058,51.5174607],[-2.5476117,51.5174947]]}},{"type":"Feature","properties":{"osm_id":1459873322,"corridor":"MetroBus m4"},"geometry":{"type":"LineString","coordinates":[[-2.5476117,51.5174947],[-2.5476004,51.5175283]]}},{"type":"Feature","properties":{"osm_id":3787992,"name":"Hatchet Road","corridor":"MetroBus m4"},"geometry":{"type":"LineString","coordinates":[[-2.5477997,51.5177342],[-2.5479875,51.5178463],[-2.5483277,51.5180972],[-2.5483952,51.5181469],[-2.5488829,51.5185219],[-2.5490685,51.5186646],[-2.5495367,51.519056],[-2.5498558,51.5193666],[-2.5501173,51.5196939],[-2.5503406,51.5200707],[-2.5504032,51.5203166],[-2.5504937,51.5206727],[-2.5505425,51.5208643],[-2.5505549,51.5209269],[-2.5506316,51.5213491]]}},{"type":"Feature","properties":{"osm_id":676962220,"name":"Bristol Parkway","corridor":"MetroBus m4"},"geometry":{"type":"LineString","coordinates":[[-2.5436151,51.5149274],[-2.5435623,51.5149477],[-2.5434997,51.514962],[-2.5434349,51.5149675],[-2.5433662,51.5149674],[-2.5421062,51.5148758],[-2.5420586,51.5148742],[-2.5420056,51.5148745]]}},{"type":"Feature","properties":{"osm_id":4078375,"name":"Gipsy Patch Lane","ref":"B4057","corridor":"MetroBus m4"},"geometry":{"type":"LineString","coordinates":[[-2.5509129,51.5218229],[-2.5513177,51.5220182],[-2.5515615,51.5220853],[-2.5521062,51.5222023],[-2.552542,51.5222717]]}},{"type":"Feature","properties":{"osm_id":244467452,"name":"Hatchet Road","corridor":"MetroBus m4"},"geometry":{"type":"LineString","coordinates":[[-2.5506316,51.5213491],[-2.5507283,51.5215579],[-2.5507392,51.5215749],[-2.5508732,51.5217842]]}},{"type":"Feature","properties":{"osm_id":270851003,"ref":"B4057","corridor":"MetroBus m4"},"geometry":{"type":"LineString","coordinates":[[-2.5508732,51.5217842],[-2.5509129,51.5218229]]}},{"type":"Feature","properties":{"osm_id":1271546847,"name":"Gipsy Patch Lane","ref":"B4057","corridor":"MetroBus m4"},"geometry":{"type":"LineString","coordinates":[[-2.5530039,51.5223192],[-2.553646,51.5223532],[-2.5541846,51.5223962]]}},{"type":"Feature","properties":{"osm_id":1271549363,"name":"Gipsy Patch Lane","ref":"B4057","corridor":"MetroBus m4"},"geometry":{"type":"LineString","coordinates":[[-2.552542,51.5222717],[-2.5530039,51.5223192]]}},{"type":"Feature","properties":{"osm_id":224420664,"name":"Rosedown Avenue","corridor":"MetroBus m4"},"geometry":{"type":"LineString","coordinates":[[-2.5396984,51.5058278],[-2.5392868,51.5059756],[-2.53917,51.506014],[-2.5390532,51.5060465],[-2.5387567,51.5061162],[-2.538554,51.5061642],[-2.5384866,51.5061863],[-2.5384352,51.5062083],[-2.5383503,51.506252]]}},{"type":"Feature","properties":{"osm_id":546866218,"name":"Rosedown Avenue","corridor":"MetroBus m4"},"geometry":{"type":"LineString","coordinates":[[-2.5383503,51.506252],[-2.5383177,51.5062817],[-2.5382841,51.506323],[-2.5382535,51.5063637],[-2.5381909,51.5064686]]}},{"type":"Feature","properties":{"osm_id":546866222,"name":"Rosedown Avenue","corridor":"MetroBus m4"},"geometry":{"type":"LineString","coordinates":[[-2.5381909,51.5064686],[-2.5382216,51.506616],[-2.5382293,51.5067068],[-2.5382274,51.5068151],[-2.5382165,51.5069382],[-2.5381913,51.5070437],[-2.5381037,51.5072714],[-2.5380234,51.5074557],[-2.5379351,51.5076337],[-2.5377818,51.5079382]]}},{"type":"Feature","properties":{"osm_id":3790581,"name":"Hunts Ground Road","corridor":"MetroBus m4"},"geometry":{"type":"LineString","coordinates":[[-2.5369698,51.5142393],[-2.5369417,51.5142434],[-2.5368594,51.5142647],[-2.5367954,51.5142929],[-2.5366659,51.5143727],[-2.53651,51.5145283],[-2.5363103,51.5147402],[-2.5360272,51.5150217],[-2.5359694,51.5150814],[-2.5356595,51.5153927],[-2.5353538,51.5156585],[-2.535225,51.515748],[-2.5348669,51.5159967],[-2.5346286,51.5161172],[-2.5344443,51.5162106],[-2.5340596,51.5163798],[-2.5335423,51.5165713],[-2.5331721,51.5166614]]}},{"type":"Feature","properties":{"osm_id":38696433,"name":"Bristol Parkway","corridor":"MetroBus m4"},"geometry":{"type":"LineString","coordinates":[[-2.5420056,51.5148745],[-2.5417698,51.514883],[-2.5417255,51.5148832],[-2.5417023,51.5148817],[-2.5416824,51.5148754],[-2.541669,51.5148664],[-2.5416579,51.514856],[-2.5416478,51.5148429],[-2.5416409,51.5148285],[-2.5416328,51.5147756],[-2.5416271,51.5146681],[-2.5416292,51.5145587],[-2.5416318,51.5145031],[-2.541626,51.5144744],[-2.5416063,51.5144466],[-2.5415831,51.5144291],[-2.5415633,51.5144187],[-2.5415401,51.5144098],[-2.5415106,51.5144027],[-2.5414838,51.5143986],[-2.5414395,51.5143945],[-2.5413904,51.5143914],[-2.5408605,51.5143715],[-2.5406626,51.5143661],[-2.5401866,51.514361],[-2.5401606,51.5143618],[-2.5401221,51.5143617],[-2.539951,51.5143606],[-2.5396595,51.5143588],[-2.5392712,51.5143602],[-2.5392288,51.5143597],[-2.5391854,51.5143551],[-2.5391522,51.5143481],[-2.5391174,51.5143391],[-2.5388559,51.5142609],[-2.5387897,51.514244],[-2.5387178,51.5142295],[-2.5386616,51.5142216],[-2.5386017,51.514216],[-2.5385141,51.5142115],[-2.5384266,51.5142107],[-2.5381658,51.5142104]]}},{"type":"Feature","properties":{"osm_id":591420728,"name":"Rosedown Avenue","corridor":"MetroBus m4"},"geometry":{"type":"LineString","coordinates":[[-2.5355989,51.509918],[-2.5357285,51.5098209],[-2.5358767,51.5097006],[-2.5361826,51.5094512],[-2.5365072,51.5091859],[-2.5368512,51.5088827],[-2.5369913,51.5087455]]}},{"type":"Feature","properties":{"osm_id":591424833,"name":"Rosedown Avenue","corridor":"MetroBus m4"},"geometry":{"type":"LineString","coordinates":[[-2.5300615,51.5117173],[-2.5298917,51.5118241],[-2.5298529,51.5118532],[-2.5298111,51.5118849],[-2.529752,51.5119291],[-2.5296383,51.5120194]]}},{"type":"Feature","properties":{"osm_id":1106526554,"name":"Rosedown Avenue","corridor":"MetroBus m4"},"geometry":{"type":"LineString","coordinates":[[-2.5377818,51.5079382],[-2.5376472,51.5081651]]}},{"type":"Feature","properties":{"osm_id":186576757,"name":"Bristol Parkway","corridor":"MetroBus m4"},"geometry":{"type":"LineString","coordinates":[[-2.5369698,51.5142393],[-2.5370459,51.5141979],[-2.5371202,51.5141737],[-2.5372428,51.514161],[-2.5373902,51.5141493],[-2.5376295,51.5141531],[-2.5377858,51.514167],[-2.5379481,51.5141898],[-2.5381658,51.5142104]]}},{"type":"Feature","properties":{"osm_id":546866220,"name":"Rosedown Avenue","corridor":"MetroBus m4"},"geometry":{"type":"LineString","coordinates":[[-2.5376472,51.5081651],[-2.5375941,51.5082413],[-2.537541,51.5083108]]}},{"type":"Feature","properties":{"osm_id":591244649,"name":"Rosedown Avenue","corridor":"MetroBus m4"},"geometry":{"type":"LineString","coordinates":[[-2.537541,51.5083108],[-2.5374599,51.5084002],[-2.5374192,51.5084309],[-2.5371774,51.5085617]]}},{"type":"Feature","properties":{"osm_id":1491557658,"name":"Rosedown Avenue","corridor":"MetroBus m4"},"geometry":{"type":"LineString","coordinates":[[-2.5369913,51.5087455],[-2.5371774,51.5085617]]}},{"type":"Feature","properties":{"osm_id":531142226,"name":"Rosedown Avenue","corridor":"MetroBus m4"},"geometry":{"type":"LineString","coordinates":[[-2.5315601,51.5110854],[-2.5312202,51.5111864],[-2.531104,51.5112273],[-2.5310528,51.5112453],[-2.5309868,51.5112685],[-2.5307949,51.5113391]]}},{"type":"Feature","properties":{"osm_id":591420727,"name":"Rosedown Avenue","corridor":"MetroBus m4"},"geometry":{"type":"LineString","coordinates":[[-2.5353513,51.5100685],[-2.535432,51.5100242],[-2.5355412,51.5099572],[-2.5355989,51.509918]]}},{"type":"Feature","properties":{"osm_id":591424840,"name":"Rosedown Avenue","corridor":"MetroBus m4"},"geometry":{"type":"LineString","coordinates":[[-2.5338579,51.5105521],[-2.5342003,51.5104731],[-2.5344024,51.5104214],[-2.5346208,51.5103589],[-2.53482,51.5102932],[-2.5350121,51.5102198],[-2.5351863,51.5101475],[-2.5353513,51.5100685]]}},{"type":"Feature","properties":{"osm_id":1330414295,"name":"Rosedown Avenue","corridor":"MetroBus m4"},"geometry":{"type":"LineString","coordinates":[[-2.5306509,51.5113963],[-2.5305033,51.5114683]]}},{"type":"Feature","properties":{"osm_id":1330414303,"name":"Rosedown Avenue","corridor":"MetroBus m4"},"geometry":{"type":"LineString","coordinates":[[-2.532483,51.510839],[-2.5329881,51.5107376],[-2.5338579,51.5105521]]}},{"type":"Feature","properties":{"osm_id":1330414307,"name":"Rosedown Avenue","corridor":"MetroBus m4"},"geometry":{"type":"LineString","coordinates":[[-2.5305033,51.5114683],[-2.5303399,51.5115513],[-2.5300615,51.5117173]]}},{"type":"Feature","properties":{"osm_id":1330414309,"name":"Rosedown Avenue","corridor":"MetroBus m4"},"geometry":{"type":"LineString","coordinates":[[-2.5307949,51.5113391],[-2.5306509,51.5113963]]}},{"type":"Feature","properties":{"osm_id":1330414310,"name":"Rosedown Avenue","corridor":"MetroBus m4"},"geometry":{"type":"LineString","coordinates":[[-2.532483,51.510839],[-2.5321059,51.5109544],[-2.5315601,51.5110854]]}},{"type":"Feature","properties":{"osm_id":591617883,"name":"Rosedown Avenue","corridor":"MetroBus m4"},"geometry":{"type":"LineString","coordinates":[[-2.5294847,51.5165496],[-2.5293392,51.5164043],[-2.5292104,51.5162658],[-2.5290522,51.5160785],[-2.5288832,51.5158577],[-2.5287409,51.5156319],[-2.5286096,51.5153694],[-2.5285171,51.5151224],[-2.5284584,51.5149123],[-2.5284098,51.5146843],[-2.5283816,51.5144431]]}},{"type":"Feature","properties":{"osm_id":453033822,"name":"Rosedown Avenue","corridor":"MetroBus m4"},"geometry":{"type":"LineString","coordinates":[[-2.5283912,51.5141698],[-2.5284098,51.5139978],[-2.5284569,51.5137399],[-2.5285922,51.5133306],[-2.5286768,51.5131259],[-2.5288215,51.512869],[-2.5289422,51.5126829],[-2.5289867,51.5126194]]}},{"type":"Feature","properties":{"osm_id":531142224,"name":"Rosedown Avenue","corridor":"MetroBus m4"},"geometry":{"type":"LineString","coordinates":[[-2.5296383,51.5120194],[-2.5295337,51.5121037],[-2.5293682,51.5122628]]}},{"type":"Feature","properties":{"osm_id":549628690,"name":"Rosedown Avenue","corridor":"MetroBus m4"},"geometry":{"type":"LineString","coordinates":[[-2.5283816,51.5144431],[-2.5283912,51.5141698]]}},{"type":"Feature","properties":{"osm_id":591586726,"name":"Rosedown Avenue","corridor":"MetroBus m4"},"geometry":{"type":"LineString","coordinates":[[-2.5293682,51.5122628],[-2.5292301,51.5124095],[-2.5289867,51.5126194]]}},{"type":"Feature","properties":{"osm_id":179747382,"name":"Hunts Ground Road","corridor":"MetroBus m4"},"geometry":{"type":"LineString","coordinates":[[-2.5304078,51.5169412],[-2.5307093,51.5169707],[-2.5308855,51.5169735],[-2.5309714,51.5169741],[-2.5312259,51.5169577],[-2.5315689,51.5169085],[-2.5319712,51.5168507],[-2.5321569,51.5168036],[-2.5323436,51.5167282]]}},{"type":"Feature","properties":{"osm_id":633744523,"name":"Hunts Ground Road","corridor":"MetroBus m4"},"geometry":{"type":"LineString","coordinates":[[-2.5328265,51.5166654],[-2.5331721,51.5166614]]}},{"type":"Feature","properties":{"osm_id":1459873334,"name":"Parkway","corridor":"MetroBus m4"},"geometry":{"type":"LineString","coordinates":[[-2.5323436,51.5167282],[-2.5323865,51.5166775],[-2.5324532,51.5166379]]}},{"type":"Feature","properties":{"osm_id":1459873335,"name":"Parkway","corridor":"MetroBus m4"},"geometry":{"type":"LineString","coordinates":[[-2.5324532,51.5166379],[-2.5325329,51.5166142],[-2.5326204,51.5166068]]}},{"type":"Feature","properties":{"osm_id":1459873336,"name":"Parkway","corridor":"MetroBus m4"},"geometry":{"type":"LineString","coordinates":[[-2.5326204,51.5166068],[-2.5326968,51.5166143],[-2.5327672,51.5166343],[-2.5328265,51.5166654]]}},{"type":"Feature","properties":{"osm_id":1459873344,"name":"Parkway North","corridor":"MetroBus m4"},"geometry":{"type":"LineString","coordinates":[[-2.5301123,51.5169426],[-2.5301935,51.5169265],[-2.5302973,51.5169235],[-2.5304078,51.5169412]]}},{"type":"Feature","properties":{"osm_id":185368240,"name":"Rosedown Avenue","corridor":"MetroBus m4"},"geometry":{"type":"LineString","coordinates":[[-2.5296645,51.5167316],[-2.5297861,51.5168059],[-2.5298822,51.5168576],[-2.5299585,51.5168907],[-2.5301123,51.5169426]]}},{"type":"Feature","properties":{"osm_id":549628691,"name":"Rosedown Avenue","corridor":"MetroBus m4"},"geometry":{"type":"LineString","coordinates":[[-2.5296645,51.5167316],[-2.5294847,51.5165496]]}}]}