{"type":"FeatureCollection","features":[{"type":"Feature","properties":{"osm_id":3400384,"name":"South Wales Main Line","ref":"SWB"},"geometry":{"type":"LineString","coordinates":[[-2.4794482,51.5194549],[-2.4814859,51.5192488]]}},{"type":"Feature","properties":{"osm_id":3400783,"name":"South Wales Main Line","ref":"SWB"},"geometry":{"type":"LineString","coordinates":[[-2.4088827,51.5277048],[-2.4095678,51.527433],[-2.4104805,51.5270714],[-2.4119551,51.5264875],[-2.4125585,51.5262526],[-2.4131357,51.526032],[-2.4140797,51.5256841],[-2.4145447,51.525517],[-2.4152507,51.5252685],[-2.4163916,51.5248807],[-2.4173868,51.5245582],[-2.4183433,51.5242608],[-2.4190742,51.5240382],[-2.4198741,51.5237999],[-2.4204811,51.52363],[-2.4210934,51.523464]]}},{"type":"Feature","properties":{"osm_id":3401457,"name":"South Wales Main Line","ref":"BSW"},"geometry":{"type":"LineString","coordinates":[[-2.5616132,51.5239952],[-2.561727,51.5243513],[-2.5619248,51.5249163],[-2.5619804,51.5250519],[-2.5620279,51.5251659],[-2.5621473,51.5254271],[-2.5623236,51.5257718]]}},{"type":"Feature","properties":{"osm_id":3416733,"name":"South Wales Main Line","ref":"BSW"},"geometry":{"type":"LineString","coordinates":[[-2.5663398,51.5307802],[-2.5666864,51.5310698],[-2.5673342,51.5315983],[-2.5681284,51.532234],[-2.5693392,51.5332004],[-2.5697657,51.5335443],[-2.570124,51.5338259],[-2.5703551,51.5340039],[-2.5705984,51.5341818],[-2.5709041,51.5344031],[-2.5712221,51.5346244],[-2.571583,51.5348643],[-2.5719581,51.5351017],[-2.5723152,51.5353189],[-2.5726845,51.5355411],[-2.5729582,51.5356957],[-2.573242,51.5358578],[-2.5735243,51.5360101],[-2.5738159,51.5361624]]}},{"type":"Feature","properties":{"osm_id":3444754,"name":"Great Western Main Line","ref":"MLN1"},"geometry":{"type":"LineString","coordinates":[[-2.5407258,51.4455608],[-2.5396083,51.4450676],[-2.5385257,51.4445654],[-2.5377073,51.4441722],[-2.536963,51.44379],[-2.5368905,51.4437528]]}},{"type":"Feature","properties":{"osm_id":3475138,"name":"Yate Branch","ref":"YAT"},"geometry":{"type":"LineString","coordinates":[[-2.4344004,51.5209947],[-2.4345931,51.5209314],[-2.4347907,51.5208785],[-2.4349606,51.5208392],[-2.4351412,51.5208041],[-2.4356969,51.5206979],[-2.4362391,51.5206088]]}},{"type":"Feature","properties":{"osm_id":3661636,"name":"South Wales Main Line","ref":"BSW"},"geometry":{"type":"LineString","coordinates":[[-2.5738159,51.5361624],[-2.5760272,51.537318],[-2.5817564,51.5399205],[-2.5870669,51.5422074]]}},{"type":"Feature","properties":{"osm_id":3811884,"name":"Avonmouth and Filton Railway","ref":"AFR"},"geometry":{"type":"LineString","coordinates":[[-2.5707205,51.5167956],[-2.5693587,51.5166529],[-2.5680756,51.5165343],[-2.5662523,51.5163752],[-2.5644031,51.516218],[-2.5606988,51.5159055],[-2.5599261,51.5158308],[-2.5590202,51.5157647],[-2.5580396,51.515679],[-2.5559995,51.51554],[-2.5520428,51.5151842],[-2.5512277,51.5151124],[-2.550139,51.5150011]]}},{"type":"Feature","properties":{"osm_id":3811885,"name":"Bristol and South Wales Union Line","ref":"BSW"},"geometry":{"type":"LineString","coordinates":[[-2.5611231,51.5225391],[-2.561108,51.5224768]]}},{"type":"Feature","properties":{"osm_id":3811886,"name":"Bristol and South Wales Union Line","ref":"BSW"},"geometry":{"type":"LineString","coordinates":[[-2.5612827,51.5076718],[-2.5613278,51.5074378]]}},{"type":"Feature","properties":{"osm_id":3994993,"name":"Avonmouth and Filton Railway","ref":"AFR"},"geometry":{"type":"LineString","coordinates":[[-2.584877,51.5174608],[-2.5825605,51.5175262],[-2.5813836,51.5175253],[-2.5797906,51.5174953],[-2.578688,51.5174506],[-2.5772956,51.517341],[-2.5732427,51.5169978],[-2.5720089,51.5168876],[-2.5710056,51.5168206],[-2.5707205,51.5167956]]}},{"type":"Feature","properties":{"osm_id":4015973,"name":"Bristol to Taunton Line","ref":"MLN1"},"geometry":{"type":"LineString","coordinates":[[-2.5844968,51.4437303],[-2.5840494,51.4438569],[-2.583312,51.4440931],[-2.5826964,51.4443312],[-2.5821917,51.4445406],[-2.581703,51.4447607],[-2.5812506,51.4449907],[-2.5810148,51.4451274],[-2.5808424,51.4452454],[-2.5806212,51.4454239],[-2.5804807,51.4455552],[-2.5803551,51.4456927],[-2.5802578,51.4458123],[-2.5801582,51.4459668]]}},{"type":"Feature","properties":{"osm_id":4082919,"name":"Bristol and South Wales Union Line","ref":"BSW"},"geometry":{"type":"LineString","coordinates":[[-2.5614689,51.5077007],[-2.5614368,51.5078624],[-2.5614045,51.5081299],[-2.5613742,51.5084162],[-2.5613362,51.5089793],[-2.5612589,51.5096745]]}},{"type":"Feature","properties":{"osm_id":4082932,"name":"Up Bristol Loop","ref":"BLL"},"geometry":{"type":"LineString","coordinates":[[-2.5670929,51.4542132],[-2.5672826,51.4540051]]}},{"type":"Feature","properties":{"osm_id":4082935,"name":"Severn Beach Line","ref":"CNX"},"geometry":{"type":"LineString","coordinates":[[-2.586429,51.468574],[-2.586309,51.4686089],[-2.5861566,51.4686609],[-2.5859826,51.4687305],[-2.585673,51.4688673],[-2.5833971,51.4699421]]}},{"type":"Feature","properties":{"osm_id":4082936,"name":"Severn Beach Line","ref":"CNX"},"geometry":{"type":"LineString","coordinates":[[-2.5833971,51.4699421],[-2.5820286,51.4705966],[-2.581166,51.4710208],[-2.5803684,51.4713896],[-2.5794406,51.4718168]]}},{"type":"Feature","properties":{"osm_id":4082937,"name":"Severn Beach Line","ref":"CNX"},"geometry":{"type":"LineString","coordinates":[[-2.6151155,51.4647439],[-2.6147959,51.4646699]]}},{"type":"Feature","properties":{"osm_id":4307887,"name":"Avon Valley Railway","ref":"MBL"},"geometry":{"type":"LineString","coordinates":[[-2.4751149,51.4381108],[-2.4747716,51.4384584],[-2.4745273,51.438688],[-2.4738095,51.4392854],[-2.4735892,51.4394436],[-2.4733156,51.4396335],[-2.4729352,51.4398817],[-2.4726103,51.4400777],[-2.4722697,51.4402683],[-2.4701647,51.4413711],[-2.469542,51.4417229],[-2.4691133,51.4420017],[-2.4686375,51.4423309],[-2.4681602,51.4426871],[-2.4679707,51.4428187],[-2.4676808,51.4430843],[-2.4674333,51.443317],[-2.4671426,51.4436316],[-2.4668807,51.4439411],[-2.4666052,51.4443053],[-2.4664916,51.4444818],[-2.466392,51.4446325]]}},{"type":"Feature","properties":{"osm_id":4320534,"name":"St. Anne's Tunnel No. 3","ref":"MLN1"},"geometry":{"type":"LineString","coordinates":[[-2.5368905,51.4437528],[-2.536016,51.4432608],[-2.5348569,51.4425667],[-2.5336231,51.4417253],[-2.5335503,51.4416774],[-2.5326613,51.4410235],[-2.5309151,51.4395564],[-2.5301502,51.4388256],[-2.5294144,51.4380417],[-2.5286547,51.4371657]]}},{"type":"Feature","properties":{"osm_id":4335581,"name":"Great Western Main Line","ref":"MLN1"},"geometry":{"type":"LineString","coordinates":[[-2.4042009,51.3846622],[-2.4053341,51.3851904],[-2.4062359,51.3855827],[-2.4069229,51.3858514]]}},{"type":"Feature","properties":{"osm_id":4338441,"name":"Great Western Main Line","ref":"MLN1"},"geometry":{"type":"LineString","coordinates":[[-2.4018791,51.3834205],[-2.4023322,51.3836629],[-2.4029826,51.3840107],[-2.4042009,51.3846622]]}},{"type":"Feature","properties":{"osm_id":4754040,"name":"Severn Beach Line","ref":"AMB"},"geometry":{"type":"LineString","coordinates":[[-2.6644794,51.5598996],[-2.6645121,51.5597774]]}},{"type":"Feature","properties":{"osm_id":4756078,"name":"Severn Beach Line","ref":"AMB"},"geometry":{"type":"LineString","coordinates":[[-2.6711543,51.5447496],[-2.6713184,51.5445564],[-2.6730669,51.5424436],[-2.6773066,51.5373442],[-2.680503,51.5334549],[-2.6852838,51.527779],[-2.6856737,51.5273603],[-2.6861192,51.5269527],[-2.6866067,51.5265097],[-2.6869839,51.5261864],[-2.6875781,51.5257206],[-2.6881419,51.525313],[-2.6890423,51.5246925],[-2.6900055,51.5240058],[-2.6906536,51.5235177],[-2.6909312,51.5232616],[-2.6912364,51.5229881],[-2.6914867,51.5227485],[-2.6920064,51.5222367],[-2.6923106,51.5219371],[-2.6930087,51.5212357],[-2.6932933,51.520893],[-2.6937357,51.5202829],[-2.6940547,51.519648],[-2.69463,51.5179795],[-2.6950718,51.5164745],[-2.6955841,51.5149884],[-2.6963748,51.5125955],[-2.6964283,51.5124435],[-2.6967881,51.511421],[-2.6970374,51.5106756],[-2.6972865,51.5099305],[-2.6975372,51.5091874],[-2.697677,51.5087734],[-2.6978136,51.5084495],[-2.6980898,51.5079381],[-2.6984152,51.5074584],[-2.7008831,51.5044869],[-2.7009197,51.5044428],[-2.7011103,51.5042029],[-2.7012399,51.5040477],[-2.7013233,51.5039387],[-2.7013813,51.503863]]}},{"type":"Feature","properties":{"osm_id":4756093,"name":"Clifton Down Tunnel","ref":"CNX"},"geometry":{"type":"LineString","coordinates":[[-2.6365152,51.4699365],[-2.6360262,51.469853],[-2.6329962,51.4691135],[-2.6205144,51.4660672],[-2.6151155,51.4647439]]}},{"type":"Feature","properties":{"osm_id":4758479,"name":"Avonmouth and Filton Railway","ref":"AFR"},"geometry":{"type":"LineString","coordinates":[[-2.5964871,51.5156017],[-2.5927533,51.5164642]]}},{"type":"Feature","properties":{"osm_id":5973053,"name":"Avon Valley Railway","ref":"MBL"},"geometry":{"type":"LineString","coordinates":[[-2.4564967,51.4141448],[-2.4568438,51.4145562],[-2.4568802,51.4146054],[-2.4569785,51.4147073],[-2.4570993,51.4148429],[-2.4573699,51.4151282],[-2.4577535,51.4155504],[-2.4582612,51.4160313],[-2.4582743,51.4160441],[-2.4587681,51.4164983]]}},{"type":"Feature","properties":{"osm_id":5973054,"name":"Avon Valley Railway","ref":"MBL"},"geometry":{"type":"LineString","coordinates":[[-2.4753179,51.4378773],[-2.4751149,51.4381108]]}},{"type":"Feature","properties":{"osm_id":15242950,"name":"Bristol Harbour Railway","ref":"BWW"},"geometry":{"type":"LineString","coordinates":[[-2.6022097,51.4471497],[-2.6024893,51.447179],[-2.6027782,51.4472014],[-2.6029638,51.4472097],[-2.6031531,51.4472122],[-2.6033121,51.4472146],[-2.6035749,51.4471958],[-2.603746,51.4471745],[-2.6040797,51.4471187],[-2.6043243,51.4470478],[-2.6046056,51.4469574],[-2.6049022,51.4469052],[-2.6050864,51.4468855],[-2.6052011,51.446885],[-2.6055005,51.4468911],[-2.6061458,51.446905],[-2.6069188,51.4469118],[-2.6072472,51.4469095],[-2.6076737,51.4469039],[-2.6084259,51.4468577],[-2.6091748,51.4467933],[-2.61105,51.4466512],[-2.6128061,51.4465349],[-2.6128976,51.4465288],[-2.614176,51.4464285],[-2.6147296,51.4463703],[-2.6152789,51.4463059],[-2.6157075,51.4462439],[-2.6164653,51.4461208],[-2.6168517,51.4460682],[-2.6172061,51.4460276],[-2.6175548,51.4459861],[-2.6178303,51.4459836],[-2.6180128,51.4460007]]}},{"type":"Feature","properties":{"osm_id":15242991,"name":"Bristol Harbour Railway","ref":"BHB"},"geometry":{"type":"LineString","coordinates":[[-2.6022097,51.4471497],[-2.603036,51.4473272],[-2.6040608,51.4476097],[-2.6045151,51.4477294],[-2.6047762,51.4478003],[-2.6050059,51.4478858],[-2.6052796,51.4479735],[-2.605539,51.4480613],[-2.6060077,51.448238],[-2.6061475,51.4482769],[-2.6063581,51.4483689]]}},{"type":"Feature","properties":{"osm_id":17081327,"name":"South Wales Main Line","ref":"SWB"},"geometry":{"type":"LineString","coordinates":[[-2.5083122,51.5164234],[-2.5084243,51.5164116],[-2.509271,51.5163262],[-2.5118557,51.5160605]]}},{"type":"Feature","properties":{"osm_id":17081328,"name":"South Wales Main Line","ref":"SWB"},"geometry":{"type":"LineString","coordinates":[[-2.5118557,51.5160605],[-2.5133476,51.515903]]}},{"type":"Feature","properties":{"osm_id":17081329,"name":"South Wales Main Line","ref":"SWB"},"geometry":{"type":"LineString","coordinates":[[-2.5218401,51.5149967],[-2.5241983,51.5147549]]}},{"type":"Feature","properties":{"osm_id":19206517,"name":"South Wales Main Line","ref":"SWB"},"geometry":{"type":"LineString","coordinates":[[-2.5189284,51.5153109],[-2.5201947,51.5151785]]}},{"type":"Feature","properties":{"osm_id":19206518,"name":"South Wales Main Line","ref":"SWB"},"geometry":{"type":"LineString","coordinates":[[-2.5133476,51.515903],[-2.5184975,51.5153591],[-2.5189284,51.5153109]]}},{"type":"Feature","properties":{"osm_id":23135348,"name":"South Wales Main Line","ref":"SWB"},"geometry":{"type":"LineString","coordinates":[[-2.5447453,51.5140629],[-2.5452349,51.5141304],[-2.5458232,51.5142232],[-2.5463345,51.5143141],[-2.5465025,51.5143519]]}},{"type":"Feature","properties":{"osm_id":23135349,"name":"South Wales Main Line","ref":"SWB"},"geometry":{"type":"LineString","coordinates":[[-2.5465025,51.5143519],[-2.5466879,51.5143872]]}},{"type":"Feature","properties":{"osm_id":23170261,"name":"Pill Viaduct","ref":"POD"},"geometry":{"type":"LineString","coordinates":[[-2.6860132,51.4806542],[-2.6855459,51.4804341],[-2.6851222,51.480237],[-2.6847654,51.4800649],[-2.6845428,51.4799363],[-2.684229,51.4797609]]}},{"type":"Feature","properties":{"osm_id":23170262,"name":"Portishead Branch Line","ref":"POD"},"geometry":{"type":"LineString","coordinates":[[-2.684229,51.4797609],[-2.6838566,51.4795243],[-2.6832527,51.4790794],[-2.6828798,51.4788154],[-2.6823889,51.4784916],[-2.6819057,51.4782184],[-2.6816585,51.4781008],[-2.6813453,51.4779676],[-2.6810297,51.4778592]]}},{"type":"Feature","properties":{"osm_id":24041814,"name":"Bristol and South Wales Union Line","ref":"BSW"},"geometry":{"type":"LineString","coordinates":[[-2.5645542,51.45779],[-2.5643947,51.4581027],[-2.56429,51.4583507],[-2.5641281,51.4587549],[-2.5640478,51.4589862],[-2.56393,51.4593514],[-2.5638061,51.4597667],[-2.563745,51.4600599],[-2.563738,51.4600935],[-2.5636982,51.4603225],[-2.563676,51.4604779],[-2.5636457,51.460746],[-2.5636248,51.4609968],[-2.5636146,51.4612509],[-2.5636188,51.4615664],[-2.563634,51.461813],[-2.5636523,51.4620693],[-2.5636576,51.4621437],[-2.563698,51.4624596],[-2.5637494,51.4627811],[-2.5638193,51.463103],[-2.56389,51.4633832],[-2.5640924,51.4640312],[-2.56436,51.4646679],[-2.5646482,51.4652247]]}},{"type":"Feature","properties":{"osm_id":24041997,"name":"Bristol Goods Avoiding Line","ref":"FNS2"},"geometry":{"type":"LineString","coordinates":[[-2.5639318,51.4507281],[-2.5634888,51.4505985],[-2.5632813,51.4505328],[-2.5629635,51.4503921],[-2.5628282,51.4503221],[-2.5627136,51.4502425]]}},{"type":"Feature","properties":{"osm_id":24042000,"name":"Great Western Main Line","ref":"MLN1"},"geometry":{"type":"LineString","coordinates":[[-2.5646311,51.4508983],[-2.5640255,51.4507834],[-2.5638484,51.4507498],[-2.563318,51.4506471]]}},{"type":"Feature","properties":{"osm_id":24042028,"name":"Bristol Goods Avoiding Line","ref":"BRL"},"geometry":{"type":"LineString","coordinates":[[-2.5695733,51.4463178],[-2.5701044,51.4462592],[-2.571295,51.4461128],[-2.5724998,51.4459665],[-2.5727121,51.4459422],[-2.572922,51.4459257],[-2.5733572,51.4458943],[-2.5744157,51.4457518],[-2.5754045,51.4456441]]}},{"type":"Feature","properties":{"osm_id":24042030,"name":"Bristol Goods Avoiding Line","ref":"BRL"},"geometry":{"type":"LineString","coordinates":[[-2.5694142,51.4463355],[-2.5695733,51.4463178]]}},{"type":"Feature","properties":{"osm_id":24042042,"name":"Bristol Goods Avoiding Line","ref":"BRL"},"geometry":{"type":"LineString","coordinates":[[-2.5754045,51.4456441],[-2.5768552,51.4454942],[-2.5779088,51.4453882]]}},{"type":"Feature","properties":{"osm_id":24056393,"name":"Bristol and South Wales Union Line","ref":"BSW"},"geometry":{"type":"LineString","coordinates":[[-2.5682463,51.469125],[-2.5675163,51.4685698],[-2.5671812,51.4682921],[-2.5668856,51.4680265]]}},{"type":"Feature","properties":{"osm_id":24056991,"name":"Portishead Branch Line","ref":"POD"},"geometry":{"type":"LineString","coordinates":[[-2.6913157,51.4831944],[-2.6917875,51.4832958],[-2.6920549,51.4833532]]}},{"type":"Feature","properties":{"osm_id":24057034,"name":"Pill Tunnel","ref":"POD"},"geometry":{"type":"LineString","coordinates":[[-2.6810297,51.4778592],[-2.6809488,51.4778272],[-2.6807694,51.4777685],[-2.6806095,51.4777164],[-2.6803938,51.4776613],[-2.6801546,51.4776035],[-2.6798474,51.47754],[-2.67963,51.477508],[-2.6768562,51.4771697],[-2.6753217,51.4769654],[-2.6730792,51.4766996],[-2.6728484,51.4766838],[-2.6726072,51.4766663]]}},{"type":"Feature","properties":{"osm_id":24145097,"name":"Bristol and South Wales Union Line","ref":"BSW"},"geometry":{"type":"LineString","coordinates":[[-2.5722766,51.4520514],[-2.5717168,51.4521462],[-2.5713244,51.4522254],[-2.5708353,51.4523444],[-2.5703613,51.4524825],[-2.5700157,51.4526007],[-2.5695555,51.4527856]]}},{"type":"Feature","properties":{"osm_id":24145103,"name":"Great Western Main Line","ref":"MLN1"},"geometry":{"type":"LineString","coordinates":[[-2.5762268,51.4513088],[-2.575873,51.4513556],[-2.5754521,51.4514196],[-2.5754359,51.4514221],[-2.575172,51.4514637]]}},{"type":"Feature","properties":{"osm_id":26123599,"name":"Great Western Main Line","ref":"MLN1"},"geometry":{"type":"LineString","coordinates":[[-2.4940067,51.417382],[-2.4945173,51.4175559]]}},{"type":"Feature","properties":{"osm_id":26123600,"name":"Great Western Main Line","ref":"MLN1"},"geometry":{"type":"LineString","coordinates":[[-2.4945173,51.4175559],[-2.4949243,51.4177024],[-2.4958856,51.4180583],[-2.4962599,51.418204],[-2.496552,51.4183176],[-2.4977701,51.4188234],[-2.5011098,51.4203468]]}},{"type":"Feature","properties":{"osm_id":26138560,"name":"Bristol and South Wales Union Line","ref":"BSW"},"geometry":{"type":"LineString","coordinates":[[-2.5751838,51.4515349],[-2.573849,51.4517369]]}},{"type":"Feature","properties":{"osm_id":26138617,"name":"Bristol Goods Avoiding Line","ref":"FNS2"},"geometry":{"type":"LineString","coordinates":[[-2.5627136,51.4502425],[-2.5626228,51.45018]]}},{"type":"Feature","properties":{"osm_id":26138618,"name":"Bristol Goods Avoiding Line","ref":"BRL"},"geometry":{"type":"LineString","coordinates":[[-2.562097,51.4485482],[-2.5621142,51.4484934],[-2.5622429,51.4482272],[-2.5623905,51.4480119],[-2.5624857,51.4478949],[-2.5626024,51.4477762],[-2.5628035,51.4475989],[-2.5630625,51.4474008],[-2.5633547,51.4472201],[-2.5637394,51.4470629],[-2.5639488,51.4470013],[-2.5642009,51.4469468],[-2.5647604,51.4468674],[-2.5655807,51.4467682],[-2.5659946,51.4467181],[-2.5665663,51.4466489],[-2.5670019,51.4465962],[-2.5675092,51.446541],[-2.5678686,51.4465206],[-2.5694142,51.4463355]]}},{"type":"Feature","properties":{"osm_id":26138636,"name":"Great Western Main Line","ref":"MLN1"},"geometry":{"type":"LineString","coordinates":[[-2.5762491,51.4513728],[-2.5756075,51.4514707]]}},{"type":"Feature","properties":{"osm_id":26306036,"name":"Down Filton Relief","ref":"BSW"},"geometry":{"type":"LineString","coordinates":[[-2.5668856,51.4680265],[-2.566492,51.4676548],[-2.5661878,51.4673409],[-2.5659066,51.4670321],[-2.565644,51.4667436]]}},{"type":"Feature","properties":{"osm_id":26390259,"name":"Avonmouth and Filton Railway","ref":"AFR"},"geometry":{"type":"LineString","coordinates":[[-2.6509521,51.5130839],[-2.6500631,51.5128916],[-2.6489635,51.5126879],[-2.6478061,51.5125136],[-2.6464331,51.5123524],[-2.6450367,51.51224],[-2.6438748,51.5121804],[-2.6426842,51.5121584],[-2.6416302,51.5121601],[-2.6405625,51.5121917],[-2.6396699,51.5122453],[-2.639139,51.5122878]]}},{"type":"Feature","properties":{"osm_id":26390260,"name":"Avonmouth and Filton Railway","ref":"AFR"},"geometry":{"type":"LineString","coordinates":[[-2.6521178,51.5133698],[-2.6509521,51.5130839]]}},{"type":"Feature","properties":{"osm_id":26471323,"name":"Portbury Dock Line","ref":"PBY"},"geometry":{"type":"LineString","coordinates":[[-2.6991474,51.4879905],[-2.6995009,51.4881885],[-2.699801,51.4883191],[-2.7001822,51.4884592],[-2.7005128,51.4885526],[-2.7010281,51.4886816],[-2.7014414,51.4887529],[-2.701746,51.4888257],[-2.7019482,51.4888967],[-2.7020935,51.4889571]]}},{"type":"Feature","properties":{"osm_id":26471328,"ref":"PBY"},"geometry":{"type":"LineString","coordinates":[[-2.7020935,51.4889571],[-2.7022844,51.4890513],[-2.7023897,51.4891127],[-2.7024696,51.4891761],[-2.7026,51.4892841]]}},{"type":"Feature","properties":{"osm_id":26471330,"name":"Portbury Dock Line","ref":"PBY"},"geometry":{"type":"LineString","coordinates":[[-2.7049457,51.4920146],[-2.7049786,51.4920459],[-2.705029,51.4920928],[-2.7051559,51.4922263],[-2.7053,51.4924581],[-2.7055206,51.4928686],[-2.7056565,51.4931318],[-2.7057673,51.4933265],[-2.7058665,51.4934699],[-2.7059909,51.4936107],[-2.706161,51.4937637],[-2.7063617,51.4939132],[-2.7068979,51.4942425],[-2.707329,51.4944783],[-2.7077504,51.4946931],[-2.708507,51.4950362],[-2.7092065,51.4953155],[-2.709993,51.4956468],[-2.7104735,51.495835],[-2.7105868,51.4958743]]}},{"type":"Feature","properties":{"osm_id":28432025,"name":"Yate Branch","ref":"YAT"},"geometry":{"type":"LineString","coordinates":[[-2.4363272,51.5316798],[-2.4363043,51.5315836]]}},{"type":"Feature","properties":{"osm_id":28432027,"name":"Yate Branch","ref":"YAT"},"geometry":{"type":"LineString","coordinates":[[-2.4349012,51.5368126],[-2.4349659,51.5366835],[-2.4350486,51.5365324],[-2.4351653,51.5363055],[-2.4353036,51.5360365],[-2.4353701,51.5358981],[-2.4355033,51.5356224],[-2.4357115,51.5351594],[-2.4359091,51.5346871],[-2.4360023,51.5344349],[-2.4361118,51.5341867],[-2.436218,51.5338516],[-2.4362851,51.5336177],[-2.4363348,51.5333778],[-2.436377,51.5331129],[-2.4364007,51.5328422],[-2.436406,51.5325732],[-2.436402,51.5323417],[-2.4363818,51.5320802],[-2.4363469,51.5318286],[-2.4363272,51.5316798]]}},{"type":"Feature","properties":{"osm_id":28509675,"name":"South Wales Main Line","ref":"SWB"},"geometry":{"type":"LineString","coordinates":[[-2.4935461,51.5179431],[-2.4953115,51.5177692],[-2.4962582,51.517676],[-2.4970611,51.5175969]]}},{"type":"Feature","properties":{"osm_id":28509676,"name":"South Wales Main Line","ref":"SWB"},"geometry":{"type":"LineString","coordinates":[[-2.4862091,51.5187422],[-2.4872944,51.5186242],[-2.4883881,51.5184997],[-2.4907289,51.5182356],[-2.4921395,51.5180841],[-2.4935461,51.5179431]]}},{"type":"Feature","properties":{"osm_id":28785168,"name":"Bristol and South Wales Union Line","ref":"BSW"},"geometry":{"type":"LineString","coordinates":[[-2.5664492,51.4548847],[-2.5656294,51.45588],[-2.5653851,51.4562306],[-2.5652527,51.4564207],[-2.5649734,51.4568038],[-2.5647962,51.4571033],[-2.5644404,51.4576656],[-2.5643463,51.457815]]}},{"type":"Feature","properties":{"osm_id":30418538,"name":"Bristol to Taunton Line","ref":"MLN1"},"geometry":{"type":"LineString","coordinates":[[-2.6502248,51.4271386],[-2.6495672,51.4271634],[-2.6490317,51.4271836]]}},{"type":"Feature","properties":{"osm_id":30418539,"name":"Bristol to Taunton Line","ref":"MLN1"},"geometry":{"type":"LineString","coordinates":[[-2.6490317,51.4271836],[-2.6487005,51.4271921]]}},{"type":"Feature","properties":{"osm_id":31129606,"name":"Avon Valley Railway","ref":"MBL"},"geometry":{"type":"LineString","coordinates":[[-2.4761481,51.430284],[-2.4762207,51.4303922]]}},{"type":"Feature","properties":{"osm_id":31129607,"name":"Avon Valley Railway","ref":"MBL"},"geometry":{"type":"LineString","coordinates":[[-2.4762207,51.4303922],[-2.4762256,51.4303999],[-2.4762348,51.4304137],[-2.4762409,51.4304213],[-2.4762516,51.4304373],[-2.4764729,51.4308406],[-2.4766051,51.4311167],[-2.4767889,51.4316335],[-2.4768968,51.4320014],[-2.4769279,51.4321025],[-2.4770296,51.4326202],[-2.4770671,51.4328716],[-2.4770857,51.4331229],[-2.4770994,51.4333569],[-2.4771023,51.4336038],[-2.477097,51.4337678],[-2.4770594,51.434268],[-2.4769953,51.4346753],[-2.4768249,51.4353045],[-2.4766572,51.4357618],[-2.4764081,51.4362887],[-2.476248,51.436585],[-2.4760846,51.4368787],[-2.4757493,51.4373377],[-2.4754945,51.4376562],[-2.4753179,51.4378773]]}},{"type":"Feature","properties":{"osm_id":31794923,"name":"Bristol and South Wales Union Line","ref":"BSW"},"geometry":{"type":"LineString","coordinates":[[-2.5761779,51.4804461],[-2.5762507,51.4802676]]}},{"type":"Feature","properties":{"osm_id":32339520,"name":"Bristol to Taunton Line","ref":"MLN1"},"geometry":{"type":"LineString","coordinates":[[-2.599873,51.437393],[-2.5996868,51.4375042]]}},{"type":"Feature","properties":{"osm_id":32339521,"name":"Bristol to Taunton Line","ref":"MLN1"},"geometry":{"type":"LineString","coordinates":[[-2.6069053,51.433665],[-2.6063869,51.4338901],[-2.6059051,51.4341003],[-2.6050159,51.4344965],[-2.6042008,51.4348905],[-2.6037827,51.4351022],[-2.6034162,51.4353001],[-2.6025949,51.435774],[-2.6022525,51.4359756],[-2.6010784,51.4366902],[-2.6004862,51.4370513],[-2.599873,51.437393]]}},{"type":"Feature","properties":{"osm_id":34639895,"name":"Bristol to Taunton Line","ref":"MLN1"},"geometry":{"type":"LineString","coordinates":[[-2.596572,51.4393188],[-2.5963058,51.4394672],[-2.595958,51.4396508],[-2.5956476,51.4398119],[-2.5943523,51.4404349],[-2.5930865,51.4409543],[-2.5928873,51.4410361],[-2.5918459,51.4414434],[-2.5907694,51.4418216]]}},{"type":"Feature","properties":{"osm_id":34724275,"name":"Great Western Main Line","ref":"MLN1"},"geometry":{"type":"LineString","coordinates":[[-2.4170576,51.3881609],[-2.4183227,51.3882785],[-2.4190684,51.3883272],[-2.4197571,51.3883601],[-2.4211398,51.3884108],[-2.4222859,51.3884813]]}},{"type":"Feature","properties":{"osm_id":34724281,"name":"Great Western Main Line","ref":"MLN1"},"geometry":{"type":"LineString","coordinates":[[-2.4126782,51.3874901],[-2.4145415,51.3878326],[-2.4161371,51.3880628]]}},{"type":"Feature","properties":{"osm_id":34724282,"name":"Great Western Main Line","ref":"MLN1"},"geometry":{"type":"LineString","coordinates":[[-2.4161371,51.3880628],[-2.4170576,51.3881609]]}},{"type":"Feature","properties":{"osm_id":34784853,"name":"Great Western Main Line","ref":"MLN1"},"geometry":{"type":"LineString","coordinates":[[-2.4559143,51.4037069],[-2.4572869,51.4047542]]}},{"type":"Feature","properties":{"osm_id":34784854,"name":"Great Western Main Line","ref":"MLN1"},"geometry":{"type":"LineString","coordinates":[[-2.4572869,51.4047542],[-2.4599548,51.4067415],[-2.4609706,51.4074207],[-2.4617349,51.4078991],[-2.4632199,51.4087552],[-2.4652764,51.4098211],[-2.4665661,51.4104299],[-2.4681579,51.4111169],[-2.4696581,51.4117026],[-2.4696762,51.4117096],[-2.4705769,51.4120371],[-2.4722127,51.4125802],[-2.4735275,51.4129788],[-2.4752721,51.4134483],[-2.4763586,51.4137146],[-2.4778255,51.4140366],[-2.4791318,51.4142892],[-2.480104,51.4144543],[-2.4810482,51.414609],[-2.4825694,51.4148207]]}},{"type":"Feature","properties":{"osm_id":34784857,"name":"Avon Valley Railway","ref":"MBL"},"geometry":{"type":"LineString","coordinates":[[-2.4587681,51.4164983],[-2.4592106,51.4169146]]}},{"type":"Feature","properties":{"osm_id":34784858,"name":"Avon Valley Railway","ref":"MBL"},"geometry":{"type":"LineString","coordinates":[[-2.4592106,51.4169146],[-2.4602064,51.4177791]]}},{"type":"Feature","properties":{"osm_id":35159800,"name":"Platform 4","ref":"MLN1"},"geometry":{"type":"LineString","coordinates":[[-2.5801582,51.4459668],[-2.5800751,51.4461292],[-2.5800256,51.4462589],[-2.5799928,51.446389],[-2.5799612,51.4465626],[-2.5799707,51.4468081],[-2.5799997,51.446974],[-2.5800465,51.4471292],[-2.5801089,51.4472594],[-2.5802216,51.4474591],[-2.5803602,51.4477104],[-2.5805048,51.447952]]}},{"type":"Feature","properties":{"osm_id":35159801,"name":"Great Western Main Line","ref":"MLN1"},"geometry":{"type":"LineString","coordinates":[[-2.5805048,51.447952],[-2.5806023,51.4481063],[-2.5806807,51.4482975],[-2.5807156,51.4484134]]}},{"type":"Feature","properties":{"osm_id":35159811,"ref":"MLN1"},"geometry":{"type":"LineString","coordinates":[[-2.5798511,51.4463777],[-2.5799277,51.4461799],[-2.5800235,51.445985],[-2.5801349,51.4458003],[-2.5802901,51.4456092],[-2.5804775,51.4454266],[-2.5806108,51.4453092],[-2.5807818,51.4451783],[-2.58092,51.4450854],[-2.5811662,51.4449403],[-2.5813817,51.4448233]]}},{"type":"Feature","properties":{"osm_id":35159812,"name":"Great Western Main Line","ref":"MLN1"},"geometry":{"type":"LineString","coordinates":[[-2.5801994,51.4484804],[-2.5801929,51.448393],[-2.5801448,51.4481464],[-2.5801071,51.4480144]]}},{"type":"Feature","properties":{"osm_id":35159813,"name":"Bristol to Taunton Line","ref":"MLN1"},"geometry":{"type":"LineString","coordinates":[[-2.5797815,51.4480266],[-2.5797403,51.4478266]]}},{"type":"Feature","properties":{"osm_id":35159814,"name":"Bristol to Taunton Line","ref":"MLN1"},"geometry":{"type":"LineString","coordinates":[[-2.5798207,51.4485112],[-2.5798088,51.4482997],[-2.5798055,51.4482267],[-2.5798004,51.4481369],[-2.5797815,51.4480266]]}},{"type":"Feature","properties":{"osm_id":35159815,"name":"Great Western Main Line","ref":"MLN1"},"geometry":{"type":"LineString","coordinates":[[-2.579657,51.4485158],[-2.5797093,51.4482705],[-2.5797226,51.448136],[-2.5797168,51.4480286]]}},{"type":"Feature","properties":{"osm_id":35159816,"name":"Great Western Main Line","ref":"MLN1"},"geometry":{"type":"LineString","coordinates":[[-2.5797168,51.4480286],[-2.5797081,51.4479721],[-2.5796694,51.4477191],[-2.5795599,51.4472875],[-2.5795395,51.4470725],[-2.5795288,51.4468794],[-2.5795419,51.4466163],[-2.5795693,51.446464],[-2.5796078,51.4463219],[-2.5796597,51.4461824],[-2.5797767,51.4459306],[-2.5798793,51.4457775],[-2.5800022,51.4456274],[-2.5801842,51.4454525],[-2.5803837,51.445288],[-2.5806495,51.445116],[-2.5811876,51.4448809]]}},{"type":"Feature","properties":{"osm_id":35486741,"name":"Platform 9","ref":"MLN1"},"geometry":{"type":"LineString","coordinates":[[-2.5797382,51.4498701],[-2.5797826,51.4498221],[-2.5799212,51.4496053],[-2.5800751,51.4493092],[-2.5801483,51.4490808],[-2.5801587,51.4490244],[-2.5801692,51.4489686],[-2.5801791,51.4489164]]}},{"type":"Feature","properties":{"osm_id":35486743,"name":"Great Western Main Line","ref":"MLN1"},"geometry":{"type":"LineString","coordinates":[[-2.5783652,51.4507285],[-2.578487,51.4506574],[-2.5786754,51.450546],[-2.5787146,51.4505178],[-2.5788153,51.4504454]]}},{"type":"Feature","properties":{"osm_id":35486744,"name":"Platform 13","ref":"MLN1"},"geometry":{"type":"LineString","coordinates":[[-2.5788153,51.4504454],[-2.5790084,51.4502794],[-2.5791938,51.4500829],[-2.579375,51.4498459],[-2.5794718,51.449688],[-2.5796475,51.4493629],[-2.5797112,51.4491854]]}},{"type":"Feature","properties":{"osm_id":35486745,"name":"Great Western Main Line","ref":"MLN1"},"geometry":{"type":"LineString","coordinates":[[-2.5777593,51.450955],[-2.5779219,51.4508863],[-2.5781309,51.4507935],[-2.5783685,51.4506602],[-2.5784847,51.450583],[-2.5786097,51.4504823],[-2.5787277,51.4503992]]}},{"type":"Feature","properties":{"osm_id":37114122,"name":"South Wales Main Line","ref":"SWB"},"geometry":{"type":"LineString","coordinates":[[-2.4344594,51.5208085],[-2.4349606,51.5207519],[-2.435427,51.520699],[-2.4362391,51.5206088]]}},{"type":"Feature","properties":{"osm_id":37114213,"name":"South Wales Main Line","ref":"SWB"},"geometry":{"type":"LineString","coordinates":[[-2.5471028,51.5144605],[-2.547712,51.5145644],[-2.5477909,51.5145778]]}},{"type":"Feature","properties":{"osm_id":37214382,"name":"South Wales Main Line","ref":"SWB"},"geometry":{"type":"LineString","coordinates":[[-2.5212535,51.5150518],[-2.5218401,51.5149967]]}},{"type":"Feature","properties":{"osm_id":37214383,"name":"South Wales Main Line","ref":"SWB"},"geometry":{"type":"LineString","coordinates":[[-2.5201947,51.5151785],[-2.5212535,51.5150518]]}},{"type":"Feature","properties":{"osm_id":37331998,"name":"South Wales Main Line","ref":"SWB"},"geometry":{"type":"LineString","coordinates":[[-2.5489787,51.5148348],[-2.5494471,51.5149486],[-2.5496846,51.5150056],[-2.5502443,51.51514],[-2.5505665,51.5152377],[-2.5508487,51.515331],[-2.5511541,51.5154405],[-2.551498,51.5155782],[-2.5519324,51.5157644],[-2.5523484,51.5159535],[-2.5530146,51.5162687],[-2.5536574,51.5165709],[-2.5540492,51.516754],[-2.5544747,51.5169656],[-2.5549657,51.5172144],[-2.5554404,51.5174684],[-2.5558652,51.5176921],[-2.5562981,51.517928],[-2.5570457,51.5183387],[-2.5574312,51.5185619],[-2.5577794,51.5187743],[-2.5581045,51.5189823],[-2.5584057,51.519187],[-2.5587017,51.5194023],[-2.5589503,51.5196109],[-2.5592324,51.5198519],[-2.5594473,51.5200362],[-2.5596457,51.5202321],[-2.5598231,51.520413],[-2.5599838,51.5205832],[-2.5601547,51.5207741],[-2.56031,51.5209673],[-2.5605,51.5212166],[-2.5606936,51.5215201],[-2.5608226,51.5217758],[-2.5610986,51.5224769]]}},{"type":"Feature","properties":{"osm_id":37332181,"name":"Bristol and South Wales Union Line","ref":"BSW"},"geometry":{"type":"LineString","coordinates":[[-2.5762507,51.4802676],[-2.5763288,51.480023],[-2.5763946,51.4797944],[-2.5764317,51.4796612],[-2.576482,51.4794467],[-2.5765265,51.4792453],[-2.5765728,51.4789732],[-2.576583,51.4788906],[-2.5766066,51.478718],[-2.5766214,51.4782226],[-2.5766275,51.4780185],[-2.57661,51.4776894],[-2.5765507,51.4772715],[-2.576449,51.476785],[-2.5762329,51.4761409],[-2.5760733,51.4757843],[-2.5758663,51.4753772],[-2.5757165,51.4751195],[-2.5753059,51.4744686],[-2.5748347,51.473856],[-2.5744867,51.4734594],[-2.5740513,51.4730297],[-2.5735488,51.4725989],[-2.5732363,51.4723587],[-2.5730328,51.4722144],[-2.5729823,51.4721768],[-2.5725203,51.4718732],[-2.5722494,51.4716844]]}},{"type":"Feature","properties":{"osm_id":37332182,"name":"Severn Beach Line","ref":"CNX"},"geometry":{"type":"LineString","coordinates":[[-2.5768187,51.472588],[-2.5765817,51.4726136],[-2.5761568,51.4726342],[-2.5758305,51.4726381],[-2.5754084,51.4726256],[-2.5750907,51.4726009],[-2.5746897,51.4725497],[-2.5744061,51.4724934]]}},{"type":"Feature","properties":{"osm_id":37372063,"name":"Severn Beach Line","ref":"CNX"},"geometry":{"type":"LineString","coordinates":[[-2.610504,51.4645795],[-2.6099236,51.4647317],[-2.6097099,51.4648008]]}},{"type":"Feature","properties":{"osm_id":37372064,"name":"Severn Beach Line","ref":"CNX"},"geometry":{"type":"LineString","coordinates":[[-2.6097099,51.4648008],[-2.6051727,51.4662975],[-2.6045036,51.4665495]]}},{"type":"Feature","properties":{"osm_id":37708940,"name":"Avonmouth and Filton Railway","ref":"AFR"},"geometry":{"type":"LineString","coordinates":[[-2.6634859,51.5182169],[-2.6633478,51.5181481]]}},{"type":"Feature","properties":{"osm_id":37708941,"name":"Avonmouth and Filton Railway","ref":"AFR"},"geometry":{"type":"LineString","coordinates":[[-2.6633478,51.5181481],[-2.6616118,51.5173093]]}},{"type":"Feature","properties":{"osm_id":37708942,"name":"South Wales Main Line","ref":"BSW"},"geometry":{"type":"LineString","coordinates":[[-2.6230139,51.5551958],[-2.6231915,51.5552518]]}},{"type":"Feature","properties":{"osm_id":37708943,"name":"South Wales Main Line","ref":"BSW"},"geometry":{"type":"LineString","coordinates":[[-2.6159547,51.5532278],[-2.6189338,51.5539906],[-2.6197655,51.5542214],[-2.620718,51.5544911],[-2.6218711,51.5548368],[-2.6230139,51.5551958]]}},{"type":"Feature","properties":{"osm_id":37788020,"name":"Great Western Main Line","ref":"MLN1"},"geometry":{"type":"LineString","coordinates":[[-2.4825694,51.4148207],[-2.4828041,51.4148506]]}},{"type":"Feature","properties":{"osm_id":37788021,"name":"Great Western Main Line","ref":"MLN1"},"geometry":{"type":"LineString","coordinates":[[-2.4828041,51.4148506],[-2.484407,51.4150801],[-2.4856119,51.4152791],[-2.4867705,51.4154936]]}},{"type":"Feature","properties":{"osm_id":38009785,"name":"Great Western Main Line","ref":"MLN1"},"geometry":{"type":"LineString","coordinates":[[-2.398778,51.3820619],[-2.3995904,51.3823758],[-2.4000111,51.3825464],[-2.4007031,51.3828451],[-2.4014383,51.3831917]]}},{"type":"Feature","properties":{"osm_id":38009786,"name":"Great Western Main Line","ref":"MLN1"},"geometry":{"type":"LineString","coordinates":[[-2.4014383,51.3831917],[-2.4018791,51.3834205]]}},{"type":"Feature","properties":{"osm_id":38081096,"name":"South Wales Main Line","ref":"BSW"},"geometry":{"type":"LineString","coordinates":[[-2.5611231,51.5225391],[-2.5611785,51.5227111]]}},{"type":"Feature","properties":{"osm_id":38081792,"name":"Bristol and South Wales Union Line","ref":"BSW"},"geometry":{"type":"LineString","coordinates":[[-2.5615051,51.5074659],[-2.5614689,51.5077007]]}},{"type":"Feature","properties":{"osm_id":38081793,"name":"Bristol and South Wales Union Line","ref":"BSW"},"geometry":{"type":"LineString","coordinates":[[-2.5613278,51.5074378],[-2.5614154,51.5071522],[-2.5614999,51.5068866],[-2.5615909,51.5066036],[-2.5616811,51.506379],[-2.5618071,51.5060661],[-2.5619392,51.5057987],[-2.5621979,51.5053078],[-2.5624134,51.5049617],[-2.5627052,51.5045316],[-2.5630122,51.5041233]]}},{"type":"Feature","properties":{"osm_id":39119432,"name":"Great Western Main Line","ref":"MLN1"},"geometry":{"type":"LineString","coordinates":[[-2.4069229,51.3858514],[-2.4072748,51.3859753],[-2.4077926,51.3861576],[-2.4085399,51.3864108],[-2.4088829,51.3865205]]}},{"type":"Feature","properties":{"osm_id":39358423,"name":"Avon Valley Railway","ref":"MBL"},"geometry":{"type":"LineString","coordinates":[[-2.4602064,51.4177791],[-2.4604973,51.4180176]]}},{"type":"Feature","properties":{"osm_id":39358424,"name":"Avon Valley Railway","ref":"MBL"},"geometry":{"type":"LineString","coordinates":[[-2.4604973,51.4180176],[-2.4609315,51.4183765],[-2.4613596,51.4187191],[-2.4618697,51.4191094]]}},{"type":"Feature","properties":{"osm_id":39514431,"name":"Portishead Branch Line","ref":"POD"},"geometry":{"type":"LineString","coordinates":[[-2.6322196,51.4591876],[-2.6322422,51.4588797],[-2.6322551,51.4586443],[-2.6322339,51.4584454],[-2.6321828,51.4581868],[-2.6320956,51.4579294],[-2.6319583,51.4576452],[-2.6318857,51.4575084],[-2.6317625,51.4573269],[-2.6315007,51.4570183]]}},{"type":"Feature","properties":{"osm_id":39514432,"name":"No.2 Tunnel","ref":"POD"},"geometry":{"type":"LineString","coordinates":[[-2.6318573,51.4610545],[-2.6318354,51.460697],[-2.6318339,51.4604676],[-2.6318763,51.4602656],[-2.6319891,51.4598879],[-2.6322196,51.4591876]]}},{"type":"Feature","properties":{"osm_id":39586119,"name":"Yate Branch","ref":"YAT"},"geometry":{"type":"LineString","coordinates":[[-2.4326925,51.5266242],[-2.4323742,51.5262781],[-2.4320734,51.5259402],[-2.4319276,51.5257654],[-2.4317893,51.5255712],[-2.4316466,51.5253262],[-2.4315443,51.5251139],[-2.4313944,51.5246283],[-2.4313669,51.5244445],[-2.4313566,51.5242718],[-2.431362,51.5240873],[-2.4313724,51.5239312],[-2.4314001,51.5237473],[-2.4314356,51.5235931],[-2.431484,51.5234508],[-2.4315463,51.5232956],[-2.4316282,51.5231023],[-2.4317534,51.5228882],[-2.4318743,51.5227153],[-2.431993,51.5225533],[-2.4321291,51.5224043],[-2.4323228,51.5222088],[-2.4325409,51.5220079],[-2.4327614,51.5218264],[-2.4330186,51.5216493],[-2.4332969,51.521492],[-2.4335854,51.5213433],[-2.4339015,51.5211933],[-2.4342197,51.5210584]]}},{"type":"Feature","properties":{"osm_id":39586120,"name":"Yate Branch","ref":"YAT"},"geometry":{"type":"LineString","coordinates":[[-2.4342197,51.5210584],[-2.4344004,51.5209947]]}},{"type":"Feature","properties":{"osm_id":39586121,"name":"South Wales Main Line","ref":"SWB"},"geometry":{"type":"LineString","coordinates":[[-2.4340275,51.5208641],[-2.4344594,51.5208085]]}},{"type":"Feature","properties":{"osm_id":39586124,"name":"South Wales Main Line","ref":"SWB"},"geometry":{"type":"LineString","coordinates":[[-2.389546,51.5327058],[-2.3899487,51.5327058],[-2.390425,51.5327007],[-2.3908464,51.5326866],[-2.3912109,51.5326742],[-2.3914773,51.5326619],[-2.3917541,51.5326462],[-2.3920936,51.5326245],[-2.3923858,51.5326029],[-2.3926708,51.5325791],[-2.3929724,51.5325518],[-2.3933628,51.5325127],[-2.3936485,51.5324823],[-2.3941187,51.5324269],[-2.3945486,51.5323693],[-2.3949775,51.5323052],[-2.3953854,51.5322416],[-2.3959152,51.5321511],[-2.3964494,51.5320573],[-2.3971312,51.5319149],[-2.3975239,51.5318225],[-2.3979433,51.531725],[-2.3983395,51.5316257],[-2.3987961,51.5315082],[-2.3992556,51.5313764],[-2.3997098,51.5312442],[-2.4001751,51.531097],[-2.4008202,51.530882],[-2.4014104,51.5306655],[-2.4019556,51.5304633],[-2.4026056,51.5301999],[-2.4037835,51.529731],[-2.4050641,51.529224],[-2.4063341,51.528718],[-2.4088827,51.5277048]]}},{"type":"Feature","properties":{"osm_id":39586125,"name":"South Wales Main Line","ref":"SWB"},"geometry":{"type":"LineString","coordinates":[[-2.4392465,51.5203234],[-2.4397669,51.5202885],[-2.4405908,51.5202295],[-2.4416851,51.5201593],[-2.4426278,51.5201074],[-2.4445007,51.5200338],[-2.4456969,51.5200037],[-2.4467644,51.5199944],[-2.4482148,51.519989],[-2.4492532,51.5199979],[-2.4500188,51.5200073],[-2.4507563,51.5200266],[-2.4517509,51.5200593],[-2.453282,51.5201313],[-2.4543249,51.5201865],[-2.455282,51.5202513],[-2.4563897,51.5203357],[-2.457378,51.5204203],[-2.4589544,51.5205672]]}},{"type":"Feature","properties":{"osm_id":39586127,"name":"South Wales Main Line","ref":"SWB"},"geometry":{"type":"LineString","coordinates":[[-2.4210934,51.523464],[-2.4223859,51.5231235],[-2.4233498,51.5228806],[-2.4242788,51.5226625],[-2.4251956,51.5224547],[-2.4261184,51.5222504],[-2.4266823,51.5221315],[-2.427535,51.5219534]]}},{"type":"Feature","properties":{"osm_id":39586128,"name":"South Wales Main Line","ref":"SWB"},"geometry":{"type":"LineString","coordinates":[[-2.427535,51.5219534],[-2.4282346,51.5218117],[-2.4289044,51.5216887],[-2.4301351,51.5214707],[-2.4308527,51.5213494],[-2.4316747,51.5212166],[-2.4328543,51.521031],[-2.4340275,51.5208641]]}},{"type":"Feature","properties":{"osm_id":39586129,"name":"South Wales Main Line","ref":"SWB"},"geometry":{"type":"LineString","coordinates":[[-2.4591874,51.5205864],[-2.4600453,51.5206595],[-2.4608756,51.5207196]]}},{"type":"Feature","properties":{"osm_id":39586130,"name":"South Wales Main Line","ref":"SWB"},"geometry":{"type":"LineString","coordinates":[[-2.4366364,51.5205598],[-2.4375713,51.5204633]]}},{"type":"Feature","properties":{"osm_id":39586131,"name":"South Wales Main Line","ref":"SWB"},"geometry":{"type":"LineString","coordinates":[[-2.4589544,51.5205672],[-2.4591874,51.5205864]]}},{"type":"Feature","properties":{"osm_id":39586505,"name":"Bristol and South Wales Union Line","ref":"BSW"},"geometry":{"type":"LineString","coordinates":[[-2.5608304,51.5159894],[-2.5608367,51.5158671]]}},{"type":"Feature","properties":{"osm_id":39586506,"name":"Bristol and South Wales Union Line","ref":"BSW"},"geometry":{"type":"LineString","coordinates":[[-2.5612589,51.5096745],[-2.5612018,51.5104064],[-2.561149,51.511235],[-2.5610959,51.5119251],[-2.5609937,51.5135453],[-2.5609224,51.5145927],[-2.5608746,51.5152838],[-2.5608367,51.5158671]]}},{"type":"Feature","properties":{"osm_id":39586519,"name":"Patchway Curve","ref":"PAC"},"geometry":{"type":"LineString","coordinates":[[-2.5680756,51.5165343],[-2.5675843,51.516514],[-2.5670558,51.5165052],[-2.566764,51.5165206],[-2.5664752,51.5165417],[-2.5662445,51.5165714],[-2.5660341,51.5166028]]}},{"type":"Feature","properties":{"osm_id":39586522,"name":"Filton West Curve","ref":"FWC"},"geometry":{"type":"LineString","coordinates":[[-2.5693587,51.5166529],[-2.5688513,51.5165731],[-2.5685359,51.5165097],[-2.5682132,51.5164398]]}},{"type":"Feature","properties":{"osm_id":39685692,"name":"Great Western Main Line","ref":"MLN1"},"geometry":{"type":"LineString","coordinates":[[-2.4501412,51.3993419],[-2.4504354,51.3995597],[-2.4521334,51.4008452],[-2.4541791,51.4023938],[-2.4559143,51.4037069]]}},{"type":"Feature","properties":{"osm_id":39685695,"name":"Great Western Main Line","ref":"MLN1"},"geometry":{"type":"LineString","coordinates":[[-2.4279802,51.3892604],[-2.4286604,51.3893978],[-2.4290668,51.389493],[-2.4303052,51.3898251],[-2.4304775,51.3898786],[-2.4316284,51.3902358],[-2.4318471,51.3903159]]}},{"type":"Feature","properties":{"osm_id":39685698,"name":"Great Western Main Line","ref":"MLN1"},"geometry":{"type":"LineString","coordinates":[[-2.4277882,51.3892222],[-2.4279802,51.3892604]]}},{"type":"Feature","properties":{"osm_id":39685699,"name":"Great Western Main Line","ref":"MLN1"},"geometry":{"type":"LineString","coordinates":[[-2.4318471,51.3903159],[-2.4328435,51.3906658],[-2.4336948,51.3909942],[-2.4346175,51.3913845],[-2.4357583,51.3918796]]}},{"type":"Feature","properties":{"osm_id":40671267,"name":"South Wales Main Line","ref":"SWB"},"geometry":{"type":"LineString","coordinates":[[-2.4589376,51.5205971],[-2.4583002,51.5205404],[-2.4576757,51.5204837],[-2.4567019,51.5203959],[-2.4557968,51.5203253],[-2.4549716,51.5202687],[-2.4540127,51.5202074],[-2.453273,51.5201692],[-2.4517416,51.5200998],[-2.450567,51.5200582],[-2.4497827,51.5200385],[-2.4489501,51.5200316],[-2.4481844,51.5200212],[-2.4474987,51.5200212],[-2.4467534,51.5200281],[-2.4458706,51.5200327],[-2.4451291,51.5200524],[-2.4443485,51.5200744],[-2.4435122,51.5201021],[-2.4426369,51.5201449],[-2.4416943,51.5201924],[-2.4405923,51.5202615],[-2.4398258,51.5203149],[-2.4392952,51.5203537],[-2.4380417,51.520451],[-2.437578,51.5204936]]}},{"type":"Feature","properties":{"osm_id":41814909,"name":"Portishead Branch Line","ref":"POD"},"geometry":{"type":"LineString","coordinates":[[-2.6726072,51.4766663],[-2.6723385,51.4766547],[-2.6720866,51.4766371],[-2.6716531,51.4766468],[-2.6713678,51.4766705],[-2.6710406,51.4767173],[-2.6707241,51.4767707],[-2.6701515,51.4768936],[-2.6698014,51.4769845],[-2.6694205,51.4771215],[-2.6689372,51.4773089],[-2.668707,51.4774155],[-2.6685354,51.4775024],[-2.6683423,51.4776127],[-2.668216,51.477699],[-2.6670439,51.4785459],[-2.6663097,51.4790698],[-2.6660517,51.4792364],[-2.665821,51.4793667],[-2.6655077,51.4795228],[-2.6648799,51.4798253],[-2.664614,51.4799413],[-2.6642629,51.4800587],[-2.6632682,51.4803488],[-2.6628384,51.4804458],[-2.6623366,51.4805388],[-2.6617368,51.4806222],[-2.6611339,51.480689],[-2.6608482,51.4807097],[-2.6603563,51.4807182],[-2.6600167,51.4807198],[-2.6595754,51.4807156],[-2.6593193,51.4806964],[-2.6589374,51.4806622],[-2.6583549,51.4805917],[-2.6580801,51.4805427],[-2.6576495,51.4804589],[-2.6570474,51.4803273],[-2.6564952,51.4801787],[-2.655966,51.48001],[-2.6556447,51.4798845],[-2.6553385,51.4797464],[-2.6549956,51.4795905],[-2.6547274,51.4794583],[-2.6543304,51.4792164],[-2.6540309,51.4790162],[-2.6536214,51.4787097],[-2.6534184,51.4785315],[-2.6532277,51.4783466],[-2.6528453,51.4779118],[-2.6525258,51.4774628],[-2.6522049,51.4769014],[-2.6520831,51.4765884],[-2.6520236,51.4762715],[-2.6519455,51.4756108],[-2.6519218,51.4752304],[-2.651885,51.4749458],[-2.6518402,51.4746258],[-2.6517574,51.4743296],[-2.6516474,51.4740716]]}},{"type":"Feature","properties":{"osm_id":42583576,"name":"Bristol and South Wales Union Line","ref":"BSW"},"geometry":{"type":"LineString","coordinates":[[-2.573849,51.4517369],[-2.5734211,51.4518036],[-2.5729706,51.4518732],[-2.5724289,51.451954]]}},{"type":"Feature","properties":{"osm_id":42583577,"name":"Great Western Main Line","ref":"MLN1"},"geometry":{"type":"LineString","coordinates":[[-2.5792331,51.4506762],[-2.5789079,51.450799],[-2.5786858,51.4508794],[-2.5783255,51.4510033]]}},{"type":"Feature","properties":{"osm_id":42583578,"name":"Great Western Main Line","ref":"MLN1"},"geometry":{"type":"LineString","coordinates":[[-2.5778004,51.4511169],[-2.5775372,51.451172],[-2.5769448,51.451266],[-2.5766248,51.4513125]]}},{"type":"Feature","properties":{"osm_id":42583580,"name":"Great Western Main Line","ref":"MLN1"},"geometry":{"type":"LineString","coordinates":[[-2.5745056,51.4516081],[-2.5753606,51.4514768],[-2.5754516,51.4514629],[-2.5754697,51.4514601],[-2.5755938,51.4514411]]}},{"type":"Feature","properties":{"osm_id":42583581,"name":"Great Western Main Line","ref":"MLN1"},"geometry":{"type":"LineString","coordinates":[[-2.5784424,51.4508001],[-2.5785937,51.4507044],[-2.5787217,51.4506222]]}},{"type":"Feature","properties":{"osm_id":42583582,"name":"Great Western Main Line","ref":"MLN1"},"geometry":{"type":"LineString","coordinates":[[-2.5811876,51.4448809],[-2.5808852,51.4450519],[-2.5807042,51.44516],[-2.5804896,51.4453276],[-2.5803295,51.4454628],[-2.5802166,51.4455846],[-2.5800732,51.4457731],[-2.579938,51.4459948],[-2.5799115,51.4460382],[-2.5797708,51.4463611],[-2.5796969,51.446667],[-2.5796716,51.4469762],[-2.5796987,51.4472479],[-2.5797437,51.4475196],[-2.5798248,51.4480252]]}},{"type":"Feature","properties":{"osm_id":42583583,"name":"Great Western Main Line","ref":"MLN1"},"geometry":{"type":"LineString","coordinates":[[-2.5798248,51.4480252],[-2.5798621,51.4482712],[-2.5798693,51.4485099]]}},{"type":"Feature","properties":{"osm_id":42583584,"name":"Great Western Main Line","ref":"MLN1"},"geometry":{"type":"LineString","coordinates":[[-2.5798693,51.4485099],[-2.5798718,51.4487306],[-2.5798362,51.4489512],[-2.5797609,51.4492034],[-2.579657,51.4494625],[-2.5795251,51.4497261],[-2.5793099,51.4500369],[-2.5791508,51.450217],[-2.5790264,51.4503399],[-2.5789057,51.4504396],[-2.5788653,51.450473]]}},{"type":"Feature","properties":{"osm_id":42583586,"name":"Great Western Main Line","ref":"MLN1"},"geometry":{"type":"LineString","coordinates":[[-2.5788653,51.450473],[-2.5786915,51.4505911],[-2.5785674,51.4506694],[-2.5782987,51.4508243]]}},{"type":"Feature","properties":{"osm_id":42583587,"name":"Platform 11","ref":"MLN1"},"geometry":{"type":"LineString","coordinates":[[-2.5789063,51.4504927],[-2.578945,51.4504608],[-2.5791349,51.4503044],[-2.5792837,51.4501591],[-2.5795534,51.4497829],[-2.5796816,51.4495416],[-2.5798039,51.4492684],[-2.5798739,51.4490213],[-2.579884,51.4489857]]}},{"type":"Feature","properties":{"osm_id":42583589,"name":"Platform 8","ref":"MLN1"},"geometry":{"type":"LineString","coordinates":[[-2.5802506,51.4484743],[-2.5802635,51.4487171],[-2.5802368,51.4489299],[-2.5801555,51.4492051],[-2.5801339,51.4492606],[-2.5801275,51.4492772]]}},{"type":"Feature","properties":{"osm_id":42583590,"name":"Platform 5","ref":"MLN1"},"geometry":{"type":"LineString","coordinates":[[-2.5791862,51.4506426],[-2.5794366,51.450509],[-2.5796484,51.450374],[-2.5798577,51.4502233],[-2.5800192,51.4500831],[-2.5801214,51.4499776]]}},{"type":"Feature","properties":{"osm_id":42583592,"name":"Great Western Main Line","ref":"MLN1"},"geometry":{"type":"LineString","coordinates":[[-2.5806607,51.4484209],[-2.5807021,51.4487825],[-2.5806868,51.4490549],[-2.5806369,51.4492935],[-2.580557,51.449489],[-2.5803117,51.4498782],[-2.5801812,51.4500304],[-2.5800212,51.4501986],[-2.5797615,51.4503826],[-2.5795546,51.4505098],[-2.5794663,51.4505571],[-2.5793689,51.4506093],[-2.5792331,51.4506762]]}},{"type":"Feature","properties":{"osm_id":42583593,"name":"Bristol to Taunton Line","ref":"MLN1"},"geometry":{"type":"LineString","coordinates":[[-2.5792874,51.4506937],[-2.5793401,51.4506699],[-2.5795264,51.4505859],[-2.5798155,51.4504213],[-2.5799636,51.4503198],[-2.5800978,51.4502144],[-2.5802739,51.4500353],[-2.580393,51.449891],[-2.5805079,51.4497235],[-2.5806081,51.4495181],[-2.580663,51.4493437],[-2.5807482,51.4490728],[-2.5807516,51.4489719],[-2.5807526,51.4489405],[-2.5807582,51.4487742],[-2.580744,51.4485686],[-2.5807156,51.4484134]]}},{"type":"Feature","properties":{"osm_id":42583595,"name":"Bristol Temple Meads Old Station","ref":"MLN6"},"geometry":{"type":"LineString","coordinates":[[-2.5793836,51.4507292],[-2.5795801,51.450654],[-2.5801777,51.4504115],[-2.5803972,51.4503189]]}},{"type":"Feature","properties":{"osm_id":42583596,"name":"Great Western Main Line","ref":"MLN1"},"geometry":{"type":"LineString","coordinates":[[-2.5806607,51.4484209],[-2.5806305,51.4483145],[-2.580544,51.4481236],[-2.5804591,51.4479599]]}},{"type":"Feature","properties":{"osm_id":42583597,"name":"Great Western Main Line","ref":"MLN1"},"geometry":{"type":"LineString","coordinates":[[-2.5803113,51.4477545],[-2.580187,51.4475658],[-2.5801343,51.4474681],[-2.5800923,51.4473903],[-2.5800196,51.4472322],[-2.5799513,51.4470301],[-2.5799441,51.4467589],[-2.5799612,51.4465626]]}},{"type":"Feature","properties":{"osm_id":42583601,"name":"Great Western Main Line","ref":"MLN1"},"geometry":{"type":"LineString","coordinates":[[-2.5805449,51.4484367],[-2.5805141,51.4483623],[-2.5804837,51.4482729],[-2.5804277,51.4481357],[-2.5803536,51.4479784]]}},{"type":"Feature","properties":{"osm_id":42583602,"name":"Great Western Main Line","ref":"MLN1"},"geometry":{"type":"LineString","coordinates":[[-2.5803536,51.4479784],[-2.5802395,51.4478126],[-2.5801034,51.4475847],[-2.5800178,51.4474437],[-2.5799527,51.4472954]]}},{"type":"Feature","properties":{"osm_id":42583603,"name":"Great Western Main Line","ref":"MLN1"},"geometry":{"type":"LineString","coordinates":[[-2.5801592,51.4480054],[-2.5802221,51.4482306],[-2.5802471,51.4484151],[-2.5802506,51.4484743]]}},{"type":"Feature","properties":{"osm_id":42583604,"name":"Great Western Main Line","ref":"MLN1"},"geometry":{"type":"LineString","coordinates":[[-2.5799527,51.4472954],[-2.5800381,51.447611],[-2.5801079,51.4478382],[-2.5801592,51.4480054]]}},{"type":"Feature","properties":{"osm_id":42583605,"name":"Great Western Main Line","ref":"MLN1"},"geometry":{"type":"LineString","coordinates":[[-2.579928,51.4485083],[-2.5799231,51.4483301],[-2.5798648,51.448024]]}},{"type":"Feature","properties":{"osm_id":42583606,"name":"Great Western Main Line","ref":"MLN1"},"geometry":{"type":"LineString","coordinates":[[-2.5798648,51.448024],[-2.5797685,51.447276],[-2.5797427,51.4471187],[-2.5797337,51.4470265],[-2.5797288,51.4469767],[-2.5797359,51.4468115],[-2.5797641,51.4466803],[-2.5798511,51.4463777]]}},{"type":"Feature","properties":{"osm_id":42583607,"name":"Great Western Main Line","ref":"MLN1"},"geometry":{"type":"LineString","coordinates":[[-2.5639318,51.4507281],[-2.5646351,51.4508551],[-2.5647622,51.450878]]}},{"type":"Feature","properties":{"osm_id":42583609,"name":"Down Bristol Loop","ref":"BLL"},"geometry":{"type":"LineString","coordinates":[[-2.5655804,51.4511111],[-2.5646311,51.4508983]]}},{"type":"Feature","properties":{"osm_id":42583610,"name":"Great Western Main Line","ref":"MLN1"},"geometry":{"type":"LineString","coordinates":[[-2.5656553,51.4510838],[-2.5654503,51.4510495],[-2.5646311,51.4508983]]}},{"type":"Feature","properties":{"osm_id":42583611,"name":"Great Western Main Line","ref":"MLN1"},"geometry":{"type":"LineString","coordinates":[[-2.5685819,51.4515901],[-2.5682236,51.4515429],[-2.5673215,51.4513919],[-2.5672277,51.4513748]]}},{"type":"Feature","properties":{"osm_id":42682108,"name":"Great Western Main Line","ref":"MLN1"},"geometry":{"type":"LineString","coordinates":[[-2.5585838,51.4497611],[-2.5572308,51.4495097],[-2.5570658,51.4494765],[-2.556921,51.4494472],[-2.5566923,51.4494059]]}},{"type":"Feature","properties":{"osm_id":42682109,"name":"Great Western Main Line","ref":"MLN1"},"geometry":{"type":"LineString","coordinates":[[-2.563318,51.4506471],[-2.5602436,51.4500717],[-2.5585838,51.4497611]]}},{"type":"Feature","properties":{"osm_id":43112353,"name":"South Wales Main Line","ref":"SWB"},"geometry":{"type":"LineString","coordinates":[[-2.4782168,51.5195823],[-2.4792493,51.5194755],[-2.4794482,51.5194549]]}},{"type":"Feature","properties":{"osm_id":43112354,"name":"South Wales Main Line","ref":"SWB"},"geometry":{"type":"LineString","coordinates":[[-2.4758974,51.5198263],[-2.4782168,51.5195823]]}},{"type":"Feature","properties":{"osm_id":43112355,"name":"South Wales Main Line","ref":"SWB"},"geometry":{"type":"LineString","coordinates":[[-2.4714065,51.5202933],[-2.4758974,51.5198263]]}},{"type":"Feature","properties":{"osm_id":43819872,"name":"Great Western Main Line","ref":"MLN1"},"geometry":{"type":"LineString","coordinates":[[-2.5566923,51.4494059],[-2.5527223,51.4486634],[-2.5524389,51.4486098],[-2.5499745,51.4481437],[-2.5492369,51.4479975],[-2.5488984,51.4479304],[-2.5476406,51.4476596],[-2.5472337,51.4475677],[-2.5468559,51.4474861],[-2.5461624,51.4473112],[-2.5454555,51.4471215],[-2.5447948,51.4469408],[-2.5441239,51.4467423],[-2.5432358,51.4464678],[-2.5424497,51.4462084]]}},{"type":"Feature","properties":{"osm_id":43819921,"name":"Great Western Main Line","ref":"MLN1"},"geometry":{"type":"LineString","coordinates":[[-2.5424497,51.4462084],[-2.5409175,51.4456328],[-2.5407258,51.4455608]]}},{"type":"Feature","properties":{"osm_id":45183219,"name":"Great Western Main Line","ref":"MLN1"},"geometry":{"type":"LineString","coordinates":[[-2.4224809,51.388493],[-2.4232831,51.3885459],[-2.4239945,51.3886167],[-2.425181,51.3887582],[-2.4260693,51.3888907],[-2.4270083,51.3890591],[-2.4277882,51.3892222]]}},{"type":"Feature","properties":{"osm_id":45183220,"name":"Great Western Main Line","ref":"MLN1"},"geometry":{"type":"LineString","coordinates":[[-2.4222859,51.3884813],[-2.4224809,51.388493]]}},{"type":"Feature","properties":{"osm_id":52134514,"name":"Great Western Main Line","ref":"MLN1"},"geometry":{"type":"LineString","coordinates":[[-2.4867705,51.4154936],[-2.4868997,51.415521]]}},{"type":"Feature","properties":{"osm_id":52134515,"name":"Great Western Main Line","ref":"MLN1"},"geometry":{"type":"LineString","coordinates":[[-2.4868997,51.415521],[-2.4882136,51.4157907],[-2.4895476,51.4161001],[-2.4906408,51.4163726],[-2.4909352,51.4164539],[-2.4918577,51.4167086],[-2.4919744,51.4167452],[-2.4928172,51.4170093]]}},{"type":"Feature","properties":{"osm_id":66529947,"name":"Great Western Main Line","ref":"MLN1"},"geometry":{"type":"LineString","coordinates":[[-2.5585954,51.4497384],[-2.5602168,51.4500326],[-2.5625512,51.4504562]]}},{"type":"Feature","properties":{"osm_id":72343220,"name":"Severn Beach Line","ref":"CNX"},"geometry":{"type":"LineString","coordinates":[[-2.5945293,51.4692017],[-2.5941283,51.4692056],[-2.5935879,51.4691929],[-2.5932414,51.4691757],[-2.592892,51.4691547],[-2.5926061,51.4691246]]}},{"type":"Feature","properties":{"osm_id":83382717,"name":"South Wales Main Line","ref":"BSW"},"geometry":{"type":"LineString","coordinates":[[-2.6231915,51.5552518],[-2.6291673,51.5571252],[-2.6316039,51.5579179],[-2.6344215,51.5588023],[-2.6358303,51.5592461],[-2.6372369,51.5596871],[-2.6398533,51.5605071],[-2.6412252,51.5609327],[-2.6430184,51.5614981],[-2.6462856,51.5624998],[-2.647914,51.5629915],[-2.6495018,51.563493]]}},{"type":"Feature","properties":{"osm_id":85077770,"name":"South Wales Main Line","ref":"BSW"},"geometry":{"type":"LineString","coordinates":[[-2.5870669,51.5422074],[-2.5890078,51.5430786]]}},{"type":"Feature","properties":{"osm_id":85077772,"name":"South Wales Main Line","ref":"BSW"},"geometry":{"type":"LineString","coordinates":[[-2.5890078,51.5430786],[-2.5895178,51.5433045],[-2.5896794,51.5433761]]}},{"type":"Feature","properties":{"osm_id":85270457,"name":"Avonmouth and Filton Railway","ref":"AFR"},"geometry":{"type":"LineString","coordinates":[[-2.639139,51.5122878],[-2.6377268,51.5124301],[-2.6359455,51.5127239],[-2.6343947,51.5130529],[-2.6308539,51.513957],[-2.6300042,51.5141634],[-2.6295069,51.5142995],[-2.6289807,51.5144203],[-2.6284182,51.5145384],[-2.627815,51.5146454],[-2.6271474,51.5147446],[-2.6263029,51.5148634],[-2.625903,51.5149127],[-2.6255659,51.5149502]]}},{"type":"Feature","properties":{"osm_id":86939190,"name":"Filton East Curve","ref":"FEC"},"geometry":{"type":"LineString","coordinates":[[-2.5604893,51.5110581],[-2.5605295,51.5109724],[-2.5605932,51.5108364],[-2.5606597,51.5106765],[-2.5607228,51.5105094],[-2.560783,51.5103339],[-2.5609465,51.5095226],[-2.5609884,51.5092666],[-2.5610482,51.5089058],[-2.5611068,51.5085337],[-2.5611915,51.5080852],[-2.5612827,51.5076718]]}},{"type":"Feature","properties":{"osm_id":90743628,"name":"South Wales Main Line","ref":"SWB"},"geometry":{"type":"LineString","coordinates":[[-2.4970611,51.5175969],[-2.4972473,51.5175794],[-2.4981762,51.5174878],[-2.5053762,51.516721],[-2.5063169,51.5166248],[-2.5080402,51.5164494],[-2.5080876,51.5164446]]}},{"type":"Feature","properties":{"osm_id":90743631,"name":"South Wales Main Line","ref":"SWB"},"geometry":{"type":"LineString","coordinates":[[-2.5080876,51.5164446],[-2.5083122,51.5164234]]}},{"type":"Feature","properties":{"osm_id":95390296,"name":"South Wales Main Line","ref":"SWB"},"geometry":{"type":"LineString","coordinates":[[-2.4608756,51.5207196],[-2.4615507,51.5207613],[-2.4621231,51.5207925],[-2.4625402,51.5208052],[-2.4632715,51.5208242],[-2.4640589,51.5208268],[-2.4643709,51.5208272],[-2.4648328,51.5208191],[-2.4654315,51.5208019],[-2.4660612,51.5207775],[-2.466668,51.5207357],[-2.4673399,51.5206884],[-2.4680498,51.5206352],[-2.4685999,51.5205867],[-2.4692369,51.5205213],[-2.4707847,51.5203561]]}},{"type":"Feature","properties":{"osm_id":95390297,"name":"Yate Branch","ref":"YAT"},"geometry":{"type":"LineString","coordinates":[[-2.4329691,51.5269231],[-2.4326925,51.5266242]]}},{"type":"Feature","properties":{"osm_id":95390298,"name":"Yate Branch","ref":"YAT"},"geometry":{"type":"LineString","coordinates":[[-2.4363043,51.5315836],[-2.4362153,51.5312604],[-2.4361065,51.5309328],[-2.4360138,51.5307064],[-2.4359104,51.5304782],[-2.4358062,51.5302763],[-2.4356578,51.5300128],[-2.4354765,51.5297353],[-2.4353275,51.5295275],[-2.435138,51.5292824],[-2.4348868,51.5289824],[-2.4347162,51.5287902],[-2.4345456,51.5286072],[-2.4338534,51.5278647],[-2.4335851,51.5275776],[-2.4333272,51.5272943],[-2.4329691,51.5269231]]}},{"type":"Feature","properties":{"osm_id":95390300,"name":"South Wales Main Line","ref":"SWB"},"geometry":{"type":"LineString","coordinates":[[-2.4707847,51.5203561],[-2.4714065,51.5202933]]}},{"type":"Feature","properties":{"osm_id":95545561,"name":"Bristol and South Wales Union Line","ref":"BSW"},"geometry":{"type":"LineString","coordinates":[[-2.5646967,51.4653973],[-2.5646017,51.4652323]]}},{"type":"Feature","properties":{"osm_id":95545563,"name":"Bristol and South Wales Union Line","ref":"BSW"},"geometry":{"type":"LineString","coordinates":[[-2.5646239,51.4654129],[-2.5649605,51.4659405],[-2.5652035,51.4662921],[-2.5654432,51.466659]]}},{"type":"Feature","properties":{"osm_id":104627818,"name":"Great Western Main Line","ref":"MLN1"},"geometry":{"type":"LineString","coordinates":[[-2.5093284,51.4241882],[-2.5094276,51.4242395]]}},{"type":"Feature","properties":{"osm_id":104627819,"name":"Great Western Main Line","ref":"MLN1"},"geometry":{"type":"LineString","coordinates":[[-2.5286547,51.4371657],[-2.5282782,51.4366708],[-2.5280541,51.4363762],[-2.5277771,51.4359789],[-2.5270016,51.4350557],[-2.5263937,51.434416],[-2.5255738,51.4336438],[-2.5248238,51.4330056],[-2.5239065,51.4323084],[-2.5229905,51.4316887],[-2.5217118,51.4309185],[-2.5206714,51.4303607],[-2.5197416,51.4299008],[-2.5187934,51.4294708],[-2.5176447,51.4289347],[-2.516945,51.4286082],[-2.5163624,51.428321],[-2.5153504,51.4277881],[-2.5148494,51.4274949],[-2.5144273,51.4272759],[-2.5127939,51.4262834],[-2.5120512,51.4258121],[-2.5106074,51.4249401],[-2.5095813,51.4243697],[-2.5093939,51.4242642]]}},{"type":"Feature","properties":{"osm_id":105333895,"name":"Down Bristol Loop","ref":"BLL"},"geometry":{"type":"LineString","coordinates":[[-2.5672071,51.452178],[-2.5670898,51.4520414],[-2.5669867,51.4519229],[-2.5668738,51.4518174],[-2.5667241,51.4516895],[-2.5666054,51.4516105],[-2.5665951,51.4516036],[-2.5662912,51.4514071],[-2.5660743,51.4512823],[-2.5658339,51.4511828],[-2.5655804,51.4511111]]}},{"type":"Feature","properties":{"osm_id":105333898,"name":"Down Bristol Loop"},"geometry":{"type":"LineString","coordinates":[[-2.5672862,51.4522882],[-2.5672071,51.452178]]}},{"type":"Feature","properties":{"osm_id":105668611,"name":"Severn Beach Line","ref":"CNX"},"geometry":{"type":"LineString","coordinates":[[-2.650759,51.4807838],[-2.6502098,51.4802072],[-2.6501539,51.4801476]]}},{"type":"Feature","properties":{"osm_id":105668617,"name":"Portbury Dock Line","ref":"PBY"},"geometry":{"type":"LineString","coordinates":[[-2.6928919,51.4836124],[-2.6934386,51.483851],[-2.6935464,51.483898],[-2.6940242,51.4841607],[-2.6941987,51.4842738],[-2.694413,51.484433],[-2.6946475,51.4846246],[-2.6947392,51.4847241],[-2.6950206,51.4850048],[-2.6954199,51.4855514],[-2.6955478,51.4857149],[-2.6956282,51.4858045],[-2.6958581,51.4860394],[-2.6962466,51.4864033]]}},{"type":"Feature","properties":{"osm_id":105668622,"name":"Portbury Dock Line","ref":"PBY"},"geometry":{"type":"LineString","coordinates":[[-2.6924911,51.4834756],[-2.6928919,51.4836124]]}},{"type":"Feature","properties":{"osm_id":105668625,"name":"Severn Beach Line","ref":"CNX"},"geometry":{"type":"LineString","coordinates":[[-2.6501039,51.4800922],[-2.6500137,51.4799883],[-2.650003,51.479975],[-2.6498468,51.4797806],[-2.6496238,51.4795098],[-2.649391,51.4791486],[-2.6492186,51.4788255],[-2.6490604,51.4784421],[-2.648723,51.4773826],[-2.6484647,51.4768676],[-2.6483154,51.4766041],[-2.6481211,51.4763368],[-2.6477094,51.4758719],[-2.6474234,51.4755862],[-2.6459538,51.4741182],[-2.6449131,51.4731626],[-2.6435162,51.4720923],[-2.6423597,51.4713983],[-2.6410024,51.4708017],[-2.6399462,51.4704623],[-2.6390474,51.4702725],[-2.6381783,51.470134],[-2.6374579,51.4700556],[-2.6368931,51.4699835],[-2.6365152,51.4699365]]}},{"type":"Feature","properties":{"osm_id":108050066,"name":"Portishead Branch Line","ref":"POD"},"geometry":{"type":"LineString","coordinates":[[-2.6516474,51.4740716],[-2.6513697,51.4736253]]}},{"type":"Feature","properties":{"osm_id":108050070,"name":"Portishead Branch Line","ref":"POD"},"geometry":{"type":"LineString","coordinates":[[-2.6513697,51.4736253],[-2.6511525,51.4733898],[-2.6509884,51.4732123],[-2.6506343,51.4729115],[-2.6504078,51.4727463]]}},{"type":"Feature","properties":{"osm_id":112803866,"name":"Severn Beach Line","ref":"CNX"},"geometry":{"type":"LineString","coordinates":[[-2.5926061,51.4691246],[-2.5922523,51.469083],[-2.5917891,51.4690177],[-2.5912766,51.4689119],[-2.5901889,51.4686119],[-2.5896917,51.4684993],[-2.5893352,51.4684294],[-2.5889855,51.4683794],[-2.5886294,51.46835],[-2.5882772,51.4683389],[-2.5881517,51.468341],[-2.5878931,51.4683452],[-2.5875319,51.4683722],[-2.5873394,51.4683961],[-2.5871656,51.4684199],[-2.5868507,51.4684765],[-2.5866914,51.4685098],[-2.5865707,51.4685371],[-2.586429,51.468574]]}},{"type":"Feature","properties":{"osm_id":120683388},"geometry":{"type":"LineString","coordinates":[[-2.5801034,51.4475847],[-2.5800335,51.4473957],[-2.5799875,51.4472264],[-2.5799513,51.4470301]]}},{"type":"Feature","properties":{"osm_id":120790078,"name":"Bristol and South Wales Union Line","ref":"BSW"},"geometry":{"type":"LineString","coordinates":[[-2.5673736,51.4539259],[-2.5674972,51.4538182],[-2.5678434,51.4535627],[-2.568384,51.4532202],[-2.5685632,51.4531199],[-2.5689611,51.4529174],[-2.5692101,51.4528076],[-2.5699264,51.4525173],[-2.570283,51.4523962],[-2.5706756,51.4522783],[-2.5707724,51.4522492],[-2.5712859,51.4521242],[-2.5715957,51.4520611],[-2.5716667,51.4520462],[-2.572183,51.4519578]]}},{"type":"Feature","properties":{"osm_id":120790079,"name":"Bristol and South Wales Union Line","ref":"BSW"},"geometry":{"type":"LineString","coordinates":[[-2.5722186,51.4520274],[-2.5727953,51.451946],[-2.5730032,51.451913],[-2.5732758,51.4518672]]}},{"type":"Feature","properties":{"osm_id":120790635,"name":"Great Western Main Line","ref":"MLN1"},"geometry":{"type":"LineString","coordinates":[[-2.5762799,51.4514122],[-2.5756075,51.4514707]]}},{"type":"Feature","properties":{"osm_id":120792733,"name":"Platform 15","ref":"MLN1"},"geometry":{"type":"LineString","coordinates":[[-2.5787277,51.4503992],[-2.5787841,51.4503453],[-2.5789317,51.4501886],[-2.5790908,51.4499922],[-2.5792333,51.4497815],[-2.5793119,51.4496507],[-2.5793822,51.4495024],[-2.5795289,51.4490717]]}},{"type":"Feature","properties":{"osm_id":120792738,"name":"Great Western Main Line","ref":"MLN1"},"geometry":{"type":"LineString","coordinates":[[-2.5786511,51.4509454],[-2.5790152,51.450802],[-2.5792874,51.4506937]]}},{"type":"Feature","properties":{"osm_id":120792740,"name":"Great Western Main Line","ref":"MLN1"},"geometry":{"type":"LineString","coordinates":[[-2.5779667,51.4510703],[-2.5782018,51.4509975],[-2.5785543,51.4508806],[-2.5789762,51.4507393]]}},{"type":"Feature","properties":{"osm_id":120792741,"name":"Bristol Temple Meads Old Station","ref":"MLN6"},"geometry":{"type":"LineString","coordinates":[[-2.5786511,51.4509454],[-2.5790004,51.45085],[-2.5793836,51.4507292]]}},{"type":"Feature","properties":{"osm_id":120792745,"name":"Great Western Main Line","ref":"MLN1"},"geometry":{"type":"LineString","coordinates":[[-2.5790286,51.4505558],[-2.5788439,51.4506671],[-2.5785467,51.4508365],[-2.5784316,51.4508903],[-2.5782241,51.4509748],[-2.5780793,51.4510303],[-2.5779667,51.4510703],[-2.5779283,51.4510839]]}},{"type":"Feature","properties":{"osm_id":120792746,"ref":"MLN1"},"geometry":{"type":"LineString","coordinates":[[-2.5776541,51.451114],[-2.5777695,51.4510894]]}},{"type":"Feature","properties":{"osm_id":120793889},"geometry":{"type":"LineString","coordinates":[[-2.5762268,51.4513088],[-2.5759407,51.4513652],[-2.5755938,51.4514411]]}},{"type":"Feature","properties":{"osm_id":120794680,"name":"Up Bristol Loop","ref":"BLL"},"geometry":{"type":"LineString","coordinates":[[-2.5673428,51.4522663],[-2.567447,51.4524339],[-2.5675471,51.4526469],[-2.5676231,51.452921],[-2.5676356,51.45316],[-2.5676096,51.4533724],[-2.5675387,51.4535968],[-2.5675366,51.4536036],[-2.5674512,51.4537673],[-2.5673667,51.4539037],[-2.5672826,51.4540051]]}},{"type":"Feature","properties":{"osm_id":120794948},"geometry":{"type":"LineString","coordinates":[[-2.5638484,51.4507498],[-2.5625512,51.4504562]]}},{"type":"Feature","properties":{"osm_id":120795416,"name":"Great Western Main Line","ref":"MLN1"},"geometry":{"type":"LineString","coordinates":[[-2.5567065,51.4493754],[-2.5569338,51.4494215],[-2.557079,51.4494499],[-2.5572434,51.4494831],[-2.5585954,51.4497384]]}},{"type":"Feature","properties":{"osm_id":120795418,"name":"Great Western Main Line","ref":"MLN1"},"geometry":{"type":"LineString","coordinates":[[-2.5369389,51.4437343],[-2.5385426,51.444532],[-2.539637,51.4450396],[-2.5407295,51.4455249]]}},{"type":"Feature","properties":{"osm_id":120807484,"name":"Bristol Goods Avoiding Line","ref":"BRL"},"geometry":{"type":"LineString","coordinates":[[-2.5779088,51.4453882],[-2.5783748,51.4453504],[-2.5793994,51.4452525],[-2.5800286,51.4451818],[-2.580424,51.4450832],[-2.5807759,51.4449707],[-2.5810707,51.4448658],[-2.581593,51.4446829],[-2.5820878,51.4444654],[-2.5826146,51.4442562],[-2.5831214,51.4440647]]}},{"type":"Feature","properties":{"osm_id":120807500},"geometry":{"type":"LineString","coordinates":[[-2.5854377,51.4434892],[-2.5851564,51.4435418],[-2.5848577,51.4436074]]}},{"type":"Feature","properties":{"osm_id":120807738,"name":"Bristol to Taunton Line","ref":"MLN1"},"geometry":{"type":"LineString","coordinates":[[-2.596572,51.4393188],[-2.5970155,51.439077],[-2.5974187,51.4388519],[-2.5978729,51.4385988],[-2.5983624,51.4383217],[-2.5991452,51.4378665],[-2.5997181,51.4375256]]}},{"type":"Feature","properties":{"osm_id":120809092},"geometry":{"type":"LineString","coordinates":[[-2.6069053,51.433665],[-2.6062777,51.4339739]]}},{"type":"Feature","properties":{"osm_id":120809129,"name":"Portishead Branch Line","ref":"POD"},"geometry":{"type":"LineString","coordinates":[[-2.6155982,51.4314652],[-2.6161914,51.4315149],[-2.6167432,51.4315878],[-2.6171449,51.4316549],[-2.617765,51.431795],[-2.6181925,51.4319189],[-2.6186004,51.4320544],[-2.6191087,51.4322564],[-2.6194834,51.4324352],[-2.6198333,51.432623],[-2.6201522,51.432825],[-2.6204027,51.432998],[-2.6207278,51.4332529],[-2.6210133,51.4335147],[-2.6211987,51.4337099],[-2.6213225,51.4338264]]}},{"type":"Feature","properties":{"osm_id":121376932,"name":"Bristol to Taunton Line","ref":"MLN1"},"geometry":{"type":"LineString","coordinates":[[-2.7274433,51.4236742],[-2.7248861,51.4239359],[-2.7232497,51.42407]]}},{"type":"Feature","properties":{"osm_id":121377300,"name":"Bristol to Taunton Line","ref":"MLN1"},"geometry":{"type":"LineString","coordinates":[[-2.7232474,51.4240362],[-2.7236424,51.4240038],[-2.7248782,51.4239026],[-2.727438,51.4236379]]}},{"type":"Feature","properties":{"osm_id":121377656,"name":"Bristol to Taunton Line","ref":"MLN1"},"geometry":{"type":"LineString","coordinates":[[-2.7194664,51.4243799],[-2.7178795,51.4244774],[-2.7162991,51.4245653],[-2.7131303,51.4246845],[-2.7126224,51.4246974],[-2.7097521,51.4247543],[-2.7065413,51.4247658],[-2.7064891,51.424766],[-2.7064755,51.4247658],[-2.7062364,51.4247629],[-2.7045462,51.4247422],[-2.7017692,51.4246853],[-2.7010226,51.4246664],[-2.700225,51.4246371],[-2.6981217,51.424547],[-2.6959712,51.4244243],[-2.693184,51.4242628],[-2.6911218,51.4241859]]}},{"type":"Feature","properties":{"osm_id":121377657,"name":"Bristol to Taunton Line","ref":"MLN1"},"geometry":{"type":"LineString","coordinates":[[-2.6911247,51.4241523],[-2.6931881,51.4242293],[-2.6959762,51.4243908],[-2.698126,51.4245135],[-2.7002284,51.4246036],[-2.7010254,51.4246328],[-2.7045476,51.4247086],[-2.7064895,51.4247324],[-2.7097511,51.4247207],[-2.7126204,51.4246638],[-2.7131276,51.4246509],[-2.7162951,51.4245318],[-2.7178745,51.4244439],[-2.7194602,51.4243465]]}},{"type":"Feature","properties":{"osm_id":121377658,"name":"Bristol to Taunton Line","ref":"MLN1"},"geometry":{"type":"LineString","coordinates":[[-2.6490264,51.427152],[-2.6502419,51.4271052]]}},{"type":"Feature","properties":{"osm_id":121377659,"name":"Bristol to Taunton Line","ref":"MLN1"},"geometry":{"type":"LineString","coordinates":[[-2.6895877,51.4241066],[-2.6911247,51.4241523]]}},{"type":"Feature","properties":{"osm_id":121377660,"name":"Bristol to Taunton Line","ref":"MLN1"},"geometry":{"type":"LineString","coordinates":[[-2.6911218,51.4241859],[-2.6895854,51.4241402]]}},{"type":"Feature","properties":{"osm_id":121377810,"name":"Bristol to Taunton Line","ref":"MLN1"},"geometry":{"type":"LineString","coordinates":[[-2.6486986,51.4271606],[-2.6489263,51.4271546],[-2.6490264,51.427152]]}},{"type":"Feature","properties":{"osm_id":121377811,"name":"Bristol to Taunton Line","ref":"MLN1"},"geometry":{"type":"LineString","coordinates":[[-2.5998319,51.4373649],[-2.6006602,51.4368971],[-2.6016872,51.4362776],[-2.6022311,51.4359496],[-2.6025709,51.4357473],[-2.6033873,51.43528],[-2.6037526,51.4350806],[-2.60432,51.4347927],[-2.6049902,51.4344709],[-2.6055908,51.4342008],[-2.6065982,51.4337669],[-2.6068853,51.4336455]]}},{"type":"Feature","properties":{"osm_id":121635956,"name":"South Wales Main Line","ref":"SWB"},"geometry":{"type":"LineString","coordinates":[[-2.5355446,51.51375],[-2.5357257,51.5137373],[-2.5363482,51.5137005],[-2.5368168,51.5136805],[-2.5372785,51.5136723]]}},{"type":"Feature","properties":{"osm_id":121769665,"name":"South Wales Main Line","ref":"SWB"},"geometry":{"type":"LineString","coordinates":[[-2.5366234,51.5138497],[-2.5371393,51.513844],[-2.537728,51.5138444],[-2.5382467,51.5138444],[-2.5389421,51.5138435],[-2.5396771,51.5138462],[-2.5402372,51.513854],[-2.5402515,51.5138542],[-2.5404706,51.5138573],[-2.541192,51.5138768],[-2.5419065,51.5139103],[-2.5420868,51.5139208],[-2.5427302,51.5139662],[-2.5434823,51.5140296],[-2.5438451,51.5140602],[-2.5442963,51.5140985],[-2.5446576,51.5141194],[-2.5449911,51.5141501],[-2.5454399,51.5141939]]}},{"type":"Feature","properties":{"osm_id":121769669,"name":"South Wales Main Line"},"geometry":{"type":"LineString","coordinates":[[-2.546708,51.5143593],[-2.5469457,51.5144236],[-2.5471028,51.5144605]]}},{"type":"Feature","properties":{"osm_id":122404564,"name":"Great Western Main Line","ref":"MLN1"},"geometry":{"type":"LineString","coordinates":[[-2.5771583,51.4511218],[-2.5773484,51.4510777],[-2.5775686,51.4510201]]}},{"type":"Feature","properties":{"osm_id":122404571},"geometry":{"type":"LineString","coordinates":[[-2.5783255,51.4510033],[-2.5789762,51.4507393]]}},{"type":"Feature","properties":{"osm_id":122404574,"name":"Great Western Main Line","ref":"MLN1"},"geometry":{"type":"LineString","coordinates":[[-2.5786554,51.450734],[-2.5788215,51.4506391],[-2.578991,51.4505391]]}},{"type":"Feature","properties":{"osm_id":123270319,"name":"Portishead Branch Line","ref":"POD"},"geometry":{"type":"LineString","coordinates":[[-2.6212745,51.4338347],[-2.6211542,51.4337224],[-2.6209725,51.4335327],[-2.6208524,51.4334186],[-2.6205114,51.433129],[-2.6201745,51.4328846],[-2.6199576,51.4327424],[-2.6197038,51.4325968],[-2.6195228,51.4324933],[-2.6193255,51.432396],[-2.6189284,51.4322144],[-2.6184157,51.4320228],[-2.6178839,51.4318616],[-2.6173522,51.4317316],[-2.6168162,51.4316312],[-2.6161734,51.4315463],[-2.6155316,51.4314926]]}},{"type":"Feature","properties":{"osm_id":123270616,"name":"Portishead Branch Line","ref":"POD"},"geometry":{"type":"LineString","coordinates":[[-2.6225103,51.4367292],[-2.6223079,51.436199],[-2.6221274,51.4356603],[-2.621959,51.4351101],[-2.6218306,51.4347708],[-2.6216796,51.4344326],[-2.6213551,51.4339332]]}},{"type":"Feature","properties":{"osm_id":123270617,"name":"Portishead Branch Line","ref":"POD"},"geometry":{"type":"LineString","coordinates":[[-2.6225103,51.4367292],[-2.6223504,51.4361947],[-2.6221714,51.4356546],[-2.6220029,51.4351042],[-2.6218742,51.4347639],[-2.621722,51.4344232],[-2.6213968,51.4339196]]}},{"type":"Feature","properties":{"osm_id":123316902,"name":"Severn Beach Line","ref":"CNX"},"geometry":{"type":"LineString","coordinates":[[-2.5971951,51.4688793],[-2.5969467,51.4689389],[-2.5965557,51.4690134],[-2.5960934,51.4690897],[-2.5956921,51.4691406],[-2.5951394,51.4691923],[-2.5945293,51.4692017]]}},{"type":"Feature","properties":{"osm_id":123316903,"name":"Severn Beach Line","ref":"CNX"},"geometry":{"type":"LineString","coordinates":[[-2.5974385,51.4688195],[-2.5971951,51.4688793]]}},{"type":"Feature","properties":{"osm_id":125222987,"name":"Bristol and South Wales Union Line","ref":"BSW"},"geometry":{"type":"LineString","coordinates":[[-2.5646482,51.4652247],[-2.564744,51.4653867]]}},{"type":"Feature","properties":{"osm_id":125302131,"name":"Bristol and South Wales Union Line","ref":"BSW"},"geometry":{"type":"LineString","coordinates":[[-2.5722749,51.4716583],[-2.5723868,51.4717333]]}},{"type":"Feature","properties":{"osm_id":125302132},"geometry":{"type":"LineString","coordinates":[[-2.5709858,51.4708743],[-2.5712525,51.4710185],[-2.5715186,51.4711659]]}},{"type":"Feature","properties":{"osm_id":125302133,"name":"Bristol and South Wales Union Line","ref":"BSW"},"geometry":{"type":"LineString","coordinates":[[-2.5669282,51.4680093],[-2.5672222,51.4682737],[-2.567556,51.4685504],[-2.5682853,51.4691051]]}},{"type":"Feature","properties":{"osm_id":125302134,"name":"Up Filton Relief","ref":"BSW"},"geometry":{"type":"LineString","coordinates":[[-2.565695,51.466732],[-2.5659579,51.4670322],[-2.5662192,51.4673076],[-2.5665352,51.4676383],[-2.5666931,51.4677902],[-2.5669282,51.4680093]]}},{"type":"Feature","properties":{"osm_id":125731161,"name":"Great Western Main Line","ref":"MLN1"},"geometry":{"type":"LineString","coordinates":[[-2.5424787,51.4461768],[-2.5437399,51.446586],[-2.5445544,51.4468365],[-2.545317,51.4470489],[-2.5454714,51.4470919],[-2.5455677,51.4471168],[-2.5466397,51.4473937],[-2.5492818,51.4479694],[-2.5502776,51.4481596],[-2.5506852,51.4482374],[-2.5524641,51.4485763],[-2.5532342,51.4487259],[-2.5547876,51.4490169],[-2.5567065,51.4493754]]}},{"type":"Feature","properties":{"osm_id":125731162,"name":"Great Western Main Line","ref":"MLN1"},"geometry":{"type":"LineString","coordinates":[[-2.5407295,51.4455249],[-2.5424787,51.4461768]]}},{"type":"Feature","properties":{"osm_id":125731489,"name":"St. Anne's Tunnel No. 3","ref":"MLN1"},"geometry":{"type":"LineString","coordinates":[[-2.5286918,51.4371448],[-2.5294805,51.4380359],[-2.5301995,51.4388126],[-2.5309551,51.4395379],[-2.5327106,51.441006],[-2.5334027,51.4415063],[-2.5335644,51.4416309],[-2.5349115,51.4425388],[-2.5360419,51.4432266],[-2.5369389,51.4437343]]}},{"type":"Feature","properties":{"osm_id":125731490,"ref":"MLN1"},"geometry":{"type":"LineString","coordinates":[[-2.5094276,51.4242395],[-2.5096558,51.4243628],[-2.5096929,51.4243836],[-2.5099146,51.4245078],[-2.5103569,51.4247546],[-2.5108218,51.4250264],[-2.5112579,51.4252826],[-2.5115644,51.4254652],[-2.5119577,51.4257136],[-2.512738,51.4262103],[-2.5133286,51.4265762],[-2.5137872,51.4268558],[-2.5143451,51.4271849],[-2.5147962,51.4274395],[-2.5153114,51.4277278],[-2.5157474,51.4279582],[-2.5161762,51.4281824],[-2.5164238,51.4283108],[-2.5168947,51.4285437],[-2.5173533,51.4287662],[-2.5176657,51.428913],[-2.5181715,51.4291507],[-2.5186434,51.4293654],[-2.5191853,51.4296102],[-2.5197931,51.4298905],[-2.5205447,51.4302561],[-2.5210858,51.4305348],[-2.5216953,51.4308693],[-2.5220266,51.4310566],[-2.5223619,51.4312618],[-2.5227035,51.4314671],[-2.5229537,51.4316252],[-2.5233304,51.431867],[-2.5237683,51.4321677],[-2.524139,51.4324328],[-2.5246762,51.4328421],[-2.5251735,51.4332469],[-2.5256195,51.4336341],[-2.525877,51.4338582],[-2.5261673,51.434123],[-2.5264525,51.4344128],[-2.5269375,51.4349173],[-2.5272592,51.4352761],[-2.5276311,51.4357186],[-2.5278058,51.4359278],[-2.5280882,51.436359],[-2.528322,51.4366634],[-2.5286918,51.4371448]]}},{"type":"Feature","properties":{"osm_id":125748101,"name":"Great Western Main Line","ref":"MLN1"},"geometry":{"type":"LineString","coordinates":[[-2.5647622,51.450878],[-2.5651429,51.4509474],[-2.5657943,51.4510678]]}},{"type":"Feature","properties":{"osm_id":125748102,"name":"Great Western Main Line","ref":"MLN1"},"geometry":{"type":"LineString","coordinates":[[-2.5657943,51.4510678],[-2.5660363,51.4511147],[-2.5662843,51.4511628],[-2.5669957,51.4512919],[-2.5672437,51.451338],[-2.5673305,51.4513541],[-2.5682364,51.4515047],[-2.5685339,51.4515476],[-2.5686152,51.4515577]]}},{"type":"Feature","properties":{"osm_id":125750029,"name":"Bristol to Taunton Line","ref":"MLN1"},"geometry":{"type":"LineString","coordinates":[[-2.5999063,51.4374157],[-2.6005137,51.4370743],[-2.6011184,51.436712],[-2.6017569,51.4363167],[-2.6022864,51.4359968],[-2.6025754,51.4358249],[-2.6033149,51.4353986],[-2.6038114,51.4351286],[-2.6043789,51.4348397],[-2.6050415,51.4345217],[-2.6055878,51.434278],[-2.6062777,51.4339739]]}},{"type":"Feature","properties":{"osm_id":125750031,"name":"Bristol to Taunton Line","ref":"MLN1"},"geometry":{"type":"LineString","coordinates":[[-2.5996441,51.437475],[-2.5998319,51.4373649]]}},{"type":"Feature","properties":{"osm_id":125750035,"name":"Bristol to Taunton Line","ref":"MLN1"},"geometry":{"type":"LineString","coordinates":[[-2.5997181,51.4375256],[-2.5999063,51.4374157]]}},{"type":"Feature","properties":{"osm_id":130403531},"geometry":{"type":"LineString","coordinates":[[-2.6061475,51.4482769],[-2.6060356,51.448216],[-2.6055184,51.4480082],[-2.6052149,51.4479118],[-2.6047762,51.4478003]]}},{"type":"Feature","properties":{"osm_id":140108395,"name":"Portishead Branch Line","ref":"POD"},"geometry":{"type":"LineString","coordinates":[[-2.6913157,51.4831944],[-2.6911067,51.4831481]]}},{"type":"Feature","properties":{"osm_id":140108396,"name":"Portishead Branch Line","ref":"POD"},"geometry":{"type":"LineString","coordinates":[[-2.6911067,51.4831481],[-2.6908186,51.4830769],[-2.690612,51.48302],[-2.6902241,51.4828907],[-2.6897714,51.4827236],[-2.6893318,51.4825349],[-2.6888736,51.4823236],[-2.6884956,51.4821307],[-2.6880619,51.4818881],[-2.6876602,51.4816441],[-2.686829,51.481134],[-2.6865474,51.4809536],[-2.6862765,51.4807891],[-2.6861437,51.48072],[-2.6860132,51.4806542]]}},{"type":"Feature","properties":{"osm_id":140579618,"name":"South Wales Main Line","ref":"SWB"},"geometry":{"type":"LineString","coordinates":[[-2.4814859,51.5192488],[-2.4816445,51.5192325]]}},{"type":"Feature","properties":{"osm_id":140644042,"name":"South Wales Main Line","ref":"BSW"},"geometry":{"type":"LineString","coordinates":[[-2.6071713,51.5504394],[-2.6075057,51.5505685],[-2.6082444,51.550852],[-2.608954,51.5511098],[-2.6100078,51.5514713],[-2.6110268,51.551814],[-2.6120332,51.5521372],[-2.6127861,51.5523726],[-2.613498,51.5525784],[-2.6141461,51.5527592],[-2.614774,51.5529262],[-2.6158353,51.5531976]]}},{"type":"Feature","properties":{"osm_id":140644043,"name":"South Wales Main Line","ref":"BSW"},"geometry":{"type":"LineString","coordinates":[[-2.6158353,51.5531976],[-2.6159547,51.5532278]]}},{"type":"Feature","properties":{"osm_id":140644410,"name":"Bristol and South Wales Union Line","ref":"BSW"},"geometry":{"type":"LineString","coordinates":[[-2.5607897,51.5158635],[-2.5608197,51.5152913],[-2.5608706,51.5145862],[-2.5609416,51.5135404],[-2.5610499,51.5119234],[-2.5610997,51.5112368],[-2.5611506,51.510411],[-2.5612003,51.5096739],[-2.5612878,51.5089837],[-2.5613018,51.5086741],[-2.5613275,51.5083516],[-2.5613473,51.5081285],[-2.5613805,51.5079044],[-2.5614176,51.5076927]]}},{"type":"Feature","properties":{"osm_id":140680162,"name":"Great Western Main Line","ref":"MLN1"},"geometry":{"type":"LineString","coordinates":[[-2.5766726,51.4512397],[-2.5770695,51.4511768],[-2.577317,51.4511365],[-2.5776047,51.451071]]}},{"type":"Feature","properties":{"osm_id":140680163,"name":"Great Western Main Line","ref":"MLN1"},"geometry":{"type":"LineString","coordinates":[[-2.5771978,51.4512705],[-2.5778224,51.4511491]]}},{"type":"Feature","properties":{"osm_id":146870006,"ref":"MLN1"},"geometry":{"type":"LineString","coordinates":[[-2.6062777,51.4339739],[-2.6070113,51.433667],[-2.607299,51.4335502],[-2.6077083,51.4334046],[-2.6080693,51.4332758],[-2.6084564,51.4331374],[-2.6086244,51.4330771],[-2.6096293,51.4327161],[-2.610504,51.4324263],[-2.6108973,51.4322938],[-2.6114954,51.4321086],[-2.6120404,51.4319391],[-2.6125652,51.4317623]]}},{"type":"Feature","properties":{"osm_id":146873007,"name":"Up Bristol Loop"},"geometry":{"type":"LineString","coordinates":[[-2.5672646,51.4521624],[-2.5673428,51.4522663]]}},{"type":"Feature","properties":{"osm_id":146873008,"name":"Down Bristol Loop","ref":"BLL"},"geometry":{"type":"LineString","coordinates":[[-2.5670605,51.4541985],[-2.567258,51.4539744],[-2.5673591,51.4538239],[-2.5674676,51.4536263],[-2.5675363,51.453403],[-2.5675689,51.4531619],[-2.567554,51.4529246],[-2.5675302,51.4527906],[-2.5674849,51.4526561],[-2.5674366,51.452542],[-2.5673874,51.4524486],[-2.5672862,51.4522882]]}},{"type":"Feature","properties":{"osm_id":146873012,"name":"Up Bristol Loop","ref":"BLL"},"geometry":{"type":"LineString","coordinates":[[-2.5656553,51.4510838],[-2.5659003,51.451171],[-2.5661197,51.4512628],[-2.56637,51.4513916],[-2.5666372,51.451572],[-2.566654,51.4515843],[-2.5667685,51.4516681],[-2.566929,51.4517967],[-2.5670416,51.4519052],[-2.5672646,51.4521624]]}},{"type":"Feature","properties":{"osm_id":146880704,"name":"Great Western Main Line","ref":"MLN1"},"geometry":{"type":"LineString","coordinates":[[-2.4096227,51.3867405],[-2.4098358,51.3867981]]}},{"type":"Feature","properties":{"osm_id":146880705,"name":"Great Western Main Line","ref":"MLN1"},"geometry":{"type":"LineString","coordinates":[[-2.4098358,51.3867981],[-2.4104485,51.3869689],[-2.4117996,51.3873012],[-2.4126782,51.3874901]]}},{"type":"Feature","properties":{"osm_id":146880706,"name":"Great Western Main Line","ref":"MLN1"},"geometry":{"type":"LineString","coordinates":[[-2.4088829,51.3865205],[-2.4096227,51.3867405]]}},{"type":"Feature","properties":{"osm_id":146982484,"name":"Severn Beach Line","ref":"AMB"},"geometry":{"type":"LineString","coordinates":[[-2.6662099,51.553434],[-2.6662397,51.5533212]]}},{"type":"Feature","properties":{"osm_id":146985813,"name":"Severn Beach Line","ref":"CNX"},"geometry":{"type":"LineString","coordinates":[[-2.6561865,51.4855188],[-2.6559717,51.4854029],[-2.6550497,51.484799],[-2.6545029,51.484384],[-2.6535344,51.4835794],[-2.6529081,51.4830303],[-2.6523925,51.4825318],[-2.650759,51.4807838]]}},{"type":"Feature","properties":{"osm_id":146985835,"name":"Severn Beach Line","ref":"CNX"},"geometry":{"type":"LineString","coordinates":[[-2.6563456,51.485607],[-2.6561865,51.4855188]]}},{"type":"Feature","properties":{"osm_id":164143555,"name":"Great Western Main Line","ref":"MLN1"},"geometry":{"type":"LineString","coordinates":[[-2.4499567,51.3992021],[-2.4501412,51.3993419]]}},{"type":"Feature","properties":{"osm_id":164178873,"name":"Great Western Main Line","ref":"MLN1"},"geometry":{"type":"LineString","coordinates":[[-2.4359477,51.391961],[-2.4380689,51.3928728],[-2.4421946,51.3946479],[-2.4437859,51.395351],[-2.4449003,51.3959042],[-2.4462028,51.3966182],[-2.4469552,51.3970668],[-2.4475721,51.3974606],[-2.4484262,51.3980589],[-2.4499567,51.3992021]]}},{"type":"Feature","properties":{"osm_id":164178874,"name":"Great Western Main Line","ref":"MLN1"},"geometry":{"type":"LineString","coordinates":[[-2.4357583,51.3918796],[-2.4359477,51.391961]]}},{"type":"Feature","properties":{"osm_id":164180195,"name":"Severn Beach Line","ref":"CNX"},"geometry":{"type":"LineString","coordinates":[[-2.680103,51.4843488],[-2.6796843,51.48431],[-2.679385,51.4842846],[-2.6791085,51.4842695],[-2.6789343,51.4842658],[-2.6787142,51.4842611],[-2.6783752,51.4842631],[-2.6779791,51.4842802],[-2.6773278,51.4843242]]}},{"type":"Feature","properties":{"osm_id":164180196,"name":"Severn Beach Line","ref":"CNX"},"geometry":{"type":"LineString","coordinates":[[-2.6802741,51.4843684],[-2.680103,51.4843488]]}},{"type":"Feature","properties":{"osm_id":164248537,"name":"Portishead Branch Line","ref":"POD"},"geometry":{"type":"LineString","coordinates":[[-2.6328776,51.4630023],[-2.6327799,51.4628124]]}},{"type":"Feature","properties":{"osm_id":164248538,"name":"No.1 Tunnel","ref":"POD"},"geometry":{"type":"LineString","coordinates":[[-2.6289119,51.4549736],[-2.6287223,51.4547406],[-2.6285909,51.4545403]]}},{"type":"Feature","properties":{"osm_id":164248539,"name":"Portishead Branch Line","ref":"POD"},"geometry":{"type":"LineString","coordinates":[[-2.6359494,51.4676772],[-2.6357857,51.4675954]]}},{"type":"Feature","properties":{"osm_id":164248540,"name":"Portishead Branch Line","ref":"POD"},"geometry":{"type":"LineString","coordinates":[[-2.6339295,51.4660077],[-2.6338437,51.4658406]]}},{"type":"Feature","properties":{"osm_id":164248541,"name":"Portishead Branch Line","ref":"POD"},"geometry":{"type":"LineString","coordinates":[[-2.6320093,51.4616075],[-2.6319727,51.4614795]]}},{"type":"Feature","properties":{"osm_id":164248542,"name":"Portishead Branch Line","ref":"POD"},"geometry":{"type":"LineString","coordinates":[[-2.6303687,51.4561179],[-2.630248,51.4560347]]}},{"type":"Feature","properties":{"osm_id":164248543,"name":"Portishead Branch Line","ref":"POD"},"geometry":{"type":"LineString","coordinates":[[-2.6315007,51.4570183],[-2.6314168,51.4569338]]}},{"type":"Feature","properties":{"osm_id":164248544,"name":"Portishead Branch Line","ref":"POD"},"geometry":{"type":"LineString","coordinates":[[-2.6319727,51.4614795],[-2.6319211,51.4612934],[-2.6318573,51.4610545]]}},{"type":"Feature","properties":{"osm_id":164248545,"name":"Portishead Branch Line","ref":"POD"},"geometry":{"type":"LineString","coordinates":[[-2.6314168,51.4569338],[-2.6309821,51.4565635],[-2.6303687,51.4561179]]}},{"type":"Feature","properties":{"osm_id":164248546,"name":"Portishead Branch Line","ref":"POD"},"geometry":{"type":"LineString","coordinates":[[-2.6285909,51.4545403],[-2.6284737,51.4543463],[-2.6284066,51.454211],[-2.6283559,51.4540855],[-2.628303,51.4539065],[-2.6282593,51.4537512],[-2.6281842,51.4533735],[-2.628115,51.452931],[-2.6280694,51.4527376],[-2.628004,51.4525512],[-2.627891,51.4523058],[-2.6277402,51.4520363],[-2.6270467,51.4509795],[-2.6268903,51.4507093],[-2.626762,51.4504562],[-2.6264259,51.4497137],[-2.6263311,51.4494692],[-2.6261869,51.4490081],[-2.6258935,51.447835],[-2.6258321,51.4475022],[-2.625779,51.4471433],[-2.6257371,51.4467764],[-2.6257159,51.4463635],[-2.625784,51.4457892],[-2.6259023,51.4452331],[-2.6260364,51.4444218],[-2.6259626,51.4432092],[-2.625838,51.4424719],[-2.625771,51.4422399],[-2.625644,51.441918],[-2.6255324,51.4415916],[-2.625147,51.4407832]]}},{"type":"Feature","properties":{"osm_id":164248547,"name":"Portishead Branch Line","ref":"POD"},"geometry":{"type":"LineString","coordinates":[[-2.630248,51.4560347],[-2.630153,51.4559841],[-2.6300054,51.4558906],[-2.6298825,51.4558155],[-2.6297506,51.4557218],[-2.6295714,51.455588],[-2.6292669,51.4553544],[-2.6290754,51.4551744],[-2.6289119,51.4549736]]}},{"type":"Feature","properties":{"osm_id":164248548,"name":"Portishead Branch Line","ref":"POD"},"geometry":{"type":"LineString","coordinates":[[-2.6338437,51.4658406],[-2.6335498,51.4650305],[-2.633317,51.4642553],[-2.6330822,51.4635266],[-2.6329481,51.4631558],[-2.6328776,51.4630023]]}},{"type":"Feature","properties":{"osm_id":164248549,"name":"Portishead Branch Line","ref":"POD"},"geometry":{"type":"LineString","coordinates":[[-2.6357857,51.4675954],[-2.6355335,51.4674647],[-2.6352982,51.4673377],[-2.6349704,51.467106],[-2.6345173,51.4667248],[-2.634275,51.4664917],[-2.634123,51.4663131],[-2.6339763,51.4660912],[-2.6339295,51.4660077]]}},{"type":"Feature","properties":{"osm_id":164248550,"name":"Portishead Branch Line","ref":"POD"},"geometry":{"type":"LineString","coordinates":[[-2.6327799,51.4628124],[-2.6327172,51.4627057],[-2.6325995,51.4625615],[-2.6323956,51.4622957],[-2.6322132,51.4620283],[-2.6320764,51.4617775],[-2.6320093,51.4616075]]}},{"type":"Feature","properties":{"osm_id":164250893,"name":"Portishead Branch Line","ref":"POD"},"geometry":{"type":"LineString","coordinates":[[-2.6466344,51.4706596],[-2.6464175,51.4705311]]}},{"type":"Feature","properties":{"osm_id":164250894,"name":"Portishead Branch Line","ref":"POD"},"geometry":{"type":"LineString","coordinates":[[-2.639022,51.4683817],[-2.6388237,51.4683552]]}},{"type":"Feature","properties":{"osm_id":164250895,"name":"Portishead Branch Line","ref":"POD"},"geometry":{"type":"LineString","coordinates":[[-2.6388237,51.4683552],[-2.6378155,51.468205],[-2.6375407,51.4681555],[-2.6373091,51.468103],[-2.6368625,51.4679844],[-2.6363947,51.4678372],[-2.6359494,51.4676772]]}},{"type":"Feature","properties":{"osm_id":164250896,"name":"Portishead Branch Line","ref":"POD"},"geometry":{"type":"LineString","coordinates":[[-2.6464175,51.4705311],[-2.6460929,51.4703817],[-2.6456619,51.4702182],[-2.6434811,51.4695473],[-2.6399239,51.4685591],[-2.6395497,51.4684759],[-2.639022,51.4683817]]}},{"type":"Feature","properties":{"osm_id":164964496,"name":"Bristol to Taunton Line","ref":"MLN1"},"geometry":{"type":"LineString","coordinates":[[-2.7706675,51.4127515],[-2.7716241,51.4123969],[-2.7731091,51.4118454],[-2.7766049,51.4105347],[-2.7798834,51.4093172],[-2.7895036,51.4057169],[-2.7944035,51.4038848],[-2.7970009,51.4029129],[-2.7995779,51.4019421],[-2.8026596,51.4007807],[-2.8055209,51.3997075],[-2.8073516,51.3990121],[-2.8097573,51.3980841],[-2.8121602,51.3971456],[-2.8145352,51.3961938],[-2.8192688,51.3942653],[-2.8194217,51.3942032],[-2.8204547,51.3937942]]}},{"type":"Feature","properties":{"osm_id":164964498,"name":"Bristol to Taunton Line","ref":"MLN1"},"geometry":{"type":"LineString","coordinates":[[-2.8204827,51.3938176],[-2.8194675,51.394234],[-2.819319,51.3942949],[-2.814568,51.3962158],[-2.8121891,51.397172],[-2.8098,51.3981107],[-2.8074014,51.3990343],[-2.8055489,51.3997378],[-2.8026951,51.4008127],[-2.7996035,51.401971],[-2.7970289,51.402939],[-2.7944233,51.4039149],[-2.7895282,51.4057427],[-2.779909,51.4093474],[-2.7766381,51.4105626],[-2.773135,51.4118699],[-2.7716412,51.4124258],[-2.7706843,51.4127811]]}},{"type":"Feature","properties":{"osm_id":167662065,"name":"South Wales Main Line","ref":"BSW"},"geometry":{"type":"LineString","coordinates":[[-2.6231615,51.5552774],[-2.6229847,51.555223]]}},{"type":"Feature","properties":{"osm_id":167662081,"name":"South Wales Main Line","ref":"BSW"},"geometry":{"type":"LineString","coordinates":[[-2.6494772,51.5635196],[-2.6482761,51.5631441],[-2.6468467,51.5627067],[-2.6458857,51.5624219],[-2.6446039,51.5620357],[-2.6433496,51.5616549],[-2.6417915,51.5611674],[-2.6409713,51.5609071],[-2.6394046,51.5604228],[-2.6386153,51.5601764],[-2.6375205,51.5598361],[-2.6364189,51.559484],[-2.6352778,51.5591224],[-2.6341899,51.5587778],[-2.6327999,51.5583425],[-2.6315662,51.5579531],[-2.6304062,51.5575701],[-2.6295053,51.5572746],[-2.6280107,51.5567977],[-2.6266757,51.5563752],[-2.6249924,51.5558503],[-2.623702,51.5554481],[-2.6231615,51.5552774]]}},{"type":"Feature","properties":{"osm_id":167662085,"name":"South Wales Main Line","ref":"BSW"},"geometry":{"type":"LineString","coordinates":[[-2.6229847,51.555223],[-2.6216206,51.5547984],[-2.6202444,51.5543876],[-2.6192646,51.5541166],[-2.6189194,51.554029],[-2.618132,51.5538178],[-2.6171282,51.5535628],[-2.6159302,51.5532574]]}},{"type":"Feature","properties":{"osm_id":169477552,"name":"Bristol and South Wales Union Line","ref":"BSW"},"geometry":{"type":"LineString","coordinates":[[-2.5613776,51.5074457],[-2.5613332,51.5076796]]}},{"type":"Feature","properties":{"osm_id":169477553,"name":"Bristol and South Wales Union Line","ref":"BSW"},"geometry":{"type":"LineString","coordinates":[[-2.5614176,51.5076927],[-2.561454,51.5074578]]}},{"type":"Feature","properties":{"osm_id":169477555,"ref":"Filton 4m 56ch BSW"},"geometry":{"type":"LineString","coordinates":[[-2.5614711,51.5074605],[-2.5614456,51.507699]]}},{"type":"Feature","properties":{"osm_id":169477562,"name":"Bristol and South Wales Union Line","ref":"BSW"},"geometry":{"type":"LineString","coordinates":[[-2.5608304,51.5159894],[-2.5607792,51.5169593],[-2.5607279,51.5176618],[-2.5607034,51.5180606],[-2.5606788,51.5184283],[-2.5606555,51.5190289],[-2.5606598,51.5193911],[-2.5606695,51.5196428],[-2.5607049,51.5201224],[-2.5607334,51.5204178],[-2.5607718,51.5206776],[-2.5609038,51.521329],[-2.5609636,51.521607],[-2.5610483,51.5219954],[-2.5611114,51.5223159],[-2.5611578,51.522477]]}},{"type":"Feature","properties":{"osm_id":169477564,"name":"Bristol and South Wales Union Line","ref":"BSW"},"geometry":{"type":"LineString","coordinates":[[-2.5607829,51.5159819],[-2.5607897,51.5158635]]}},{"type":"Feature","properties":{"osm_id":169477565,"name":"South Wales Main Line","ref":"SWB"},"geometry":{"type":"LineString","coordinates":[[-2.5466796,51.5144203],[-2.5464885,51.5143831]]}},{"type":"Feature","properties":{"osm_id":169477567},"geometry":{"type":"LineString","coordinates":[[-2.5610933,51.5089066],[-2.5609884,51.5092666]]}},{"type":"Feature","properties":{"osm_id":169477568},"geometry":{"type":"LineString","coordinates":[[-2.5614456,51.507699],[-2.5614368,51.5078624]]}},{"type":"Feature","properties":{"osm_id":169477569,"name":"South Wales Main Line","ref":"BSW"},"geometry":{"type":"LineString","coordinates":[[-2.6159302,51.5532574],[-2.6158182,51.5532295]]}},{"type":"Feature","properties":{"osm_id":169477570},"geometry":{"type":"LineString","coordinates":[[-2.5331682,51.5139294],[-2.5319535,51.5140455]]}},{"type":"Feature","properties":{"osm_id":169477571,"name":"South Wales Main Line","ref":"BSW"},"geometry":{"type":"LineString","coordinates":[[-2.5611206,51.5227095],[-2.5610503,51.5224769]]}},{"type":"Feature","properties":{"osm_id":169477572,"name":"South Wales Main Line","ref":"BSW"},"geometry":{"type":"LineString","coordinates":[[-2.5611578,51.522477],[-2.5612327,51.5227124]]}},{"type":"Feature","properties":{"osm_id":169477573},"geometry":{"type":"LineString","coordinates":[[-2.5614949,51.5072951],[-2.5614711,51.5074605]]}},{"type":"Feature","properties":{"osm_id":169477574},"geometry":{"type":"LineString","coordinates":[[-2.5609636,51.521607],[-2.560999,51.5220188]]}},{"type":"Feature","properties":{"osm_id":169477575,"name":"South Wales Main Line"},"geometry":{"type":"LineString","coordinates":[[-2.5615322,51.5238876],[-2.5613786,51.5233208]]}},{"type":"Feature","properties":{"osm_id":169477577,"name":"South Wales Main Line","ref":"BSW"},"geometry":{"type":"LineString","coordinates":[[-2.5710619,51.5347123],[-2.5708754,51.5345797],[-2.570576,51.5343658],[-2.570318,51.5341812],[-2.5700784,51.5340048],[-2.5699534,51.5339108],[-2.5698344,51.5338167],[-2.5695966,51.5336267],[-2.5693586,51.5334349],[-2.5691194,51.5332534],[-2.5687233,51.5329373],[-2.568319,51.5326009],[-2.5678638,51.5322271],[-2.5671949,51.531682],[-2.5665975,51.5312005],[-2.5661257,51.5308071],[-2.5659422,51.530647],[-2.5657627,51.5304868],[-2.5655557,51.530284],[-2.5653529,51.5300811],[-2.5649559,51.5296764],[-2.5647143,51.5294157],[-2.564485,51.5291575],[-2.5642432,51.5288671]]}},{"type":"Feature","properties":{"osm_id":169477579,"name":"South Wales Main Line"},"geometry":{"type":"LineString","coordinates":[[-2.5466115,51.5143314],[-2.546708,51.5143593]]}},{"type":"Feature","properties":{"osm_id":169477582},"geometry":{"type":"LineString","coordinates":[[-2.5630122,51.5041233],[-2.5628576,51.5043652],[-2.5627107,51.5045938]]}},{"type":"Feature","properties":{"osm_id":169477583,"name":"South Wales Main Line","ref":"SWB"},"geometry":{"type":"LineString","coordinates":[[-2.5477202,51.5146057],[-2.5476963,51.5146014],[-2.5466796,51.5144203]]}},{"type":"Feature","properties":{"osm_id":169477585,"name":"South Wales Main Line","ref":"BSW"},"geometry":{"type":"LineString","coordinates":[[-2.6158182,51.5532295],[-2.6153572,51.5531138],[-2.6144338,51.5528781],[-2.6136824,51.5526852],[-2.6126854,51.5524164],[-2.6120987,51.5522509],[-2.6115488,51.5520882],[-2.6109797,51.5519144],[-2.6105195,51.5517672],[-2.6101518,51.5516493],[-2.6090639,51.5512742],[-2.6084547,51.5510547],[-2.6081018,51.5509212],[-2.6074665,51.5506735],[-2.6071039,51.5505336]]}},{"type":"Feature","properties":{"osm_id":169477588,"name":"South Wales Main Line","ref":"BSW"},"geometry":{"type":"LineString","coordinates":[[-2.5616132,51.5239952],[-2.561464,51.5234729],[-2.5614076,51.5232703],[-2.561343,51.5230546],[-2.5612327,51.5227124]]}},{"type":"Feature","properties":{"osm_id":169477591,"name":"Filton East Curve","ref":"FEC"},"geometry":{"type":"LineString","coordinates":[[-2.5613332,51.5076796],[-2.56125,51.508048],[-2.5611826,51.5083908],[-2.561097,51.5088852],[-2.5610933,51.5089066],[-2.5610311,51.5093038],[-2.5609835,51.5096266],[-2.560914,51.5100086],[-2.5608517,51.5102721],[-2.560798,51.5104688],[-2.560737,51.5106291],[-2.5606553,51.5108319],[-2.5605393,51.5110764],[-2.5604478,51.5112397],[-2.5603307,51.5114349],[-2.5602013,51.5116217],[-2.5600524,51.5118207],[-2.559928,51.5119756],[-2.5597767,51.5121419],[-2.5595863,51.5123378],[-2.5594557,51.5124586],[-2.5592349,51.5126484],[-2.5589786,51.5128573],[-2.558748,51.5130282],[-2.558543,51.5131702],[-2.5583331,51.5133137],[-2.5581146,51.5134489],[-2.5578535,51.5135992],[-2.5576033,51.5137245],[-2.5573434,51.5138521],[-2.5570091,51.513985],[-2.5567174,51.5140951],[-2.5565063,51.5141772],[-2.5562452,51.5142736],[-2.5559828,51.5143571],[-2.5557083,51.5144407],[-2.5554252,51.5145196],[-2.5551469,51.514591],[-2.5547784,51.5146784],[-2.5544587,51.5147383]]}},{"type":"Feature","properties":{"osm_id":169477594},"geometry":{"type":"LineString","coordinates":[[-2.5617137,51.5066092],[-2.5617639,51.506459],[-2.5618754,51.5062066],[-2.5619745,51.5059671],[-2.5621228,51.5056103],[-2.5622966,51.5052459]]}},{"type":"Feature","properties":{"osm_id":169477595,"name":"South Wales Main Line","ref":"BSW"},"geometry":{"type":"LineString","coordinates":[[-2.5895723,51.5434702],[-2.5868567,51.5422817],[-2.5816131,51.5400419],[-2.5758413,51.5374716],[-2.5736124,51.5363106],[-2.5724427,51.5356422],[-2.5717489,51.5351991],[-2.5710619,51.5347123]]}},{"type":"Feature","properties":{"osm_id":169477597,"name":"South Wales Main Line","ref":"SWB"},"geometry":{"type":"LineString","coordinates":[[-2.5372785,51.5136723],[-2.5378606,51.5136572],[-2.5379789,51.5136554],[-2.5384441,51.5136485],[-2.539024,51.5136425],[-2.5396053,51.5136411],[-2.5402137,51.5136461],[-2.5408712,51.5136563],[-2.5410566,51.5136624],[-2.541074,51.513663],[-2.5413936,51.5136735],[-2.541916,51.5136971],[-2.5419308,51.5136977],[-2.5421132,51.5137082],[-2.5427063,51.5137522],[-2.5427196,51.5137532],[-2.5427933,51.5137585],[-2.5432556,51.5137975],[-2.5434985,51.5138233],[-2.5438281,51.5138582],[-2.5442476,51.5139116],[-2.5444567,51.5139412],[-2.5446625,51.5139729],[-2.5450739,51.5140416],[-2.5454819,51.5141154],[-2.5462132,51.5142485],[-2.5465233,51.5143153]]}},{"type":"Feature","properties":{"osm_id":169480019,"name":"Yate Branch","ref":"YAT"},"geometry":{"type":"LineString","coordinates":[[-2.4330184,51.5269086],[-2.433372,51.527279],[-2.4337152,51.5276534],[-2.4341403,51.5281023],[-2.4345056,51.5285002],[-2.4348071,51.5288245],[-2.4350307,51.5290808],[-2.4352751,51.5293833],[-2.4354675,51.5296469],[-2.4356534,51.5299227],[-2.4358003,51.5301702],[-2.4359485,51.5304532],[-2.4361006,51.5307937],[-2.4362644,51.531257],[-2.4363541,51.5315765]]}},{"type":"Feature","properties":{"osm_id":169480020,"name":"Yate Branch","ref":"YAT"},"geometry":{"type":"LineString","coordinates":[[-2.4344146,51.5210326],[-2.4342274,51.5210941]]}},{"type":"Feature","properties":{"osm_id":169480021,"name":"Yate Branch","ref":"YAT"},"geometry":{"type":"LineString","coordinates":[[-2.4363541,51.5315765],[-2.4363736,51.5316751]]}},{"type":"Feature","properties":{"osm_id":169480022,"name":"Yate Branch","ref":"YAT"},"geometry":{"type":"LineString","coordinates":[[-2.4327351,51.5266079],[-2.4330184,51.5269086]]}},{"type":"Feature","properties":{"osm_id":169480023},"geometry":{"type":"LineString","coordinates":[[-2.4341921,51.5380404],[-2.4337619,51.5386313]]}},{"type":"Feature","properties":{"osm_id":169480026,"name":"Yate Branch","ref":"YAT"},"geometry":{"type":"LineString","coordinates":[[-2.4336762,51.5213376],[-2.4332849,51.5215454],[-2.433008,51.5217088],[-2.4327753,51.5218771],[-2.4326492,51.5219806],[-2.4325271,51.5220777],[-2.4323971,51.5221982],[-2.4322684,51.5223187],[-2.4321592,51.5224368],[-2.432011,51.5226123],[-2.4318742,51.5227966],[-2.4318459,51.5228347],[-2.4317315,51.5230272],[-2.4316301,51.5232327],[-2.4315586,51.523392],[-2.4315105,51.5235465],[-2.431465,51.5236953],[-2.4314338,51.52387],[-2.4314182,51.5240237],[-2.4314117,51.5242154],[-2.4314156,51.5243561],[-2.4314299,51.5244798],[-2.431465,51.5246812],[-2.4314936,51.5248139],[-2.4315508,51.5249853],[-2.4316171,51.525156],[-2.4317237,51.5253671],[-2.431842,51.5255588],[-2.4319824,51.5257585],[-2.4321163,51.5259227],[-2.4324439,51.5262891],[-2.4327351,51.5266079]]}},{"type":"Feature","properties":{"osm_id":169480027,"name":"Cross Country Route","ref":"BGL2"},"geometry":{"type":"LineString","coordinates":[[-2.4295295,51.5481165],[-2.4294546,51.5483962],[-2.4293698,51.5487532],[-2.4293027,51.5490401],[-2.4292205,51.5494224],[-2.429132,51.5498723],[-2.429013,51.5505379],[-2.4289205,51.5511077],[-2.4288226,51.5518471],[-2.4287618,51.5524245],[-2.4287109,51.5530032],[-2.4286697,51.5535316],[-2.4286563,51.5538868],[-2.4286438,51.5543074],[-2.4286251,51.5549191],[-2.428629,51.5555813],[-2.428676,51.5566722],[-2.428726,51.557414],[-2.4287726,51.5580997],[-2.4288479,51.5592051],[-2.4289147,51.5601441],[-2.4289862,51.5611659],[-2.4290622,51.5622718],[-2.4291105,51.5632122],[-2.4291159,51.5643644],[-2.4290853,51.5651339],[-2.4290533,51.5657329],[-2.4290103,51.5662264],[-2.4289594,51.5666799],[-2.4288896,51.5671884],[-2.4288065,51.567727],[-2.4287126,51.5682671],[-2.428498,51.5692674],[-2.4282576,51.5702164],[-2.4280544,51.5708945],[-2.4278372,51.5715646],[-2.4276494,51.5720789],[-2.4274297,51.5726724],[-2.4272975,51.5729954],[-2.4271018,51.5734539],[-2.4268832,51.5739388],[-2.4266254,51.5744733],[-2.4262162,51.5753024],[-2.4257943,51.576068],[-2.4254258,51.5767024],[-2.4250995,51.5772148],[-2.4245726,51.5780403],[-2.4241248,51.5786916],[-2.4236996,51.5792535],[-2.4233779,51.5796744],[-2.4230767,51.580061],[-2.4227035,51.5805434],[-2.4220984,51.5812454],[-2.421528,51.5818821],[-2.4210228,51.5824246],[-2.4207917,51.5826833],[-2.4203386,51.5831269],[-2.4196935,51.5837557],[-2.4192188,51.5842107],[-2.4188016,51.5845828],[-2.4182649,51.585054],[-2.4173387,51.5858493],[-2.416409,51.5865878],[-2.4156781,51.5871418],[-2.41456,51.5879291],[-2.4136292,51.5885888],[-2.4124288,51.5894267],[-2.4119921,51.5897356]]}},{"type":"Feature","properties":{"osm_id":169480028,"name":"Yate Branch","ref":"YAT"},"geometry":{"type":"LineString","coordinates":[[-2.4362505,51.520635],[-2.4355546,51.5207584],[-2.4351607,51.5208417],[-2.4347785,51.5209275],[-2.4344146,51.5210326]]}},{"type":"Feature","properties":{"osm_id":169481036},"geometry":{"type":"LineString","coordinates":[[-2.4380417,51.520451],[-2.4392465,51.5203234]]}},{"type":"Feature","properties":{"osm_id":169481037,"name":"South Wales Main Line","ref":"SWB"},"geometry":{"type":"LineString","coordinates":[[-2.4344702,51.5208427],[-2.4340384,51.5208984]]}},{"type":"Feature","properties":{"osm_id":169481038,"name":"South Wales Main Line","ref":"SWB"},"geometry":{"type":"LineString","coordinates":[[-2.437578,51.5204936],[-2.4366449,51.5205868]]}},{"type":"Feature","properties":{"osm_id":169481046,"name":"South Wales Main Line","ref":"SWB"},"geometry":{"type":"LineString","coordinates":[[-2.4362505,51.520635],[-2.4356969,51.5206979],[-2.4350041,51.5207814],[-2.4344702,51.5208427]]}},{"type":"Feature","properties":{"osm_id":169484894,"name":"South Wales Main Line","ref":"SWB"},"geometry":{"type":"LineString","coordinates":[[-2.5080922,51.516472],[-2.5063402,51.516657],[-2.5053909,51.5167576],[-2.4981908,51.5175114],[-2.4972594,51.5176084],[-2.4970688,51.5176271]]}},{"type":"Feature","properties":{"osm_id":169484896,"name":"South Wales Main Line","ref":"SWB"},"geometry":{"type":"LineString","coordinates":[[-2.4707558,51.5203883],[-2.4692497,51.5205448],[-2.4685126,51.520619],[-2.4675573,51.5207046],[-2.4668845,51.5207578],[-2.4661932,51.5208018],[-2.4656579,51.520826],[-2.4650799,51.5208469],[-2.4645131,51.5208561],[-2.4639762,51.5208556],[-2.4632714,51.5208553],[-2.4625863,51.5208354],[-2.4619168,51.5208133],[-2.4614782,51.5207902],[-2.460867,51.5207552]]}},{"type":"Feature","properties":{"osm_id":169484898,"name":"South Wales Main Line","ref":"SWB"},"geometry":{"type":"LineString","coordinates":[[-2.4794561,51.5194836],[-2.4784025,51.5195926],[-2.4782246,51.519611]]}},{"type":"Feature","properties":{"osm_id":169484899,"name":"South Wales Main Line","ref":"SWB"},"geometry":{"type":"LineString","coordinates":[[-2.4591625,51.5206156],[-2.4589376,51.5205971]]}},{"type":"Feature","properties":{"osm_id":169484900,"name":"South Wales Main Line","ref":"SWB"},"geometry":{"type":"LineString","coordinates":[[-2.5133523,51.5159302],[-2.5118655,51.5160863]]}},{"type":"Feature","properties":{"osm_id":169484901,"name":"South Wales Main Line","ref":"SWB"},"geometry":{"type":"LineString","coordinates":[[-2.5202019,51.5152049],[-2.5189355,51.5153373]]}},{"type":"Feature","properties":{"osm_id":169484902,"name":"South Wales Main Line","ref":"SWB"},"geometry":{"type":"LineString","coordinates":[[-2.4862091,51.5187745],[-2.48604,51.5187907]]}},{"type":"Feature","properties":{"osm_id":169484903,"name":"South Wales Main Line","ref":"SWB"},"geometry":{"type":"LineString","coordinates":[[-2.4713692,51.5203297],[-2.4707558,51.5203883]]}},{"type":"Feature","properties":{"osm_id":169484904,"name":"South Wales Main Line","ref":"SWB"},"geometry":{"type":"LineString","coordinates":[[-2.5083153,51.516447],[-2.5080922,51.516472]]}},{"type":"Feature","properties":{"osm_id":169484905,"name":"South Wales Main Line","ref":"SWB"},"geometry":{"type":"LineString","coordinates":[[-2.5218414,51.515029],[-2.5217085,51.5150421],[-2.5212574,51.5150867]]}},{"type":"Feature","properties":{"osm_id":169484906,"name":"South Wales Main Line","ref":"SWB"},"geometry":{"type":"LineString","coordinates":[[-2.4860437,51.5187572],[-2.4862091,51.5187422]]}},{"type":"Feature","properties":{"osm_id":169484907,"name":"South Wales Main Line","ref":"SWB"},"geometry":{"type":"LineString","coordinates":[[-2.4816372,51.5192649],[-2.4814885,51.5192799]]}},{"type":"Feature","properties":{"osm_id":169484909,"name":"South Wales Main Line","ref":"SWB"},"geometry":{"type":"LineString","coordinates":[[-2.4816445,51.5192325],[-2.4849843,51.5188728],[-2.4851514,51.5188546],[-2.4860437,51.5187572]]}},{"type":"Feature","properties":{"osm_id":169484910,"name":"South Wales Main Line","ref":"SWB"},"geometry":{"type":"LineString","coordinates":[[-2.4814885,51.5192799],[-2.4809296,51.5193371],[-2.4794561,51.5194836]]}},{"type":"Feature","properties":{"osm_id":169484912,"name":"South Wales Main Line","ref":"SWB"},"geometry":{"type":"LineString","coordinates":[[-2.5212574,51.5150867],[-2.5204663,51.5151753],[-2.5202019,51.5152049]]}},{"type":"Feature","properties":{"osm_id":169484913,"name":"South Wales Main Line","ref":"SWB"},"geometry":{"type":"LineString","coordinates":[[-2.5344533,51.513892],[-2.533763,51.5139282],[-2.5327805,51.5139856],[-2.5319535,51.5140455],[-2.5311339,51.514108],[-2.5303248,51.5141711],[-2.5294795,51.5142453],[-2.5282945,51.5143543],[-2.5274572,51.5144448]]}},{"type":"Feature","properties":{"osm_id":169484914,"name":"South Wales Main Line","ref":"SWB"},"geometry":{"type":"LineString","coordinates":[[-2.5118655,51.5160863],[-2.5092821,51.5163536],[-2.5083153,51.516447]]}},{"type":"Feature","properties":{"osm_id":169484915,"name":"South Wales Main Line","ref":"SWB"},"geometry":{"type":"LineString","coordinates":[[-2.4970688,51.5176271],[-2.4962491,51.5177078],[-2.4953287,51.5177985],[-2.4935537,51.5179733]]}},{"type":"Feature","properties":{"osm_id":169484921,"name":"South Wales Main Line","ref":"SWB"},"geometry":{"type":"LineString","coordinates":[[-2.48604,51.5187907],[-2.4851516,51.518889],[-2.4842242,51.5189885],[-2.4833414,51.5190798],[-2.4822115,51.5192036],[-2.4816372,51.5192649]]}},{"type":"Feature","properties":{"osm_id":169484923,"name":"South Wales Main Line","ref":"SWB"},"geometry":{"type":"LineString","coordinates":[[-2.4782246,51.519611],[-2.4760424,51.5198398],[-2.4713692,51.5203297]]}},{"type":"Feature","properties":{"osm_id":169484925,"name":"South Wales Main Line","ref":"SWB"},"geometry":{"type":"LineString","coordinates":[[-2.5189355,51.5153373],[-2.5141158,51.51585],[-2.5133523,51.5159302]]}},{"type":"Feature","properties":{"osm_id":169484930,"name":"South Wales Main Line","ref":"SWB"},"geometry":{"type":"LineString","coordinates":[[-2.4935537,51.5179733],[-2.4933977,51.5179897],[-2.4925335,51.5180807],[-2.4915281,51.5181847],[-2.4906936,51.5182773],[-2.4896268,51.5183964],[-2.4883742,51.5185351],[-2.4871718,51.5186705],[-2.4862091,51.5187745]]}},{"type":"Feature","properties":{"osm_id":172957892,"name":"Avon Valley Railway","ref":"MBL"},"geometry":{"type":"LineString","coordinates":[[-2.4568438,51.4145562],[-2.4569129,51.4146151],[-2.4570006,51.4146983],[-2.4571485,51.4148309],[-2.4581289,51.4158597],[-2.4582612,51.4160313]]}},{"type":"Feature","properties":{"osm_id":174662467,"name":"South Wales Main Line","ref":"SWB"},"geometry":{"type":"LineString","coordinates":[[-2.4275534,51.5219833],[-2.4267064,51.5221588],[-2.4255533,51.5224067],[-2.4243954,51.5226686],[-2.4234731,51.5228864],[-2.4224017,51.5231493],[-2.4215738,51.5233694],[-2.420819,51.5235722],[-2.4200622,51.5237825],[-2.4194102,51.5239718],[-2.4185427,51.5242349],[-2.4179164,51.5244254],[-2.4167703,51.524793],[-2.4161843,51.5249881],[-2.4154314,51.525246],[-2.4148852,51.5254348],[-2.4144089,51.5256026],[-2.4140534,51.5257312],[-2.4139943,51.5257526],[-2.413606,51.5258933],[-2.4130648,51.5260953],[-2.4125585,51.5262891],[-2.4119893,51.526509],[-2.4114361,51.5267296],[-2.410843,51.5269632],[-2.4104445,51.5271228],[-2.4099023,51.5273353],[-2.4095618,51.5274707],[-2.4089217,51.5277242]]}},{"type":"Feature","properties":{"osm_id":178297233,"name":"Great Western Main Line","ref":"MLN1"},"geometry":{"type":"LineString","coordinates":[[-2.4096004,51.3867726],[-2.40886,51.3865485]]}},{"type":"Feature","properties":{"osm_id":178297234,"name":"Great Western Main Line","ref":"MLN1"},"geometry":{"type":"LineString","coordinates":[[-2.4867542,51.4155235],[-2.4855985,51.4153088],[-2.4843951,51.4151101],[-2.482793,51.4148807]]}},{"type":"Feature","properties":{"osm_id":178297235,"name":"Great Western Main Line","ref":"MLN1"},"geometry":{"type":"LineString","coordinates":[[-2.4501017,51.3993622],[-2.4499198,51.3992217]]}},{"type":"Feature","properties":{"osm_id":178297236,"name":"Great Western Main Line","ref":"MLN1"},"geometry":{"type":"LineString","coordinates":[[-2.4222798,51.3885204],[-2.4211349,51.3884492],[-2.4197529,51.3883985],[-2.4190629,51.3883655],[-2.418315,51.3883167],[-2.4169175,51.3881892]]}},{"type":"Feature","properties":{"osm_id":178297237,"name":"Great Western Main Line","ref":"MLN1"},"geometry":{"type":"LineString","coordinates":[[-2.4825595,51.414851],[-2.4810364,51.4146394],[-2.4800911,51.4144845],[-2.4791178,51.4143192],[-2.4778098,51.4140663],[-2.4763411,51.4137439],[-2.475253,51.4134772],[-2.4735066,51.4130072],[-2.47219,51.4126081],[-2.4705525,51.4120644],[-2.4696503,51.4117364],[-2.4695226,51.4116865],[-2.469458,51.4116613],[-2.4681303,51.4111431],[-2.4665367,51.4104552],[-2.4652453,51.4098456],[-2.4631869,51.4087787],[-2.4617002,51.4079216],[-2.4609346,51.4074424],[-2.4599172,51.4067622],[-2.4572484,51.4047738]]}},{"type":"Feature","properties":{"osm_id":178297238,"name":"Great Western Main Line","ref":"MLN1"},"geometry":{"type":"LineString","coordinates":[[-2.4098135,51.3868302],[-2.4096004,51.3867726]]}},{"type":"Feature","properties":{"osm_id":178297239,"name":"Great Western Main Line","ref":"MLN1"},"geometry":{"type":"LineString","coordinates":[[-2.5092963,51.4242124],[-2.5083387,51.4237155],[-2.5057004,51.4224697],[-2.5030779,51.4212836],[-2.5011994,51.4204267]]}},{"type":"Feature","properties":{"osm_id":178297240,"name":"Great Western Main Line","ref":"MLN1"},"geometry":{"type":"LineString","coordinates":[[-2.5093939,51.4242642],[-2.5092963,51.4242124]]}},{"type":"Feature","properties":{"osm_id":178297242,"name":"Great Western Main Line","ref":"MLN1"},"geometry":{"type":"LineString","coordinates":[[-2.4928004,51.4170295],[-2.4919207,51.4167643],[-2.4918356,51.4167386],[-2.4909352,51.41649],[-2.4906203,51.416403],[-2.4895285,51.4161309],[-2.4881961,51.4158218],[-2.4868834,51.4155509]]}},{"type":"Feature","properties":{"osm_id":178297248,"name":"Great Western Main Line","ref":"MLN1"},"geometry":{"type":"LineString","coordinates":[[-2.4018435,51.3834489],[-2.4014,51.3832218]]}},{"type":"Feature","properties":{"osm_id":178297249,"name":"Great Western Main Line","ref":"MLN1"},"geometry":{"type":"LineString","coordinates":[[-2.4169175,51.3881892],[-2.4160529,51.3880923]]}},{"type":"Feature","properties":{"osm_id":178297251,"name":"Great Western Main Line","ref":"MLN1"},"geometry":{"type":"LineString","coordinates":[[-2.4041639,51.3846907],[-2.4029422,51.3840404],[-2.4018435,51.3834489]]}},{"type":"Feature","properties":{"osm_id":178297253,"name":"Great Western Main Line","ref":"MLN1"},"geometry":{"type":"LineString","coordinates":[[-2.4068883,51.3858784],[-2.4061659,51.3855913],[-2.4053058,51.3852152],[-2.4041639,51.3846907]]}},{"type":"Feature","properties":{"osm_id":178297254,"name":"Great Western Main Line","ref":"MLN1"},"geometry":{"type":"LineString","coordinates":[[-2.482793,51.4148807],[-2.4825595,51.414851]]}},{"type":"Feature","properties":{"osm_id":178297255,"name":"Great Western Main Line","ref":"MLN1"},"geometry":{"type":"LineString","coordinates":[[-2.4499198,51.3992217],[-2.4493996,51.3988342],[-2.4483872,51.3980799],[-2.4475344,51.3974825],[-2.446919,51.3970897],[-2.446168,51.3966419],[-2.4448672,51.3959288],[-2.443755,51.3953767],[-2.4421651,51.3946742],[-2.4380397,51.3928993],[-2.4359191,51.3919868]]}},{"type":"Feature","properties":{"osm_id":178297256,"name":"Great Western Main Line","ref":"MLN1"},"geometry":{"type":"LineString","coordinates":[[-2.4944915,51.4175841],[-2.4939823,51.4174113]]}},{"type":"Feature","properties":{"osm_id":178297258,"name":"Great Western Main Line","ref":"MLN1"},"geometry":{"type":"LineString","coordinates":[[-2.4572484,51.4047738],[-2.4558782,51.4037244]]}},{"type":"Feature","properties":{"osm_id":178297259,"name":"Great Western Main Line","ref":"MLN1"},"geometry":{"type":"LineString","coordinates":[[-2.4224748,51.3885321],[-2.4222798,51.3885204]]}},{"type":"Feature","properties":{"osm_id":178297260,"name":"Great Western Main Line","ref":"MLN1"},"geometry":{"type":"LineString","coordinates":[[-2.4277696,51.3892585],[-2.4269905,51.3890947],[-2.4260541,51.3889268],[-2.4251684,51.3887947],[-2.4239842,51.3886534],[-2.4232752,51.3885829],[-2.4224748,51.3885321]]}},{"type":"Feature","properties":{"osm_id":178297261,"name":"Great Western Main Line","ref":"MLN1"},"geometry":{"type":"LineString","coordinates":[[-2.4160529,51.3880923],[-2.4145236,51.3878754],[-2.4126609,51.3875214]]}},{"type":"Feature","properties":{"osm_id":178297262,"name":"Great Western Main Line","ref":"MLN1"},"geometry":{"type":"LineString","coordinates":[[-2.4279616,51.3892968],[-2.427907,51.3892859],[-2.4277696,51.3892585]]}},{"type":"Feature","properties":{"osm_id":178297263,"name":"Great Western Main Line","ref":"MLN1"},"geometry":{"type":"LineString","coordinates":[[-2.40886,51.3865485],[-2.4085169,51.3864388],[-2.4078596,51.3862159],[-2.4077675,51.3861847],[-2.4072521,51.3860051],[-2.4068883,51.3858784]]}},{"type":"Feature","properties":{"osm_id":178297264,"name":"Great Western Main Line","ref":"MLN1"},"geometry":{"type":"LineString","coordinates":[[-2.4359191,51.3919868],[-2.4357297,51.3919054]]}},{"type":"Feature","properties":{"osm_id":178297265,"name":"Great Western Main Line","ref":"MLN1"},"geometry":{"type":"LineString","coordinates":[[-2.4868834,51.4155509],[-2.4867542,51.4155235]]}},{"type":"Feature","properties":{"osm_id":178297266,"name":"Great Western Main Line","ref":"MLN1"},"geometry":{"type":"LineString","coordinates":[[-2.4357297,51.3919054],[-2.4345902,51.3914093],[-2.4336685,51.3910195],[-2.4328189,51.3906918],[-2.4318187,51.3903461]]}},{"type":"Feature","properties":{"osm_id":178297268,"name":"Great Western Main Line","ref":"MLN1"},"geometry":{"type":"LineString","coordinates":[[-2.4126609,51.3875214],[-2.4117812,51.3873322],[-2.410428,51.3869995],[-2.4098135,51.3868302]]}},{"type":"Feature","properties":{"osm_id":178297269,"name":"Great Western Main Line","ref":"MLN1"},"geometry":{"type":"LineString","coordinates":[[-2.4558782,51.4037244],[-2.4541402,51.4024138],[-2.4503966,51.3995798],[-2.4501017,51.3993622]]}},{"type":"Feature","properties":{"osm_id":178297270,"name":"Great Western Main Line","ref":"MLN1"},"geometry":{"type":"LineString","coordinates":[[-2.4318187,51.3903461],[-2.4316,51.390266],[-2.4303197,51.3898692],[-2.4302813,51.3898573],[-2.4290455,51.3895259],[-2.4286417,51.3894313],[-2.4279616,51.3892968]]}},{"type":"Feature","properties":{"osm_id":178297276,"name":"Great Western Main Line","ref":"MLN1"},"geometry":{"type":"LineString","coordinates":[[-2.4014,51.3832218],[-2.4006682,51.382875],[-2.3999781,51.3825771],[-2.399559,51.3824071],[-2.3987491,51.382087]]}},{"type":"Feature","properties":{"osm_id":182180616,"name":"Bristol and South Wales Union Line","ref":"BSW"},"geometry":{"type":"LineString","coordinates":[[-2.5761223,51.4804099],[-2.5757842,51.4811153],[-2.5754905,51.4816143],[-2.5751953,51.4820441],[-2.5747825,51.4825357],[-2.5743304,51.4830489],[-2.5739994,51.4834359],[-2.5736024,51.483875],[-2.573302,51.4842259],[-2.5730284,51.4845583],[-2.5726918,51.4849993],[-2.5722777,51.485601],[-2.5720417,51.4859695],[-2.5715954,51.4868192],[-2.571304,51.487439],[-2.5711831,51.4877571],[-2.5710959,51.4879873],[-2.5707683,51.4890092],[-2.5707187,51.4891828],[-2.5706721,51.4893407]]}},{"type":"Feature","properties":{"osm_id":195391518,"name":"Portbury Dock Line","ref":"PBY"},"geometry":{"type":"LineString","coordinates":[[-2.6962466,51.4864033],[-2.6964343,51.4866026],[-2.6966533,51.4868059],[-2.6967969,51.4869164],[-2.696853,51.4869536],[-2.6969631,51.4870255],[-2.697002,51.4870458],[-2.6973178,51.4872112],[-2.6975798,51.4873103],[-2.6979882,51.4874469],[-2.6983181,51.4875648],[-2.6984694,51.4876212],[-2.6986713,51.4877151],[-2.6988451,51.4878092],[-2.6991474,51.4879905]]}},{"type":"Feature","properties":{"osm_id":201816700,"name":"Bristol to Taunton Line","ref":"MLN1"},"geometry":{"type":"LineString","coordinates":[[-2.7501135,51.4195863],[-2.7498854,51.4196466]]}},{"type":"Feature","properties":{"osm_id":201816701,"name":"Bristol to Taunton Line","ref":"MLN1"},"geometry":{"type":"LineString","coordinates":[[-2.7277666,51.4236333],[-2.7274433,51.4236742]]}},{"type":"Feature","properties":{"osm_id":201816702,"name":"Bristol to Taunton Line","ref":"MLN1"},"geometry":{"type":"LineString","coordinates":[[-2.7417605,51.4214843],[-2.7414943,51.4215413]]}},{"type":"Feature","properties":{"osm_id":201816703,"name":"Bristol to Taunton Line","ref":"MLN1"},"geometry":{"type":"LineString","coordinates":[[-2.7498854,51.4196466],[-2.7490975,51.4198391],[-2.7471041,51.4203525],[-2.7451351,51.4208075],[-2.7417605,51.4214843]]}},{"type":"Feature","properties":{"osm_id":201816704,"name":"Bristol to Taunton Line","ref":"MLN1"},"geometry":{"type":"LineString","coordinates":[[-2.7414943,51.4215413],[-2.7402165,51.421788],[-2.7383847,51.4221115],[-2.7381229,51.4221564],[-2.7345862,51.4227394],[-2.7324405,51.4230493],[-2.7300978,51.4233589],[-2.7277666,51.4236333]]}},{"type":"Feature","properties":{"osm_id":201816705,"name":"Bristol to Taunton Line","ref":"MLN1"},"geometry":{"type":"LineString","coordinates":[[-2.727438,51.4236379],[-2.7277566,51.4236003]]}},{"type":"Feature","properties":{"osm_id":201816706,"name":"Bristol to Taunton Line","ref":"MLN1"},"geometry":{"type":"LineString","coordinates":[[-2.7277566,51.4236003],[-2.7300872,51.4233259],[-2.7324289,51.4230165],[-2.7345733,51.4227068],[-2.7381081,51.4221269],[-2.7383724,51.42208],[-2.7402025,51.4217585],[-2.7414767,51.4215099]]}},{"type":"Feature","properties":{"osm_id":201816707,"name":"Bristol to Taunton Line","ref":"MLN1"},"geometry":{"type":"LineString","coordinates":[[-2.7414767,51.4215099],[-2.7417445,51.4214551]]}},{"type":"Feature","properties":{"osm_id":201816708,"name":"Bristol to Taunton Line","ref":"MLN1"},"geometry":{"type":"LineString","coordinates":[[-2.7417445,51.4214551],[-2.745114,51.4207747],[-2.7470873,51.4203235],[-2.7490739,51.4198118],[-2.749857,51.4196169]]}},{"type":"Feature","properties":{"osm_id":201816709,"name":"Bristol to Taunton Line","ref":"MLN1"},"geometry":{"type":"LineString","coordinates":[[-2.7706843,51.4127811],[-2.7655899,51.4146726],[-2.7630657,51.4155858],[-2.7625018,51.4157865],[-2.7614986,51.4161491],[-2.7602516,51.4165726],[-2.7587143,51.4170923],[-2.7572992,51.4175548],[-2.7559105,51.4179666],[-2.7545329,51.4183832],[-2.7521478,51.4190585],[-2.750886,51.4193858],[-2.7501135,51.4195863]]}},{"type":"Feature","properties":{"osm_id":201816710,"name":"Bristol to Taunton Line","ref":"MLN1"},"geometry":{"type":"LineString","coordinates":[[-2.7500794,51.4195587],[-2.7508709,51.41935],[-2.7521243,51.4190213],[-2.7545044,51.4183522],[-2.7558886,51.417937],[-2.7572775,51.4175261],[-2.7586894,51.417062],[-2.7602264,51.4165466],[-2.7614614,51.4161199],[-2.7624736,51.4157581],[-2.7630367,51.4155568],[-2.7655639,51.4146436],[-2.7706675,51.4127515]]}},{"type":"Feature","properties":{"osm_id":201816711,"name":"Bristol to Taunton Line","ref":"MLN1"},"geometry":{"type":"LineString","coordinates":[[-2.749857,51.4196169],[-2.7500794,51.4195587]]}},{"type":"Feature","properties":{"osm_id":205198490,"name":"Bristol and South Wales Union Line","ref":"BSW"},"geometry":{"type":"LineString","coordinates":[[-2.5760776,51.4803858],[-2.5761546,51.48019]]}},{"type":"Feature","properties":{"osm_id":205198491,"name":"Bristol and South Wales Union Line","ref":"BSW"},"geometry":{"type":"LineString","coordinates":[[-2.5761892,51.4802313],[-2.5761223,51.4804099]]}},{"type":"Feature","properties":{"osm_id":205671736,"name":"South Wales Main Line","ref":"BSW"},"geometry":{"type":"LineString","coordinates":[[-2.6010115,51.5480445],[-2.6027257,51.5487108],[-2.6042089,51.549292],[-2.6050418,51.5496133],[-2.60585,51.5499294],[-2.607036,51.5503872]]}},{"type":"Feature","properties":{"osm_id":205671737,"name":"South Wales Main Line","ref":"BSW"},"geometry":{"type":"LineString","coordinates":[[-2.607036,51.5503872],[-2.6071713,51.5504394]]}},{"type":"Feature","properties":{"osm_id":205671738,"name":"South Wales Main Line","ref":"BSW"},"geometry":{"type":"LineString","coordinates":[[-2.6071039,51.5505336],[-2.6069422,51.5504707]]}},{"type":"Feature","properties":{"osm_id":205671739,"name":"South Wales Main Line","ref":"BSW"},"geometry":{"type":"LineString","coordinates":[[-2.6069422,51.5504707],[-2.6063622,51.5502428],[-2.6057152,51.5499868],[-2.6052403,51.5497984],[-2.6047727,51.5496119],[-2.6044389,51.5494747],[-2.6038478,51.5492425],[-2.603286,51.5490194],[-2.6024508,51.5486911],[-2.60177,51.5484213],[-2.6009654,51.5480998]]}},{"type":"Feature","properties":{"osm_id":209329248,"name":"Great Western Main Line","ref":"MLN1"},"geometry":{"type":"LineString","coordinates":[[-2.4928172,51.4170093],[-2.4931693,51.4171196]]}},{"type":"Feature","properties":{"osm_id":209329249,"name":"Great Western Main Line","ref":"MLN1"},"geometry":{"type":"LineString","coordinates":[[-2.4939823,51.4174113],[-2.4931485,51.4171412]]}},{"type":"Feature","properties":{"osm_id":209329250,"name":"Great Western Main Line","ref":"MLN1"},"geometry":{"type":"LineString","coordinates":[[-2.4931485,51.4171412],[-2.4928004,51.4170295]]}},{"type":"Feature","properties":{"osm_id":209329251,"name":"Great Western Main Line","ref":"MLN1"},"geometry":{"type":"LineString","coordinates":[[-2.4931693,51.4171196],[-2.4940067,51.417382]]}},{"type":"Feature","properties":{"osm_id":232436629,"name":"Severn Beach Line","ref":"CNX"},"geometry":{"type":"LineString","coordinates":[[-2.7009494,51.5020225],[-2.7006559,51.501768]]}},{"type":"Feature","properties":{"osm_id":232436631,"name":"Severn Beach Line","ref":"CNX"},"geometry":{"type":"LineString","coordinates":[[-2.6906548,51.4914137],[-2.6905795,51.4912776],[-2.6903328,51.4908445],[-2.690198,51.4906205],[-2.6900422,51.4903903],[-2.6898069,51.4900964],[-2.6895674,51.4898167],[-2.689309,51.4895504],[-2.6890337,51.4892741],[-2.6888132,51.4890854],[-2.6882897,51.4886648],[-2.687572,51.4881043],[-2.6854243,51.486427],[-2.6847421,51.4859258],[-2.6838987,51.4854361],[-2.6831798,51.4851038],[-2.6824764,51.4848558],[-2.6819376,51.4846982],[-2.6812754,51.4845395],[-2.6810535,51.4844935],[-2.6808102,51.4844492],[-2.6805589,51.4844081],[-2.6802741,51.4843684]]}},{"type":"Feature","properties":{"osm_id":267046386},"geometry":{"type":"LineString","coordinates":[[-2.6915574,51.5226001],[-2.6920064,51.5222367]]}},{"type":"Feature","properties":{"osm_id":267049162},"geometry":{"type":"LineString","coordinates":[[-2.6894387,51.524285],[-2.6891583,51.524531]]}},{"type":"Feature","properties":{"osm_id":267049169,"name":"Avonmouth and Filton Railway","ref":"AFR"},"geometry":{"type":"LineString","coordinates":[[-2.6887083,51.5248444],[-2.6879927,51.5252654],[-2.6874658,51.5255057],[-2.6870089,51.5256836],[-2.6864635,51.5258642],[-2.685924,51.5260107],[-2.6853296,51.5261399],[-2.6848399,51.5262093],[-2.6843817,51.5262704],[-2.6839711,51.5263086],[-2.6834983,51.5263364],[-2.683044,51.5263417],[-2.6825324,51.5263291],[-2.6819287,51.5262913],[-2.6813723,51.5262314],[-2.6807644,51.52614]]}},{"type":"Feature","properties":{"osm_id":267053355,"name":"Avonmouth and Filton Railway","ref":"AFR"},"geometry":{"type":"LineString","coordinates":[[-2.6509892,51.5130254],[-2.6500854,51.5128416],[-2.6489804,51.5126489],[-2.6478197,51.5124741],[-2.6464433,51.5123125],[-2.6450435,51.5121998],[-2.6438691,51.5121487],[-2.6426851,51.5121266],[-2.6416216,51.5121284],[-2.6405578,51.5121514],[-2.6396637,51.5122051],[-2.6391161,51.5122469]]}},{"type":"Feature","properties":{"osm_id":267053357,"name":"Avonmouth and Filton Railway","ref":"AFR"},"geometry":{"type":"LineString","coordinates":[[-2.6807794,51.52611],[-2.6804096,51.5260383],[-2.6800793,51.5259635],[-2.6796981,51.5258579],[-2.6793251,51.525752],[-2.6789686,51.5256247],[-2.6786319,51.5254973],[-2.6782089,51.5253132],[-2.6770827,51.524774],[-2.6757038,51.5241077]]}},{"type":"Feature","properties":{"osm_id":267053358,"name":"Avonmouth and Filton Railway","ref":"AFR"},"geometry":{"type":"LineString","coordinates":[[-2.6807644,51.52614],[-2.6803934,51.5260681],[-2.6800604,51.5259926],[-2.6796773,51.5258866],[-2.679302,51.52578],[-2.6789429,51.5256518],[-2.6786043,51.5255236],[-2.678179,51.5253386],[-2.6770518,51.5247989],[-2.6761775,51.5243764]]}},{"type":"Feature","properties":{"osm_id":267053359,"name":"Avonmouth and Filton Railway","ref":"AFR"},"geometry":{"type":"LineString","coordinates":[[-2.6521549,51.5133113],[-2.6509892,51.5130254]]}},{"type":"Feature","properties":{"osm_id":267053361,"name":"Avonmouth and Filton Railway","ref":"AFR"},"geometry":{"type":"LineString","coordinates":[[-2.6616155,51.5172677],[-2.6611213,51.5170278]]}},{"type":"Feature","properties":{"osm_id":267053362,"name":"Avonmouth and Filton Railway","ref":"AFR"},"geometry":{"type":"LineString","coordinates":[[-2.6575192,51.5153273],[-2.6573928,51.5152693]]}},{"type":"Feature","properties":{"osm_id":267053363},"geometry":{"type":"LineString","coordinates":[[-2.6757038,51.5241077],[-2.6761775,51.5243764]]}},{"type":"Feature","properties":{"osm_id":267053364,"name":"Avonmouth and Filton Railway","ref":"AFR"},"geometry":{"type":"LineString","coordinates":[[-2.6635175,51.5181924],[-2.6633794,51.5181236]]}},{"type":"Feature","properties":{"osm_id":267053365,"name":"Avonmouth and Filton Railway","ref":"AFR"},"geometry":{"type":"LineString","coordinates":[[-2.6616118,51.5173093],[-2.6611218,51.5170707]]}},{"type":"Feature","properties":{"osm_id":267053366,"name":"Avonmouth and Filton Railway","ref":"AFR"},"geometry":{"type":"LineString","coordinates":[[-2.6575338,51.5152908],[-2.6574074,51.5152329]]}},{"type":"Feature","properties":{"osm_id":267053367,"name":"Avonmouth and Filton Railway","ref":"AFR"},"geometry":{"type":"LineString","coordinates":[[-2.6633794,51.5181236],[-2.6616155,51.5172677]]}},{"type":"Feature","properties":{"osm_id":267053368,"name":"Avonmouth and Filton Railway","ref":"AFR"},"geometry":{"type":"LineString","coordinates":[[-2.6611213,51.5170278],[-2.6587418,51.5158606],[-2.6575338,51.5152908]]}},{"type":"Feature","properties":{"osm_id":267053369,"name":"Avonmouth and Filton Railway","ref":"AFR"},"geometry":{"type":"LineString","coordinates":[[-2.6611218,51.5170707],[-2.6587065,51.5158891],[-2.6575192,51.5153273]]}},{"type":"Feature","properties":{"osm_id":267053370,"name":"Avonmouth and Filton Railway","ref":"AFR"},"geometry":{"type":"LineString","coordinates":[[-2.6574074,51.5152329],[-2.6566765,51.5148971],[-2.655736,51.5145099],[-2.6547547,51.5141262],[-2.6536543,51.5137554],[-2.6529019,51.5135268],[-2.6521549,51.5133113]]}},{"type":"Feature","properties":{"osm_id":267053371,"name":"Avonmouth and Filton Railway","ref":"AFR"},"geometry":{"type":"LineString","coordinates":[[-2.6573928,51.5152693],[-2.6566525,51.5149299],[-2.6557168,51.5145424],[-2.6547188,51.5141652],[-2.6536221,51.5137956],[-2.6528541,51.5135728],[-2.6521178,51.5133698]]}},{"type":"Feature","properties":{"osm_id":267053372,"name":"Avonmouth and Filton Railway","ref":"AFR"},"geometry":{"type":"LineString","coordinates":[[-2.6894387,51.524285],[-2.6889209,51.5246507],[-2.6886665,51.5248297],[-2.688255,51.5250811],[-2.6879551,51.5252415],[-2.6874307,51.5254817],[-2.6869733,51.5256616],[-2.6864483,51.5258374],[-2.6858936,51.5259824],[-2.6856159,51.5260453],[-2.6853059,51.5261069],[-2.6848145,51.5261825],[-2.6843687,51.5262377],[-2.6839863,51.5262786],[-2.683505,51.5263039],[-2.683044,51.5263117],[-2.6825374,51.5262976],[-2.681927,51.5262597],[-2.681385,51.526203],[-2.6807794,51.52611]]}},{"type":"Feature","properties":{"osm_id":278060673,"name":"Bristol to Taunton Line","ref":"MLN1"},"geometry":{"type":"LineString","coordinates":[[-2.7232497,51.42407],[-2.7194664,51.4243799]]}},{"type":"Feature","properties":{"osm_id":278060675,"name":"Bristol to Taunton Line","ref":"MLN1"},"geometry":{"type":"LineString","coordinates":[[-2.7194602,51.4243465],[-2.7232474,51.4240362]]}},{"type":"Feature","properties":{"osm_id":294169432,"name":"Avonmouth and Filton Railway","ref":"AFR"},"geometry":{"type":"LineString","coordinates":[[-2.6757038,51.5241077],[-2.6731356,51.5228613],[-2.6708306,51.5217447],[-2.6690219,51.5208684],[-2.6685701,51.5206481],[-2.6662832,51.5195328],[-2.6654792,51.5191431],[-2.6647812,51.5188048],[-2.6635175,51.5181924]]}},{"type":"Feature","properties":{"osm_id":294169433,"name":"Avonmouth and Filton Railway","ref":"AFR"},"geometry":{"type":"LineString","coordinates":[[-2.6761775,51.5243764],[-2.6756686,51.5241325],[-2.6731045,51.5228861],[-2.6689908,51.5208932],[-2.6662521,51.5195576],[-2.6640251,51.5184782],[-2.6634859,51.5182169]]}},{"type":"Feature","properties":{"osm_id":303471751,"name":"Bristol and South Wales Union Line","ref":"BSW"},"geometry":{"type":"LineString","coordinates":[[-2.576279,51.4802904],[-2.5762203,51.4804539]]}},{"type":"Feature","properties":{"osm_id":303471752,"name":"Bristol and South Wales Union Line","ref":"BSW"},"geometry":{"type":"LineString","coordinates":[[-2.5723868,51.4717333],[-2.5730226,51.4721545],[-2.5735914,51.4725782],[-2.573654,51.4726319],[-2.574096,51.4730108],[-2.5745332,51.4734423],[-2.5748827,51.4738407],[-2.5751774,51.4742237],[-2.5753552,51.4744549],[-2.5757677,51.475109],[-2.5759173,51.4753664],[-2.576125,51.4757747],[-2.5762853,51.476133],[-2.5765022,51.4767792],[-2.5765944,51.477269],[-2.5766815,51.4780178],[-2.5766744,51.4783278],[-2.5766672,51.4786378],[-2.576581,51.4791729],[-2.5764965,51.4795936],[-2.576408,51.4799311],[-2.576279,51.4802904]]}},{"type":"Feature","properties":{"osm_id":308647587,"name":"Up Bristol Loop","ref":"BLL"},"geometry":{"type":"LineString","coordinates":[[-2.5656553,51.4510838],[-2.5651429,51.4509474]]}},{"type":"Feature","properties":{"osm_id":310189642,"name":"Bristol and South Wales Union Line","ref":"BSW"},"geometry":{"type":"LineString","coordinates":[[-2.5737779,51.4517929],[-2.5740119,51.4517572],[-2.5748305,51.4516321],[-2.5751849,51.4515793]]}},{"type":"Feature","properties":{"osm_id":310189644,"name":"Great Western Main Line","ref":"MLN1"},"geometry":{"type":"LineString","coordinates":[[-2.5718644,51.4517752],[-2.5724212,51.4517624],[-2.5729347,51.4517364],[-2.573533,51.4516748],[-2.5737964,51.4516437],[-2.5742223,51.4515793],[-2.5743829,51.4515549]]}},{"type":"Feature","properties":{"osm_id":310189645,"name":"Great Western Main Line","ref":"MLN1"},"geometry":{"type":"LineString","coordinates":[[-2.5625512,51.4504562],[-2.5635729,51.4506543],[-2.5639318,51.4507281]]}},{"type":"Feature","properties":{"osm_id":310189646,"name":"Great Western Main Line","ref":"MLN1"},"geometry":{"type":"LineString","coordinates":[[-2.5725276,51.451787],[-2.5720704,51.4518077],[-2.5713038,51.4518028],[-2.5711398,51.4518017],[-2.5700313,51.451738]]}},{"type":"Feature","properties":{"osm_id":310190617,"name":"Great Western Main Line","ref":"MLN1"},"geometry":{"type":"LineString","coordinates":[[-2.5806624,51.4453179],[-2.5805197,51.4454308],[-2.5803924,51.445549],[-2.5802626,51.4457106],[-2.5801501,51.4458629],[-2.5800279,51.4460717],[-2.5799169,51.4463543],[-2.5798713,51.446621],[-2.5798605,51.4467899],[-2.5798725,51.4469662],[-2.5799189,51.4471759],[-2.5799527,51.4472954]]}},{"type":"Feature","properties":{"osm_id":310190618},"geometry":{"type":"LineString","coordinates":[[-2.5801582,51.4459668],[-2.5802103,51.4458545],[-2.5802817,51.4457417],[-2.5804522,51.445518],[-2.5806624,51.4453179]]}},{"type":"Feature","properties":{"osm_id":310190619,"ref":"MLN1"},"geometry":{"type":"LineString","coordinates":[[-2.5969365,51.439084],[-2.5959335,51.4396204],[-2.5956103,51.4397827],[-2.5950231,51.440054],[-2.5946983,51.4401986],[-2.5941662,51.4404148],[-2.5936342,51.4406279],[-2.5930208,51.4408747],[-2.592824,51.4409539],[-2.5920343,51.4412653],[-2.5911992,51.4415883],[-2.5905175,51.4418415]]}},{"type":"Feature","properties":{"osm_id":310190622,"name":"Bristol to Taunton Line","ref":"MLN1"},"geometry":{"type":"LineString","coordinates":[[-2.5996868,51.4375042],[-2.5983312,51.4382967],[-2.5978361,51.4385765],[-2.5973861,51.4388306],[-2.5969365,51.439084]]}},{"type":"Feature","properties":{"osm_id":310190623,"name":"Bristol to Taunton Line","ref":"MLN1"},"geometry":{"type":"LineString","coordinates":[[-2.5904959,51.4418171],[-2.5905933,51.4417824],[-2.5913166,51.4415065],[-2.5924518,51.4410684],[-2.592994,51.4408457],[-2.5935363,51.4406281],[-2.5941562,51.4403753],[-2.5947171,51.4401493],[-2.5949817,51.4400308],[-2.5952152,51.4399194],[-2.5955633,51.4397488],[-2.5958974,51.4395807],[-2.5965125,51.439251],[-2.5973561,51.438808],[-2.5978,51.4385543],[-2.5980606,51.4383932],[-2.5982757,51.4382734],[-2.5996441,51.437475]]}},{"type":"Feature","properties":{"osm_id":310190624,"name":"Bristol to Taunton Line","ref":"MLN1"},"geometry":{"type":"LineString","coordinates":[[-2.5904063,51.4419494],[-2.5898476,51.4421428],[-2.589372,51.4423119],[-2.5886615,51.4425591]]}},{"type":"Feature","properties":{"osm_id":310190626,"name":"Bristol to Taunton Line"},"geometry":{"type":"LineString","coordinates":[[-2.5969365,51.439084],[-2.5967527,51.4392013],[-2.596572,51.4393188]]}},{"type":"Feature","properties":{"osm_id":310312792,"name":"South Wales Main Line","ref":"SWB"},"geometry":{"type":"LineString","coordinates":[[-2.4089217,51.5277242],[-2.4085323,51.5278808],[-2.408008,51.5280889],[-2.4074019,51.5283318],[-2.4067658,51.5285834],[-2.4061736,51.5288195],[-2.4056763,51.5290176],[-2.4050922,51.5292512],[-2.4046118,51.5294401],[-2.4041685,51.5296184],[-2.4036542,51.5298209],[-2.4031399,51.5300259],[-2.4026377,51.5302222],[-2.4020884,51.5304421],[-2.4017709,51.5305707],[-2.4014434,51.5306893],[-2.4011228,51.5308049],[-2.4008432,51.530903],[-2.4005926,51.5309875],[-2.400282,51.5310913],[-2.3999505,51.5311975],[-2.3995141,51.5313341],[-2.3990348,51.5314727],[-2.3986104,51.5315888],[-2.3982549,51.5316783],[-2.3978535,51.5317771],[-2.397481,51.5318603],[-2.3971265,51.5319411],[-2.39676,51.5320206],[-2.3964735,51.5320759],[-2.3960531,51.5321554],[-2.3956416,51.5322274],[-2.3952262,51.5322982],[-2.3947269,51.5323709],[-2.3940739,51.5324597],[-2.3934588,51.5325312],[-2.3928926,51.5325852],[-2.3924552,51.5326244],[-2.3920008,51.5326591],[-2.3915385,51.5326877],[-2.3911061,51.5327051],[-2.3906448,51.5327225],[-2.3901944,51.5327324],[-2.3897331,51.5327349],[-2.3891928,51.5327306],[-2.3886426,51.5327219],[-2.3880005,51.5327008],[-2.3873275,51.5326809],[-2.3867443,51.5326616],[-2.3861102,51.5326362],[-2.3853643,51.5326107],[-2.3844605,51.5325779],[-2.3837555,51.5325537],[-2.3833182,51.5325393],[-2.382797,51.5325212],[-2.382101,51.5324945],[-2.3814219,51.5324715],[-2.380688,51.5324424]]}},{"type":"Feature","properties":{"osm_id":310313630,"name":"South Wales Main Line","ref":"SWB"},"geometry":{"type":"LineString","coordinates":[[-2.4375713,51.5204633],[-2.4382592,51.5204065],[-2.4392465,51.5203234]]}},{"type":"Feature","properties":{"osm_id":310313631,"name":"South Wales Main Line","ref":"SWB"},"geometry":{"type":"LineString","coordinates":[[-2.5454399,51.5141939],[-2.544995,51.5141277],[-2.5448936,51.5141126],[-2.5445438,51.5140659],[-2.5444654,51.5140554],[-2.5437731,51.5139744],[-2.5434761,51.5139458],[-2.5434662,51.5139448],[-2.5428113,51.5138817],[-2.5424438,51.5138559],[-2.5424304,51.5138549],[-2.5420923,51.5138312],[-2.5413759,51.5137953],[-2.541344,51.5137944],[-2.5406047,51.5137726],[-2.5403562,51.5137691]]}},{"type":"Feature","properties":{"osm_id":310313852,"name":"South Wales Main Line","ref":"BSW"},"geometry":{"type":"LineString","coordinates":[[-2.5615322,51.5238876],[-2.5612922,51.5231954],[-2.5611206,51.5227095]]}},{"type":"Feature","properties":{"osm_id":310313853,"name":"South Wales Main Line","ref":"BSW"},"geometry":{"type":"LineString","coordinates":[[-2.5611785,51.5227111],[-2.5613786,51.5233208]]}},{"type":"Feature","properties":{"osm_id":310313855,"name":"South Wales Main Line","ref":"SWB"},"geometry":{"type":"LineString","coordinates":[[-2.5355448,51.5138153],[-2.5357781,51.5138012],[-2.5362247,51.5137868],[-2.5367625,51.5137713],[-2.537675,51.5137507],[-2.5379896,51.5137458],[-2.5381419,51.5137435],[-2.5387175,51.513737],[-2.5392769,51.5137336],[-2.5398353,51.5137342],[-2.5400288,51.5137354],[-2.5402223,51.5137365],[-2.5406093,51.5137428],[-2.5409971,51.5137516],[-2.541384,51.513765],[-2.5419238,51.51379],[-2.5420983,51.5138008],[-2.5424362,51.5138239],[-2.5424484,51.5138247],[-2.5426495,51.5138385],[-2.5430914,51.5138753],[-2.5433539,51.5138994],[-2.5434729,51.5139119],[-2.5434838,51.5139131],[-2.5438661,51.5139533],[-2.5441933,51.5139906],[-2.5444773,51.5140263],[-2.5445536,51.5140364],[-2.5447453,51.5140629]]}},{"type":"Feature","properties":{"osm_id":310314444,"name":"Bristol and South Wales Union Line","ref":"BSW"},"geometry":{"type":"LineString","coordinates":[[-2.566501,51.454904],[-2.5668407,51.4545431],[-2.5668991,51.4544812],[-2.567158,51.4542211],[-2.567382,51.4540276],[-2.5676347,51.4538241],[-2.5681903,51.4534343],[-2.5686085,51.4531942],[-2.5690148,51.4529871],[-2.569454,51.4527909],[-2.570072,51.452545]]}},{"type":"Feature","properties":{"osm_id":310314445,"name":"Bristol and South Wales Union Line","ref":"BSW"},"geometry":{"type":"LineString","coordinates":[[-2.5767587,51.4513843],[-2.5761264,51.4514809],[-2.5755082,51.4515694],[-2.5755027,51.4515702],[-2.5754838,51.4515729],[-2.574523,51.4517105]]}},{"type":"Feature","properties":{"osm_id":310314447,"name":"Bristol and South Wales Union Line","ref":"BSW"},"geometry":{"type":"LineString","coordinates":[[-2.5645137,51.4577866],[-2.5646265,51.4575588],[-2.5647052,51.4574183],[-2.5648279,51.4572039],[-2.564894,51.4570728],[-2.5650409,51.4568397],[-2.565235,51.4565353],[-2.5654347,51.4562434],[-2.5657803,51.4557629],[-2.5661981,51.4552566],[-2.566501,51.454904]]}},{"type":"Feature","properties":{"osm_id":310314448,"name":"Filton East Curve","ref":"FEC"},"geometry":{"type":"LineString","coordinates":[[-2.5544375,51.5147029],[-2.5546384,51.5146649],[-2.5548871,51.5146128],[-2.5551501,51.5145509],[-2.5554264,51.514482],[-2.5556797,51.5144072],[-2.5559073,51.51434],[-2.5561537,51.5142604],[-2.5564094,51.5141692],[-2.5566813,51.5140679],[-2.5569825,51.5139466],[-2.5572841,51.5138227],[-2.5574985,51.5137235],[-2.5577086,51.5136182],[-2.5579333,51.5134982],[-2.5581219,51.5133901],[-2.5583203,51.5132662],[-2.5585129,51.513138],[-2.5587056,51.5130065],[-2.5588723,51.5128827],[-2.5590359,51.5127588],[-2.559197,51.5126229],[-2.5593277,51.5125098],[-2.5594924,51.5123526],[-2.559636,51.5122168],[-2.5597635,51.5120751],[-2.5598811,51.5119472],[-2.5600095,51.5117978],[-2.5601181,51.5116501],[-2.5602243,51.5114961],[-2.5603653,51.5112695],[-2.5604543,51.5111328],[-2.5604893,51.5110581]]}},{"type":"Feature","properties":{"osm_id":310314451,"name":"Bristol and South Wales Union Line","ref":"BSW"},"geometry":{"type":"LineString","coordinates":[[-2.5633222,51.5037447],[-2.5634375,51.5036149],[-2.5635008,51.5035484],[-2.5636338,51.5034135],[-2.5638042,51.5032436],[-2.5638581,51.5031926],[-2.5639934,51.5030648],[-2.5642337,51.502844],[-2.5644733,51.5026302]]}},{"type":"Feature","properties":{"osm_id":310314452,"name":"Bristol and South Wales Union Line","ref":"BSW"},"geometry":{"type":"LineString","coordinates":[[-2.5686382,51.4532158],[-2.5682316,51.4534536],[-2.5676712,51.4538405],[-2.5674307,51.4540374],[-2.5672312,51.4542122],[-2.5669467,51.4544854],[-2.5668697,51.4545677],[-2.5665488,51.4549109]]}},{"type":"Feature","properties":{"osm_id":310314453,"name":"Bristol and South Wales Union Line","ref":"BSW"},"geometry":{"type":"LineString","coordinates":[[-2.572183,51.4519578],[-2.5725955,51.4518977],[-2.5729643,51.4518438],[-2.573301,51.4517922]]}},{"type":"Feature","properties":{"osm_id":310314454,"name":"Bristol and South Wales Union Line","ref":"BSW"},"geometry":{"type":"LineString","coordinates":[[-2.5716778,51.4520791],[-2.5712994,51.4521574],[-2.5708,51.4522783],[-2.570316,51.4524199],[-2.5699571,51.4525397],[-2.5692236,51.452841],[-2.5689883,51.4529495],[-2.5685824,51.4531562],[-2.5681233,51.4534283],[-2.5679857,51.4535098],[-2.5677392,51.45368],[-2.567509,51.4538605],[-2.5673335,51.4540146],[-2.5670929,51.4542132],[-2.5667771,51.4545387],[-2.5664492,51.4548847]]}},{"type":"Feature","properties":{"osm_id":310314818,"name":"Bristol and South Wales Union Line","ref":"BSW"},"geometry":{"type":"LineString","coordinates":[[-2.5609153,51.5216169],[-2.5608637,51.5214022],[-2.5607689,51.5209303],[-2.5607088,51.5205897],[-2.5606639,51.520278],[-2.5606134,51.519634],[-2.560604,51.5193662],[-2.5606123,51.5187807],[-2.5606337,51.518304],[-2.5606552,51.5180051],[-2.5606882,51.5174986],[-2.5607179,51.517025],[-2.5607493,51.5165986],[-2.5607829,51.5159819]]}},{"type":"Feature","properties":{"osm_id":310314819,"name":"Filton West Curve","ref":"FWC"},"geometry":{"type":"LineString","coordinates":[[-2.561335,51.5108242],[-2.561289,51.5103977],[-2.5612589,51.5096745]]}},{"type":"Feature","properties":{"osm_id":310314820,"name":"Avonmouth and Filton Railway","ref":"AFR"},"geometry":{"type":"LineString","coordinates":[[-2.550139,51.5150011],[-2.5489787,51.5148348]]}},{"type":"Feature","properties":{"osm_id":310314821,"name":"Patchway Curve","ref":"PAC"},"geometry":{"type":"LineString","coordinates":[[-2.5660341,51.5166028],[-2.5656808,51.5166841],[-2.5653611,51.5167615],[-2.5646861,51.5169712],[-2.5640567,51.5172085],[-2.5634979,51.5174572],[-2.563079,51.5176736],[-2.5626431,51.5179527],[-2.5623477,51.5181886],[-2.5619776,51.5185107],[-2.5616839,51.5188078],[-2.5613111,51.5192726],[-2.5611434,51.5195246],[-2.5610793,51.5196399],[-2.5610147,51.5197683],[-2.5609397,51.5199523],[-2.5608967,51.5201079],[-2.5608629,51.5202675],[-2.5608388,51.5204526],[-2.5608444,51.520637],[-2.5608913,51.5211271],[-2.5609038,51.521329]]}},{"type":"Feature","properties":{"osm_id":310314822,"name":"Filton West Curve","ref":"FWC"},"geometry":{"type":"LineString","coordinates":[[-2.5682132,51.5164398],[-2.5678787,51.5163601],[-2.5675745,51.5162829],[-2.5672658,51.5161944],[-2.5669752,51.5161068],[-2.5665373,51.5159613],[-2.5660201,51.5157645],[-2.5656401,51.515606],[-2.5652151,51.5154087],[-2.5646348,51.5151011],[-2.5643146,51.5149034],[-2.5640271,51.5147259],[-2.5634966,51.5143476],[-2.5629456,51.5138782],[-2.5624344,51.5133394],[-2.5620714,51.5128677],[-2.5618055,51.5124378],[-2.5616138,51.5120431],[-2.5614535,51.5115819],[-2.5613684,51.511134],[-2.561335,51.5108242]]}},{"type":"Feature","properties":{"osm_id":310315437,"name":"Severn Beach Line","ref":"CNX"},"geometry":{"type":"LineString","coordinates":[[-2.7012042,51.5023037],[-2.7009494,51.5020225]]}},{"type":"Feature","properties":{"osm_id":310315438,"name":"Severn Beach Line","ref":"CNX"},"geometry":{"type":"LineString","coordinates":[[-2.7006559,51.501768],[-2.6995181,51.500498],[-2.6990306,51.4999367],[-2.6983958,51.4992058],[-2.6979611,51.4987053],[-2.6974663,51.4981793],[-2.6971852,51.4979118],[-2.6968877,51.4976489],[-2.6964813,51.497348],[-2.696223,51.4971795],[-2.6949321,51.4964315],[-2.6945467,51.4961689],[-2.694152,51.495843],[-2.6937034,51.4954475],[-2.6918617,51.4933518],[-2.6915349,51.492964],[-2.6912742,51.492614],[-2.6910732,51.4923098],[-2.6908238,51.4918312]]}},{"type":"Feature","properties":{"osm_id":310315439,"name":"Severn Beach Line","ref":"CNX"},"geometry":{"type":"LineString","coordinates":[[-2.6908238,51.4918312],[-2.6906548,51.4914137]]}},{"type":"Feature","properties":{"osm_id":310315440,"name":"Severn Beach Line","ref":"CNX"},"geometry":{"type":"LineString","coordinates":[[-2.6773278,51.4843242],[-2.6768636,51.4843657],[-2.6759255,51.4844678],[-2.6741076,51.4846433],[-2.6736183,51.4847115],[-2.6730903,51.4848034],[-2.6721762,51.4850125],[-2.671811,51.4851107],[-2.6714817,51.4852157],[-2.6708635,51.4854272],[-2.6687836,51.4862653],[-2.6661212,51.4873836],[-2.6656809,51.4875691],[-2.665271,51.4877383],[-2.6647693,51.4878991],[-2.6642945,51.4880192],[-2.6636846,51.488096],[-2.6635048,51.4881106],[-2.6631696,51.4881185],[-2.6626825,51.4881032],[-2.6618073,51.4880105],[-2.6615212,51.4879437],[-2.6611051,51.4878466],[-2.6605568,51.4876764],[-2.6600335,51.4874644],[-2.6593753,51.4871677],[-2.6577236,51.4863213],[-2.6563456,51.485607]]}},{"type":"Feature","properties":{"osm_id":310315441,"name":"Severn Beach Line","ref":"CNX"},"geometry":{"type":"LineString","coordinates":[[-2.7007037,51.5017513],[-2.7004969,51.501523],[-2.6995635,51.5004835],[-2.6993401,51.500233],[-2.6990612,51.4999202],[-2.6980975,51.4987791],[-2.6977592,51.498415],[-2.6975226,51.4981657],[-2.6972798,51.4979408],[-2.696934,51.497636],[-2.6965197,51.4973331],[-2.6962532,51.4971515],[-2.6959166,51.4969651],[-2.6951239,51.4964985],[-2.6946645,51.4961967],[-2.6941861,51.4958228],[-2.6939056,51.4955805],[-2.6937431,51.4954208],[-2.6918993,51.4933305],[-2.6915878,51.4929539],[-2.6913892,51.4926946],[-2.6910522,51.4921951],[-2.6908763,51.4918655],[-2.6906548,51.4914137]]}},{"type":"Feature","properties":{"osm_id":310315442,"name":"Severn Beach Line","ref":"CNX"},"geometry":{"type":"LineString","coordinates":[[-2.5744061,51.4724934],[-2.5739966,51.4724121],[-2.573616,51.4722951],[-2.5732429,51.4721658],[-2.5728063,51.4719598],[-2.5723868,51.4717333]]}},{"type":"Feature","properties":{"osm_id":310336450,"name":"Yate Branch","ref":"YAT"},"geometry":{"type":"LineString","coordinates":[[-2.4363736,51.5316751],[-2.4364295,51.5320398],[-2.4364503,51.5323366],[-2.436462,51.5325687],[-2.436449,51.5328873],[-2.4364061,51.5332447],[-2.4363437,51.5336038],[-2.4362787,51.5338374],[-2.4361773,51.5341722],[-2.4360447,51.5345296],[-2.4358634,51.5349334],[-2.4356903,51.5353229],[-2.4355845,51.5355684],[-2.4355217,51.5357],[-2.4353684,51.5360146],[-2.4352537,51.5362386],[-2.4351985,51.5363477],[-2.4348936,51.5369057]]}},{"type":"Feature","properties":{"osm_id":310336454,"name":"Down Charfield","ref":"BGL2"},"geometry":{"type":"LineString","coordinates":[[-2.4294955,51.5480372],[-2.4297198,51.5472856],[-2.4298486,51.5468608],[-2.4299861,51.5463867],[-2.4303847,51.5452635],[-2.4305659,51.5448159],[-2.4306733,51.5445497],[-2.4307916,51.544253],[-2.4310074,51.5437453],[-2.4311523,51.543376],[-2.4313711,51.5429374],[-2.4315635,51.5425205],[-2.4318204,51.5420135],[-2.4319497,51.5417517],[-2.4320752,51.5415049],[-2.4322988,51.5410922],[-2.4324071,51.5409135],[-2.4326449,51.5404932],[-2.4328378,51.5401488],[-2.4331284,51.5396477],[-2.4334387,51.5391573],[-2.4337619,51.5386313],[-2.4342573,51.5378604],[-2.4344245,51.5375953],[-2.4347208,51.5371137],[-2.4349012,51.5368126]]}},{"type":"Feature","properties":{"osm_id":316740518,"name":"South Wales Main Line","ref":"BSW"},"geometry":{"type":"LineString","coordinates":[[-2.6007491,51.5480171],[-2.6003937,51.5478764],[-2.5998555,51.5476642],[-2.5991423,51.5473807],[-2.5986409,51.5471814],[-2.5979763,51.546919],[-2.5972925,51.5466556],[-2.596644,51.5464023],[-2.5957985,51.5460777],[-2.5951089,51.5458106],[-2.5944751,51.5455628],[-2.5938869,51.5453278],[-2.5933149,51.545091],[-2.5927238,51.5448404],[-2.5921503,51.5445953],[-2.5916269,51.5443658],[-2.5910196,51.5441015],[-2.5903388,51.5438034],[-2.5895723,51.5434702]]}},{"type":"Feature","properties":{"osm_id":316740519,"name":"South Wales Main Line","ref":"BSW"},"geometry":{"type":"LineString","coordinates":[[-2.6008042,51.5479639],[-2.6010115,51.5480445]]}},{"type":"Feature","properties":{"osm_id":316740520,"name":"South Wales Main Line","ref":"BSW"},"geometry":{"type":"LineString","coordinates":[[-2.6009654,51.5480998],[-2.6007491,51.5480171]]}},{"type":"Feature","properties":{"osm_id":316740521,"name":"South Wales Main Line","ref":"BSW"},"geometry":{"type":"LineString","coordinates":[[-2.5896794,51.5433761],[-2.5908001,51.5438791],[-2.5919045,51.5443784],[-2.5930411,51.5448868],[-2.5941151,51.5453392],[-2.5958452,51.5460262],[-2.5975696,51.5467012],[-2.6008042,51.5479639]]}},{"type":"Feature","properties":{"osm_id":321644042,"name":"Avon Valley Railway","ref":"MBL"},"geometry":{"type":"LineString","coordinates":[[-2.4679707,51.4428187],[-2.467862,51.4429729],[-2.4677344,51.4431047],[-2.4673863,51.4434566],[-2.4671621,51.4436873],[-2.4669921,51.4438803],[-2.4667886,51.4441311],[-2.4666052,51.4443053]]}},{"type":"Feature","properties":{"osm_id":332966996,"name":"Bristol and South Wales Union Line","ref":"BSW"},"geometry":{"type":"LineString","coordinates":[[-2.5720884,51.4715332],[-2.5722749,51.4716583]]}},{"type":"Feature","properties":{"osm_id":332966998,"name":"Down Filton Relief","ref":"BSW"},"geometry":{"type":"LineString","coordinates":[[-2.5709858,51.4708743],[-2.5706311,51.4706504],[-2.569745,51.4700843],[-2.5690959,51.4696742],[-2.5686593,51.4694096],[-2.5682463,51.469125]]}},{"type":"Feature","properties":{"osm_id":332966999,"name":"Up Filton Relief","ref":"BSW"},"geometry":{"type":"LineString","coordinates":[[-2.5682853,51.4691051],[-2.5686957,51.4693878],[-2.5691315,51.4696519],[-2.569781,51.4700623],[-2.5706672,51.4706284],[-2.5715186,51.4711659]]}},{"type":"Feature","properties":{"osm_id":334850866,"name":"Bristol and South Wales Union Line","ref":"BSW"},"geometry":{"type":"LineString","coordinates":[[-2.5647034,51.457513],[-2.5648279,51.4572039]]}},{"type":"Feature","properties":{"osm_id":344173470,"name":"Great Western Main Line","ref":"MLN1"},"geometry":{"type":"LineString","coordinates":[[-2.5738721,51.4517068],[-2.5735291,51.4517392],[-2.5733938,51.4517459],[-2.5729452,51.4517681]]}},{"type":"Feature","properties":{"osm_id":350071109,"name":"Cross Country Route","ref":"BGL2"},"geometry":{"type":"LineString","coordinates":[[-2.4295486,51.5480368],[-2.4295295,51.5481165]]}},{"type":"Feature","properties":{"osm_id":350071110,"name":"Cross Country Route","ref":"BGL2"},"geometry":{"type":"LineString","coordinates":[[-2.4294764,51.5481182],[-2.4294955,51.5480372]]}},{"type":"Feature","properties":{"osm_id":350071111,"name":"Up Charfield","ref":"BGL2"},"geometry":{"type":"LineString","coordinates":[[-2.4348936,51.5369057],[-2.4346174,51.5374147],[-2.4341921,51.5380404],[-2.4339076,51.53852],[-2.4337061,51.5388321],[-2.4334149,51.5392921],[-2.4331094,51.5397667],[-2.4328424,51.5402314],[-2.4325272,51.5407763],[-2.4323737,51.5410668],[-2.432157,51.5414708],[-2.4319953,51.5417834],[-2.4318514,51.5420554],[-2.4316106,51.5425292],[-2.4314161,51.5429454],[-2.4312078,51.5433828],[-2.431062,51.5437461],[-2.4309138,51.5440857],[-2.4307565,51.5444761],[-2.4305849,51.5449103],[-2.4304239,51.5452708],[-2.4300323,51.5464147],[-2.429901,51.5468623],[-2.4297558,51.5472888],[-2.4295486,51.5480368]]}},{"type":"Feature","properties":{"osm_id":350071112,"name":"Cross Country Route","ref":"BGL2"},"geometry":{"type":"LineString","coordinates":[[-2.4119345,51.5897048],[-2.4120667,51.5896153],[-2.4123472,51.5894255],[-2.413587,51.5885656],[-2.4145177,51.587906],[-2.4156351,51.5871191],[-2.4163649,51.5865659],[-2.4172936,51.5858282],[-2.418219,51.5850336],[-2.4187554,51.5845626],[-2.419172,51.5841911],[-2.4196461,51.5837367],[-2.420291,51.5831081],[-2.4207432,51.5826654],[-2.4209738,51.5824073],[-2.421479,51.5818648],[-2.4220489,51.5812286],[-2.4226532,51.5805276],[-2.4230259,51.5800458],[-2.423327,51.5796593],[-2.4236486,51.5792385],[-2.4240733,51.5786773],[-2.4245205,51.5780269],[-2.4250471,51.5772019],[-2.425373,51.57669],[-2.4257411,51.5760563],[-2.4261625,51.5752916],[-2.4265714,51.5744632],[-2.426829,51.573929],[-2.4270474,51.5734447],[-2.4272429,51.5729866],[-2.4273749,51.5726642],[-2.4275944,51.572071],[-2.427782,51.5715573],[-2.4279991,51.5708876],[-2.4281429,51.5704283],[-2.4284443,51.5692589],[-2.4286944,51.5681278],[-2.4287852,51.5675517],[-2.4288784,51.5668751],[-2.4289674,51.5661642],[-2.4290314,51.5651991],[-2.4290693,51.5642758],[-2.4290675,51.5635066],[-2.4289383,51.5612224],[-2.4288515,51.5600208],[-2.4287996,51.5592007],[-2.4287168,51.5580897],[-2.4286675,51.5574164],[-2.4286279,51.5567684],[-2.4285788,51.5555906],[-2.4285694,51.5549524],[-2.4285819,51.5543435],[-2.4286049,51.5537323],[-2.4286485,51.5529907],[-2.4286989,51.5524704],[-2.4288042,51.5515779],[-2.428867,51.551103],[-2.4290223,51.55015],[-2.4290815,51.5498742],[-2.4292482,51.5490843],[-2.4294764,51.5481182]]}},{"type":"Feature","properties":{"osm_id":359580799,"name":"Portishead Branch Line","ref":"POD"},"geometry":{"type":"LineString","coordinates":[[-2.6495813,51.4722822],[-2.6492037,51.4721033],[-2.6489386,51.4720067],[-2.6484602,51.4718064],[-2.6480051,51.4715657],[-2.6474878,51.4712597],[-2.6466344,51.4706596]]}},{"type":"Feature","properties":{"osm_id":359580800,"name":"Sandstone Tunnel","ref":"POD"},"geometry":{"type":"LineString","coordinates":[[-2.6504078,51.4727463],[-2.6500481,51.4725294],[-2.6495813,51.4722822]]}},{"type":"Feature","properties":{"osm_id":359890577,"name":"Bristol to Taunton Line","ref":"MLN1"},"geometry":{"type":"LineString","coordinates":[[-2.5848451,51.4436386],[-2.584772,51.4436578],[-2.5844968,51.4437303]]}},{"type":"Feature","properties":{"osm_id":359890578,"name":"Bristol to Taunton Line","ref":"MLN1"},"geometry":{"type":"LineString","coordinates":[[-2.5886615,51.4425591],[-2.5880819,51.4427607],[-2.5872157,51.4430512],[-2.5863737,51.4432702],[-2.5854377,51.4434892]]}},{"type":"Feature","properties":{"osm_id":359890590,"ref":"MLN1"},"geometry":{"type":"LineString","coordinates":[[-2.5848291,51.4436164],[-2.5844785,51.4437012]]}},{"type":"Feature","properties":{"osm_id":359890593,"ref":"MLN1"},"geometry":{"type":"LineString","coordinates":[[-2.5844527,51.4436654],[-2.5848036,51.4435693]]}},{"type":"Feature","properties":{"osm_id":359890613,"ref":"MLN1"},"geometry":{"type":"LineString","coordinates":[[-2.5886191,51.4425367],[-2.5880548,51.4427364],[-2.5871856,51.4430213],[-2.5863019,51.4432611],[-2.5853898,51.4434663],[-2.5848577,51.4436074]]}},{"type":"Feature","properties":{"osm_id":359890616,"ref":"MLN1"},"geometry":{"type":"LineString","coordinates":[[-2.5848036,51.4435693],[-2.5853901,51.4434253],[-2.5862818,51.4432247],[-2.5867219,51.4431078],[-2.5873303,51.4429353],[-2.5880263,51.4427004],[-2.5885792,51.44251]]}},{"type":"Feature","properties":{"osm_id":367514518,"name":"Avon Valley Railway","ref":"MBL"},"geometry":{"type":"LineString","coordinates":[[-2.4769279,51.4321025],[-2.4769194,51.431898],[-2.476804,51.431549],[-2.47665,51.431083],[-2.4764783,51.4307402]]}},{"type":"Feature","properties":{"osm_id":367704724,"name":"Avon Valley Railway","ref":"MBL"},"geometry":{"type":"LineString","coordinates":[[-2.4694093,51.4245596],[-2.4709747,51.425714],[-2.4720202,51.4264768],[-2.473436,51.4274962],[-2.4740579,51.427971],[-2.4744643,51.4283053],[-2.4749009,51.4287195],[-2.4752183,51.4290481],[-2.4754636,51.4293398],[-2.4758553,51.4298384],[-2.4760273,51.4300832],[-2.4761481,51.430284]]}},{"type":"Feature","properties":{"osm_id":367704725,"name":"Avon Valley Railway","ref":"MBL"},"geometry":{"type":"LineString","coordinates":[[-2.4692521,51.4244501],[-2.4694093,51.4245596]]}},{"type":"Feature","properties":{"osm_id":367704726,"name":"Avon Valley Railway","ref":"MBL"},"geometry":{"type":"LineString","coordinates":[[-2.4618697,51.4191094],[-2.462283,51.4194088]]}},{"type":"Feature","properties":{"osm_id":367704728,"name":"Avon Valley Railway","ref":"MBL"},"geometry":{"type":"LineString","coordinates":[[-2.462283,51.4194088],[-2.464176,51.4207825],[-2.4666925,51.4225897],[-2.4688467,51.4241534],[-2.4692521,51.4244501]]}},{"type":"Feature","properties":{"osm_id":369208966,"name":"Bristol to Taunton Line","ref":"MLN1"},"geometry":{"type":"LineString","coordinates":[[-2.6895854,51.4241402],[-2.6875082,51.4240921],[-2.6850042,51.4240945],[-2.6824953,51.4241463],[-2.6793757,51.4242597],[-2.6778189,51.4243406],[-2.6762951,51.4244334],[-2.6738174,51.4246331],[-2.6713007,51.4248678],[-2.6701162,51.4249903],[-2.6689237,51.425139],[-2.6665803,51.4254578],[-2.6619394,51.4261293],[-2.6608243,51.4262728],[-2.6597281,51.4264057],[-2.6565522,51.4267285],[-2.6538952,51.4269449],[-2.6514505,51.4270923],[-2.6502248,51.4271386]]}},{"type":"Feature","properties":{"osm_id":369208967,"name":"Bristol to Taunton Line","ref":"MLN1"},"geometry":{"type":"LineString","coordinates":[[-2.6502419,51.4271052],[-2.6514462,51.4270588],[-2.6538891,51.4269115],[-2.6565444,51.4266952],[-2.6597186,51.4263726],[-2.6608137,51.4262399],[-2.6619278,51.4260965],[-2.6665684,51.425425],[-2.6689127,51.4251061],[-2.6701065,51.4249573],[-2.6712923,51.4248346],[-2.67381,51.4245999],[-2.676289,51.4244],[-2.677814,51.4243072],[-2.6793719,51.4242262],[-2.6824928,51.4241127],[-2.6850032,51.4240609],[-2.6875092,51.4240585],[-2.6895877,51.4241066]]}},{"type":"Feature","properties":{"osm_id":374055471,"name":"Severn Beach Line","ref":"CNX"},"geometry":{"type":"LineString","coordinates":[[-2.6147959,51.4646699],[-2.6140552,51.4645299],[-2.6136835,51.4644684],[-2.6134293,51.4644391],[-2.6132077,51.4644209],[-2.613024,51.4644082],[-2.6126622,51.4643951],[-2.6123734,51.4643927],[-2.6119538,51.4644071],[-2.6118099,51.464414],[-2.6116063,51.4644295],[-2.6113885,51.4644516],[-2.6113077,51.4644633],[-2.6111687,51.4644835],[-2.6107877,51.4645522],[-2.6105236,51.4646085]]}},{"type":"Feature","properties":{"osm_id":374055472,"name":"Severn Beach Line","ref":"CNX"},"geometry":{"type":"LineString","coordinates":[[-2.6045036,51.4665495],[-2.6097331,51.4648287]]}},{"type":"Feature","properties":{"osm_id":374055473,"name":"Severn Beach Line","ref":"CNX"},"geometry":{"type":"LineString","coordinates":[[-2.6105236,51.4646085],[-2.6099451,51.4647602],[-2.6097331,51.4648287]]}},{"type":"Feature","properties":{"osm_id":378764311,"name":"Portishead Branch Line","ref":"POD"},"geometry":{"type":"LineString","coordinates":[[-2.6213551,51.4339332],[-2.6212745,51.4338347]]}},{"type":"Feature","properties":{"osm_id":378764312,"name":"Pill Branch Line","ref":"POD"},"geometry":{"type":"LineString","coordinates":[[-2.6213968,51.4339196],[-2.6213225,51.4338264]]}},{"type":"Feature","properties":{"osm_id":383540313,"name":"Bristol to Taunton Line","ref":"MLN1"},"geometry":{"type":"LineString","coordinates":[[-2.6487005,51.4271921],[-2.6465233,51.4272348],[-2.6442671,51.4272349],[-2.6410971,51.4272438],[-2.6388151,51.4272822],[-2.6365469,51.4273664],[-2.6349574,51.4274527]]}},{"type":"Feature","properties":{"osm_id":383540314,"name":"Bristol to Taunton Line","ref":"MLN1"},"geometry":{"type":"LineString","coordinates":[[-2.6068853,51.4336455],[-2.6075818,51.4333465],[-2.6080135,51.4331767],[-2.6084892,51.4329948],[-2.608754,51.4328949],[-2.6096277,51.4325993],[-2.6106347,51.4322946],[-2.6111366,51.4321394],[-2.612549,51.4317008],[-2.6137381,51.4313145],[-2.61867,51.4297498],[-2.6195941,51.4294872],[-2.620134,51.4293421],[-2.6206815,51.4292042],[-2.6217823,51.4289523],[-2.6230116,51.4287163],[-2.6234338,51.4286406],[-2.6249751,51.4283891],[-2.6259295,51.4282537],[-2.6271962,51.4280848],[-2.628192,51.4279709]]}},{"type":"Feature","properties":{"osm_id":383541245,"name":"Bristol and South Wales Union Line","ref":"BSW"},"geometry":{"type":"LineString","coordinates":[[-2.5665488,51.4549109],[-2.5661382,51.4553867],[-2.5658171,51.4557945],[-2.5654823,51.4562539],[-2.5651738,51.4566856],[-2.5648704,51.4572209],[-2.5647034,51.457513],[-2.5646562,51.4575955],[-2.5645542,51.45779]]}},{"type":"Feature","properties":{"osm_id":383541247,"name":"Bristol and South Wales Union Line","ref":"BSW"},"geometry":{"type":"LineString","coordinates":[[-2.5646017,51.4652323],[-2.5643141,51.4646756],[-2.5640446,51.4640364],[-2.5638371,51.4633868],[-2.5637701,51.4631085],[-2.5637025,51.4627871],[-2.5636454,51.4624532],[-2.5635806,51.461617],[-2.5635661,51.4612509],[-2.5635755,51.4609921],[-2.5635937,51.4607522],[-2.5636746,51.4601813],[-2.5637511,51.4597591],[-2.5638866,51.4593423],[-2.5640021,51.4589765],[-2.5641261,51.4586378],[-2.5642411,51.4583639],[-2.5643746,51.4580661],[-2.5645137,51.4577866]]}},{"type":"Feature","properties":{"osm_id":383543106,"name":"Severn Beach Line","ref":"CNX"},"geometry":{"type":"LineString","coordinates":[[-2.6147959,51.4646699],[-2.6142954,51.4645475],[-2.6140693,51.4644997],[-2.6136945,51.4644377],[-2.6134371,51.4644081],[-2.6132137,51.4643897],[-2.6130283,51.4643768],[-2.612664,51.4643637],[-2.6123723,51.4643612],[-2.6119505,51.4643757],[-2.6118049,51.4643827],[-2.6115984,51.4643984],[-2.6112976,51.4644348],[-2.6110529,51.4644737],[-2.6107721,51.4645255],[-2.610504,51.4645795]]}},{"type":"Feature","properties":{"osm_id":383543107,"name":"Severn Beach Line","ref":"CNX"},"geometry":{"type":"LineString","coordinates":[[-2.6045036,51.4665495],[-2.5999966,51.4679954],[-2.599552,51.4681482],[-2.5991964,51.4682745],[-2.5990518,51.4683255],[-2.5988946,51.468381],[-2.59848,51.4685174],[-2.5980079,51.4686608],[-2.5977381,51.4687406],[-2.5974385,51.4688195]]}},{"type":"Feature","properties":{"osm_id":383543109,"name":"Severn Beach Line","ref":"CNX"},"geometry":{"type":"LineString","coordinates":[[-2.7009494,51.5020225],[-2.7007037,51.5017513]]}},{"type":"Feature","properties":{"osm_id":402271419,"name":"Bristol to Taunton Line","ref":"MLN1"},"geometry":{"type":"LineString","coordinates":[[-2.5907694,51.4418216],[-2.5905544,51.4418967]]}},{"type":"Feature","properties":{"osm_id":402271420,"name":"Bristol to Taunton Line","ref":"MLN1"},"geometry":{"type":"LineString","coordinates":[[-2.5905544,51.4418967],[-2.5904063,51.4419494]]}},{"type":"Feature","properties":{"osm_id":402271481,"ref":"MLN1"},"geometry":{"type":"LineString","coordinates":[[-2.5905175,51.4418415],[-2.5903666,51.4418975]]}},{"type":"Feature","properties":{"osm_id":402271482,"ref":"MLN1"},"geometry":{"type":"LineString","coordinates":[[-2.5903445,51.441871],[-2.5904959,51.4418171]]}},{"type":"Feature","properties":{"osm_id":402271484,"ref":"MLN1"},"geometry":{"type":"LineString","coordinates":[[-2.5903666,51.4418975],[-2.5897818,51.4421147],[-2.5892347,51.4423189],[-2.5886191,51.4425367]]}},{"type":"Feature","properties":{"osm_id":402271485,"ref":"MLN1"},"geometry":{"type":"LineString","coordinates":[[-2.5885792,51.44251],[-2.5893524,51.4422357],[-2.5901432,51.4419427],[-2.5903445,51.441871]]}},{"type":"Feature","properties":{"osm_id":410858281,"name":"Portbury Dock Line","ref":"PBY"},"geometry":{"type":"LineString","coordinates":[[-2.6920549,51.4833532],[-2.6922683,51.4834094],[-2.6924911,51.4834756]]}},{"type":"Feature","properties":{"osm_id":425212269,"name":"Great Western Main Line","ref":"MLN1"},"geometry":{"type":"LineString","coordinates":[[-2.5778865,51.4510434],[-2.5777634,51.4510829]]}},{"type":"Feature","properties":{"osm_id":425212270,"name":"Great Western Main Line","ref":"MLN1"},"geometry":{"type":"LineString","coordinates":[[-2.5778224,51.4511491],[-2.5779745,51.451115]]}},{"type":"Feature","properties":{"osm_id":425212272,"name":"Great Western Main Line","ref":"MLN1"},"geometry":{"type":"LineString","coordinates":[[-2.5776839,51.4510497],[-2.5778551,51.4510031]]}},{"type":"Feature","properties":{"osm_id":425212273,"name":"Great Western Main Line","ref":"MLN1"},"geometry":{"type":"LineString","coordinates":[[-2.5775686,51.4510201],[-2.5777593,51.450955]]}},{"type":"Feature","properties":{"osm_id":425212274,"name":"Great Western Main Line","ref":"MLN1"},"geometry":{"type":"LineString","coordinates":[[-2.5777695,51.4510894],[-2.5778974,51.4510595]]}},{"type":"Feature","properties":{"osm_id":425212275,"name":"Great Western Main Line","ref":"MLN1"},"geometry":{"type":"LineString","coordinates":[[-2.5779283,51.4510839],[-2.5778004,51.4511169]]}},{"type":"Feature","properties":{"osm_id":425212282,"name":"Great Western Main Line","ref":"MLN1"},"geometry":{"type":"LineString","coordinates":[[-2.5778974,51.4510595],[-2.5780967,51.4509979],[-2.5782688,51.4509341],[-2.5784733,51.4508345],[-2.5786554,51.450734]]}},{"type":"Feature","properties":{"osm_id":425212283,"name":"Great Western Main Line","ref":"MLN1"},"geometry":{"type":"LineString","coordinates":[[-2.5784424,51.4508001],[-2.578201,51.4509196],[-2.5778865,51.4510434]]}},{"type":"Feature","properties":{"osm_id":425212284,"name":"Great Western Main Line","ref":"MLN1"},"geometry":{"type":"LineString","coordinates":[[-2.5779745,51.451115],[-2.5783255,51.4510033]]}},{"type":"Feature","properties":{"osm_id":425212287,"name":"Great Western Main Line","ref":"MLN1"},"geometry":{"type":"LineString","coordinates":[[-2.5778551,51.4510031],[-2.5779931,51.4509627],[-2.5782094,51.4508695],[-2.5782987,51.4508243]]}},{"type":"Feature","properties":{"osm_id":429560728,"name":"South Wales Main Line","ref":"FEC"},"geometry":{"type":"LineString","coordinates":[[-2.5610503,51.5224769],[-2.560998,51.5223392],[-2.5609237,51.5221565],[-2.5608239,51.5219059],[-2.5607134,51.5216652],[-2.5605998,51.521457],[-2.5604801,51.5212622],[-2.5603527,51.5210855],[-2.560038,51.5207072],[-2.5598323,51.5204818],[-2.5596235,51.5202697],[-2.5593897,51.5200482],[-2.5591388,51.5198309],[-2.5588156,51.5195557],[-2.5583505,51.519208],[-2.5580327,51.5189921],[-2.5577211,51.5187915],[-2.5573266,51.5185508],[-2.5570334,51.5183817],[-2.5565621,51.5181219],[-2.5561476,51.5178936],[-2.5556273,51.5176128],[-2.5551268,51.5173482],[-2.5546571,51.5171017],[-2.5541352,51.5168371],[-2.5537315,51.5166461],[-2.5532909,51.5164397],[-2.5526477,51.516135],[-2.5519462,51.5158121],[-2.5514227,51.5155838],[-2.55093,51.5153975],[-2.5505324,51.5152648],[-2.5501241,51.5151473],[-2.5495622,51.5150154],[-2.548962,51.5148712],[-2.5488962,51.5148571],[-2.5480579,51.5146782],[-2.5477202,51.5146057]]}},{"type":"Feature","properties":{"osm_id":429560729,"name":"South Wales Main Line","ref":"SWB"},"geometry":{"type":"LineString","coordinates":[[-2.4366449,51.5205868],[-2.4362505,51.520635]]}},{"type":"Feature","properties":{"osm_id":432317485,"name":"South Wales Main Line","ref":"SWB"},"geometry":{"type":"LineString","coordinates":[[-2.4362391,51.5206088],[-2.4366364,51.5205598]]}},{"type":"Feature","properties":{"osm_id":450389504},"geometry":{"type":"LineString","coordinates":[[-2.5813817,51.4448233],[-2.5812078,51.4449324],[-2.5810616,51.4450331],[-2.5809636,51.445106]]}},{"type":"Feature","properties":{"osm_id":450389505},"geometry":{"type":"LineString","coordinates":[[-2.5771583,51.4511218],[-2.5769143,51.4511861],[-2.5766726,51.4512397]]}},{"type":"Feature","properties":{"osm_id":450389506,"name":"Great Western Main Line","ref":"MLN1"},"geometry":{"type":"LineString","coordinates":[[-2.5751838,51.4515349],[-2.5745056,51.4516081]]}},{"type":"Feature","properties":{"osm_id":450389508,"name":"Bristol and South Wales Union Line","ref":"BSW"},"geometry":{"type":"LineString","coordinates":[[-2.5670605,51.4541985],[-2.567215,51.4540639],[-2.5672826,51.4540051]]}},{"type":"Feature","properties":{"osm_id":450389510,"name":"Great Western Main Line","ref":"MLN1"},"geometry":{"type":"LineString","coordinates":[[-2.5789762,51.4507393],[-2.5791862,51.4506426]]}},{"type":"Feature","properties":{"osm_id":450389511,"name":"Great Western Main Line","ref":"MLN1"},"geometry":{"type":"LineString","coordinates":[[-2.5764848,51.4512342],[-2.5768449,51.451183],[-2.5771583,51.4511218]]}},{"type":"Feature","properties":{"osm_id":450389512},"geometry":{"type":"LineString","coordinates":[[-2.575172,51.4514637],[-2.5743829,51.4515549]]}},{"type":"Feature","properties":{"osm_id":450389513},"geometry":{"type":"LineString","coordinates":[[-2.5646351,51.4508551],[-2.5640255,51.4507834]]}},{"type":"Feature","properties":{"osm_id":450389514,"ref":"MLN1"},"geometry":{"type":"LineString","coordinates":[[-2.5777634,51.4510829],[-2.5776541,51.451114]]}},{"type":"Feature","properties":{"osm_id":450389515},"geometry":{"type":"LineString","coordinates":[[-2.573849,51.4517369],[-2.5735824,51.4517983],[-2.5732758,51.4518672]]}},{"type":"Feature","properties":{"osm_id":450389516,"name":"Great Western Main Line","ref":"MLN1"},"geometry":{"type":"LineString","coordinates":[[-2.5801071,51.4480144],[-2.580023,51.4476939],[-2.5798894,51.4472312],[-2.5798428,51.4470596],[-2.579838,51.4470271],[-2.5798164,51.4468818],[-2.5798116,51.4467445],[-2.5798201,51.4466329],[-2.5798511,51.4463777]]}},{"type":"Feature","properties":{"osm_id":465146554,"name":"Bristol to Taunton Line","ref":"MLN1"},"geometry":{"type":"LineString","coordinates":[[-2.6345954,51.4274733],[-2.6339552,51.4275146],[-2.6330789,51.4275728],[-2.630813,51.4277446]]}},{"type":"Feature","properties":{"osm_id":465146555,"name":"Bristol to Taunton Line","ref":"MLN1"},"geometry":{"type":"LineString","coordinates":[[-2.6345886,51.4274383],[-2.6349568,51.4274162]]}},{"type":"Feature","properties":{"osm_id":465146556,"name":"Bristol to Taunton Line","ref":"MLN1"},"geometry":{"type":"LineString","coordinates":[[-2.6349568,51.4274162],[-2.636564,51.4273304],[-2.6388201,51.4272502],[-2.6410961,51.427213],[-2.644267,51.4272041],[-2.6465225,51.427204],[-2.6484678,51.4271652],[-2.6486986,51.4271606]]}},{"type":"Feature","properties":{"osm_id":465146557,"name":"Bristol to Taunton Line","ref":"MLN1"},"geometry":{"type":"LineString","coordinates":[[-2.6349574,51.4274527],[-2.6345954,51.4274733]]}},{"type":"Feature","properties":{"osm_id":511343080,"name":"Severn Beach Line","ref":"AMB"},"geometry":{"type":"LineString","coordinates":[[-2.6710564,51.5448651],[-2.6711543,51.5447496]]}},{"type":"Feature","properties":{"osm_id":511343081,"name":"Severn Beach Line","ref":"AMB"},"geometry":{"type":"LineString","coordinates":[[-2.6662397,51.5533212],[-2.6667618,51.5513777],[-2.6670098,51.5506523],[-2.6673136,51.5499447],[-2.6676635,51.5492701],[-2.6681073,51.5485278],[-2.6682482,51.5483084]]}},{"type":"Feature","properties":{"osm_id":518420336},"geometry":{"type":"LineString","coordinates":[[-2.5844785,51.4437012],[-2.5839529,51.4438203]]}},{"type":"Feature","properties":{"osm_id":518420337},"geometry":{"type":"LineString","coordinates":[[-2.5831214,51.4440647],[-2.5835734,51.4439401]]}},{"type":"Feature","properties":{"osm_id":561625858,"name":"Bristol and South Wales Union Line","ref":"BSW"},"geometry":{"type":"LineString","coordinates":[[-2.5655636,51.4666393],[-2.5652549,51.466245],[-2.5648946,51.4657088],[-2.5646967,51.4653973]]}},{"type":"Feature","properties":{"osm_id":561625859,"ref":"BSW"},"geometry":{"type":"LineString","coordinates":[[-2.565644,51.4667436],[-2.5655636,51.4666393]]}},{"type":"Feature","properties":{"osm_id":561625860,"name":"Bristol and South Wales Union Line","ref":"BSW"},"geometry":{"type":"LineString","coordinates":[[-2.564744,51.4653867],[-2.5649383,51.4656993],[-2.5653084,51.4662338],[-2.565611,51.4666262]]}},{"type":"Feature","properties":{"osm_id":561625861,"ref":"BSW"},"geometry":{"type":"LineString","coordinates":[[-2.565611,51.4666262],[-2.565695,51.466732]]}},{"type":"Feature","properties":{"osm_id":646408824,"name":"Bristol to Taunton Line","ref":"MLN1"},"geometry":{"type":"LineString","coordinates":[[-2.6305998,51.4277327],[-2.632008,51.4276165],[-2.632999,51.4275452],[-2.6338354,51.4274884],[-2.6345886,51.4274383]]}},{"type":"Feature","properties":{"osm_id":646408827,"name":"Bristol to Taunton Line","ref":"MLN1"},"geometry":{"type":"LineString","coordinates":[[-2.630813,51.4277446],[-2.6296922,51.4278468],[-2.6285728,51.4279615],[-2.6278699,51.4280395],[-2.6271534,51.428122],[-2.6257545,51.4283104],[-2.6245856,51.4284845],[-2.6234303,51.4286752],[-2.6226126,51.4288245],[-2.6217881,51.4289903],[-2.6206968,51.4292386],[-2.6201485,51.4293805],[-2.6196162,51.4295257],[-2.6191684,51.4296508],[-2.618722,51.4297849],[-2.617842,51.4300642],[-2.6160903,51.4306229],[-2.6143385,51.4311826],[-2.6137628,51.4313505],[-2.6125754,51.4317291],[-2.6111581,51.4321668],[-2.6096567,51.4326209],[-2.6091854,51.4327808],[-2.6087821,51.4329193],[-2.6085166,51.4330182],[-2.6083738,51.4330714],[-2.6080059,51.4332127],[-2.6075534,51.4333939],[-2.6071774,51.4335441],[-2.6069053,51.433665]]}},{"type":"Feature","properties":{"osm_id":646408832,"name":"Bristol to Taunton Line","ref":"MLN1"},"geometry":{"type":"LineString","coordinates":[[-2.628192,51.4279709],[-2.6294203,51.4278423],[-2.6305998,51.4277327]]}},{"type":"Feature","properties":{"osm_id":667926549,"name":"Severn Beach Line","ref":"CNX"},"geometry":{"type":"LineString","coordinates":[[-2.5770329,51.4725598],[-2.5768187,51.472588]]}},{"type":"Feature","properties":{"osm_id":667926550,"name":"Severn Beach Line","ref":"CNX"},"geometry":{"type":"LineString","coordinates":[[-2.5794406,51.4718168],[-2.5784644,51.4722053],[-2.5781306,51.4723263],[-2.5777407,51.4724275],[-2.5773536,51.4725096],[-2.5770329,51.4725598]]}},{"type":"Feature","properties":{"osm_id":677625072,"name":"Up Filton Main","ref":"BSW"},"geometry":{"type":"LineString","coordinates":[[-2.5682734,51.4692187],[-2.5690865,51.4697352],[-2.569403,51.4699426],[-2.5697237,51.4701528],[-2.5708735,51.4708804],[-2.5719703,51.4715508],[-2.5720034,51.4715725]]}},{"type":"Feature","properties":{"osm_id":677625073,"name":"Bristol and South Wales Union Line","ref":"BSW"},"geometry":{"type":"LineString","coordinates":[[-2.5645334,51.465248],[-2.5646239,51.4654129]]}},{"type":"Feature","properties":{"osm_id":677625074,"name":"Up Filton Main","ref":"BSW"},"geometry":{"type":"LineString","coordinates":[[-2.5655149,51.4667618],[-2.5656469,51.4669484],[-2.5656771,51.4669878],[-2.5657495,51.4670822],[-2.5661005,51.467484],[-2.5663914,51.467778],[-2.5666818,51.4680483],[-2.5667092,51.4680737]]}},{"type":"Feature","properties":{"osm_id":677625075,"ref":"BSW"},"geometry":{"type":"LineString","coordinates":[[-2.5654432,51.466659],[-2.5655149,51.4667618]]}},{"type":"Feature","properties":{"osm_id":677626942,"name":"Bristol and South Wales Union Line","ref":"BSW"},"geometry":{"type":"LineString","coordinates":[[-2.5644931,51.4652562],[-2.5642964,51.464838],[-2.5642891,51.4648208],[-2.5640293,51.464206],[-2.5639094,51.4639034],[-2.5637637,51.4634556],[-2.5636759,51.4631102],[-2.5635519,51.4625908],[-2.5634979,51.4622211],[-2.563447,51.4617579],[-2.5634331,51.461374],[-2.5634439,51.4610479],[-2.5634817,51.4605571],[-2.5635116,51.4602085],[-2.5635952,51.4596797],[-2.5636896,51.459246],[-2.5639068,51.458609],[-2.5641279,51.4581291],[-2.5643458,51.4577457]]}},{"type":"Feature","properties":{"osm_id":677626943,"name":"Bristol and South Wales Union Line","ref":"BSW"},"geometry":{"type":"LineString","coordinates":[[-2.5645854,51.4654208],[-2.5644931,51.4652562]]}},{"type":"Feature","properties":{"osm_id":677626944,"name":"Bristol and South Wales Union Line","ref":"BSW"},"geometry":{"type":"LineString","coordinates":[[-2.5653928,51.4666677],[-2.5652554,51.4664546],[-2.5649877,51.466042],[-2.564727,51.4656704],[-2.5645854,51.4654208]]}},{"type":"Feature","properties":{"osm_id":677626945,"ref":"BSW"},"geometry":{"type":"LineString","coordinates":[[-2.5654616,51.466771],[-2.5653928,51.4666677]]}},{"type":"Feature","properties":{"osm_id":677626946,"name":"Down Filton Main","ref":"BSW"},"geometry":{"type":"LineString","coordinates":[[-2.5666568,51.468094],[-2.5663467,51.4677953],[-2.5659338,51.4673855],[-2.5656157,51.4669903],[-2.5654616,51.466771]]}},{"type":"Feature","properties":{"osm_id":677626947,"name":"Bristol and South Wales Union Line","ref":"BSW"},"geometry":{"type":"LineString","coordinates":[[-2.5682073,51.4692298],[-2.5679939,51.4690898],[-2.567611,51.4688306],[-2.5672305,51.4685511],[-2.5669946,51.4683734],[-2.5667982,51.4682181],[-2.5666568,51.468094]]}},{"type":"Feature","properties":{"osm_id":677626948,"name":"Bristol and South Wales Union Line","ref":"BSW"},"geometry":{"type":"LineString","coordinates":[[-2.5667092,51.4680737],[-2.5670525,51.4683656],[-2.5674146,51.468638],[-2.5677069,51.4688478],[-2.5681367,51.4691322],[-2.5682734,51.4692187]]}},{"type":"Feature","properties":{"osm_id":677626949,"name":"Down Filton Main","ref":"BSW"},"geometry":{"type":"LineString","coordinates":[[-2.5719593,51.4715865],[-2.5714297,51.4712547],[-2.5710281,51.4710148],[-2.5707228,51.4708246],[-2.5703376,51.4705759],[-2.5699045,51.4702947],[-2.5694949,51.4700355],[-2.5689166,51.4696794],[-2.5685459,51.4694447],[-2.5682073,51.4692298]]}},{"type":"Feature","properties":{"osm_id":677628775,"name":"Bristol and South Wales Union Line","ref":"BSW"},"geometry":{"type":"LineString","coordinates":[[-2.5720034,51.4715725],[-2.5721518,51.4716675]]}},{"type":"Feature","properties":{"osm_id":677628776,"name":"Bristol and South Wales Union Line","ref":"BSW"},"geometry":{"type":"LineString","coordinates":[[-2.5721194,51.4716913],[-2.5719593,51.4715865]]}},{"type":"Feature","properties":{"osm_id":677628777,"name":"Bristol and South Wales Union Line","ref":"BSW"},"geometry":{"type":"LineString","coordinates":[[-2.5721518,51.4716675],[-2.5727684,51.472087],[-2.5732525,51.4724287],[-2.5736263,51.4727186],[-2.5738711,51.4729296],[-2.5740136,51.473057],[-2.57453,51.4735847],[-2.5746672,51.4737388],[-2.575119,51.474315],[-2.5752332,51.4744806],[-2.5753974,51.4747303],[-2.5756531,51.4751371],[-2.575808,51.4754227],[-2.5759305,51.4756573],[-2.5760764,51.4759902],[-2.5761967,51.4763199],[-2.5762752,51.4765997],[-2.5763693,51.4770251],[-2.5764443,51.4775404],[-2.5764662,51.4778678],[-2.5764837,51.4783496],[-2.5764739,51.4788728],[-2.5764529,51.4790899],[-2.5764201,51.479323],[-2.576376,51.4795857],[-2.5763272,51.4797609],[-2.5762686,51.4799998],[-2.5761892,51.4802313]]}},{"type":"Feature","properties":{"osm_id":677628778,"name":"Bristol and South Wales Union Line","ref":"BSW"},"geometry":{"type":"LineString","coordinates":[[-2.5761546,51.48019],[-2.576227,51.4799731],[-2.5763239,51.4795833],[-2.5763697,51.4793262],[-2.5764016,51.4790919],[-2.5764203,51.4788761],[-2.576437,51.4783484],[-2.5764179,51.4778763],[-2.576394,51.477536],[-2.5763259,51.4770287],[-2.5762299,51.4766039],[-2.5761467,51.4763278],[-2.5760271,51.4759941],[-2.5758859,51.4756648],[-2.5756106,51.4751482],[-2.5752734,51.4746104],[-2.5749791,51.4742011],[-2.5747317,51.4738946],[-2.5743498,51.4734791],[-2.5739974,51.4731147],[-2.5736263,51.4727772],[-2.5730831,51.4723718],[-2.5723321,51.4718218],[-2.5721194,51.4716913]]}},{"type":"Feature","properties":{"osm_id":677630133,"name":"Bristol and South Wales Union Line","ref":"BSW"},"geometry":{"type":"LineString","coordinates":[[-2.5762203,51.4804539],[-2.5760966,51.4807461],[-2.5759227,51.4810806],[-2.5756506,51.4815423],[-2.5753833,51.481943],[-2.5748152,51.4826555],[-2.5742527,51.4833103]]}},{"type":"Feature","properties":{"osm_id":677630134,"name":"Bristol and South Wales Union Line","ref":"BSW"},"geometry":{"type":"LineString","coordinates":[[-2.5617137,51.5066092],[-2.5619048,51.5061959],[-2.562131,51.5057418],[-2.5621817,51.505651],[-2.5623983,51.5052825],[-2.5626058,51.5049949],[-2.5630771,51.5043773],[-2.563439,51.503937],[-2.5636478,51.5036906]]}},{"type":"Feature","properties":{"osm_id":677631342,"name":"Bristol and South Wales Union Line","ref":"BSW"},"geometry":{"type":"LineString","coordinates":[[-2.5646244,51.5026966],[-2.5649903,51.5023535],[-2.5653234,51.50205],[-2.5655823,51.5018],[-2.5657773,51.5016309],[-2.5660779,51.5013172],[-2.5662145,51.5011735],[-2.5663627,51.500999],[-2.5669618,51.5002481],[-2.5673781,51.4996394],[-2.5676065,51.4992732],[-2.5677649,51.4989652],[-2.5679194,51.4986307],[-2.5683528,51.4973561],[-2.5686202,51.4964681],[-2.5687527,51.4960048],[-2.56878,51.4959176]]}},{"type":"Feature","properties":{"osm_id":677976248,"name":"Bristol and South Wales Union Line","ref":"BSW"},"geometry":{"type":"LineString","coordinates":[[-2.5722494,51.4716844],[-2.5720417,51.4715583]]}},{"type":"Feature","properties":{"osm_id":678241102,"name":"Bristol and South Wales Union Line","ref":"BSW"},"geometry":{"type":"LineString","coordinates":[[-2.5645018,51.5026469],[-2.5643715,51.5027583],[-2.5641284,51.5029779],[-2.5640145,51.5030901],[-2.5638978,51.5032073],[-2.5638333,51.503269],[-2.5636653,51.503441],[-2.5634947,51.503623]]}},{"type":"Feature","properties":{"osm_id":678241103,"name":"Bristol and South Wales Union Line","ref":"BSW"},"geometry":{"type":"LineString","coordinates":[[-2.5622966,51.5052459],[-2.5620803,51.5056235],[-2.5619239,51.505941],[-2.5618154,51.5061743],[-2.5617068,51.5064504],[-2.5615936,51.5067505],[-2.561499,51.5070425],[-2.5613776,51.5074457]]}},{"type":"Feature","properties":{"osm_id":678242397,"name":"Bristol and South Wales Union Line","ref":"BSW"},"geometry":{"type":"LineString","coordinates":[[-2.5646666,51.5027136],[-2.5644091,51.5029724],[-2.5640671,51.5032976],[-2.5638493,51.503527],[-2.5636929,51.5036949],[-2.5635605,51.5038469],[-2.5634422,51.5039863],[-2.5632683,51.5042],[-2.5629286,51.5046492],[-2.5627589,51.504871],[-2.5626489,51.5050114],[-2.562433,51.5053356],[-2.5622262,51.5056851],[-2.5620966,51.5059096],[-2.5618919,51.5063172],[-2.5617165,51.5067671],[-2.5616139,51.5070683],[-2.5615051,51.5074659]]}},{"type":"Feature","properties":{"osm_id":678488585,"name":"Avonmouth and Filton Railway","ref":"AFR"},"geometry":{"type":"LineString","coordinates":[[-2.5717263,51.5168932],[-2.5732273,51.5170194],[-2.5772796,51.5173738],[-2.5782803,51.5174476],[-2.5786756,51.5174749],[-2.578789,51.5174828],[-2.5798898,51.5175296],[-2.5813635,51.5175544],[-2.582191,51.5175659],[-2.5832595,51.5175563]]}},{"type":"Feature","properties":{"osm_id":678488586,"name":"Avonmouth and Filton Railway","ref":"AFR"},"geometry":{"type":"LineString","coordinates":[[-2.5927765,51.5165062],[-2.5965058,51.5156306]]}},{"type":"Feature","properties":{"osm_id":678488587,"name":"Avonmouth and Filton Railway","ref":"AFR"},"geometry":{"type":"LineString","coordinates":[[-2.5965058,51.5156306],[-2.5972653,51.5154448],[-2.5987645,51.515083],[-2.5999183,51.5147996],[-2.6012629,51.5144775],[-2.6026092,51.5141948],[-2.6037727,51.513993],[-2.6047902,51.5138516],[-2.6057962,51.5137419],[-2.6065852,51.513674],[-2.6077918,51.513606],[-2.6086757,51.5135782],[-2.6100378,51.5135803],[-2.6107693,51.5136027],[-2.6114878,51.5136357],[-2.6126583,51.5137266],[-2.6137484,51.5138432],[-2.6148802,51.5139989],[-2.6158259,51.5141537],[-2.6169235,51.5143518],[-2.6182596,51.5145945],[-2.6190934,51.5147368],[-2.6196506,51.5148127],[-2.6202023,51.5148791],[-2.6208396,51.5149386],[-2.6213414,51.5149734],[-2.6219924,51.5150125],[-2.6223767,51.5150243],[-2.623072,51.5150415],[-2.6236863,51.5150434],[-2.6245115,51.5150129],[-2.6252705,51.5149672],[-2.6255659,51.5149502]]}},{"type":"Feature","properties":{"osm_id":678488590,"name":"Avonmouth and Filton Railway","ref":"AFR"},"geometry":{"type":"LineString","coordinates":[[-2.6391161,51.5122469],[-2.6387436,51.5122875],[-2.6383946,51.5123255],[-2.6378624,51.5123807],[-2.6370745,51.5125051],[-2.6360188,51.5126761],[-2.6351214,51.5128677],[-2.6345579,51.5129803],[-2.6337961,51.5131751],[-2.6326048,51.5134825],[-2.6315734,51.5137336],[-2.630776,51.51394],[-2.6300975,51.5141047],[-2.62946,51.5142866],[-2.6288608,51.5144281],[-2.6283688,51.5145228],[-2.6278577,51.5146096],[-2.6273519,51.5146939],[-2.6268291,51.5147745],[-2.626465,51.5148261],[-2.6261325,51.5148647],[-2.6258171,51.5148996],[-2.6247472,51.5149753],[-2.6241685,51.5150007],[-2.6236388,51.5150192],[-2.6227811,51.5150108],[-2.6220171,51.5149837],[-2.621359,51.5149466],[-2.620203,51.5148469],[-2.6196595,51.5147834],[-2.6191018,51.5147039],[-2.6182714,51.5145653],[-2.6169418,51.5143262],[-2.615846,51.5141278],[-2.6148811,51.5139663],[-2.6137528,51.5138112],[-2.6126477,51.5136942],[-2.6114917,51.5136062],[-2.6107718,51.5135712],[-2.6100366,51.5135479],[-2.6086609,51.5135458],[-2.6077792,51.5135745],[-2.6065758,51.5136454],[-2.6057804,51.5137114],[-2.6047642,51.5138209],[-2.603754,51.5139628],[-2.6025902,51.5141633],[-2.6012448,51.5144448],[-2.5998921,51.5147711],[-2.598749,51.5150531],[-2.5972347,51.5154188],[-2.5964871,51.5156017]]}},{"type":"Feature","properties":{"osm_id":679257887,"name":"Filton East Curve","ref":"FEC"},"geometry":{"type":"LineString","coordinates":[[-2.5544587,51.5147383],[-2.5541866,51.5147877],[-2.5540651,51.5148061],[-2.5538049,51.514852],[-2.5534897,51.514898],[-2.553131,51.5149446],[-2.5528308,51.5149729],[-2.5523438,51.5149989],[-2.5519182,51.5150124],[-2.5516157,51.515017],[-2.5512971,51.5150178],[-2.5509444,51.5150084],[-2.550672,51.514995],[-2.550394,51.514978],[-2.5500023,51.5149403],[-2.5497314,51.5149069],[-2.5493824,51.5148636],[-2.5489858,51.5148067],[-2.5484269,51.5147148],[-2.5477202,51.5146057]]}},{"type":"Feature","properties":{"osm_id":679257888,"name":"Filton East Curve","ref":"FEC"},"geometry":{"type":"LineString","coordinates":[[-2.5477909,51.5145778],[-2.5487093,51.514729],[-2.5495367,51.5148482],[-2.5499409,51.5148983],[-2.5504027,51.5149384],[-2.5506786,51.5149578],[-2.5509659,51.5149727],[-2.5512834,51.5149789],[-2.5516129,51.5149796],[-2.5519173,51.5149767],[-2.5523041,51.5149646],[-2.552529,51.5149506],[-2.552828,51.5149337],[-2.5531333,51.5149015],[-2.5534753,51.5148591],[-2.5537899,51.5148151],[-2.5540979,51.5147602],[-2.5543839,51.514713],[-2.5544375,51.5147029]]}},{"type":"Feature","properties":{"osm_id":679260411,"name":"Bristol and South Wales Union Line","ref":"BSW"},"geometry":{"type":"LineString","coordinates":[[-2.5644733,51.5026302],[-2.564715,51.5024206],[-2.5648888,51.5022666],[-2.5654421,51.501798],[-2.5656267,51.5016151],[-2.5658154,51.5014389],[-2.5660103,51.5012303],[-2.5662012,51.5010325],[-2.566456,51.5007317],[-2.566634,51.5005066],[-2.5668615,51.5002052],[-2.5669595,51.5000659],[-2.5670862,51.4998887],[-2.5672224,51.4996777],[-2.5675651,51.4990779],[-2.5677848,51.4986273],[-2.5679151,51.4983035],[-2.5680185,51.4980273],[-2.5681466,51.4976495],[-2.5683062,51.4971533],[-2.5684658,51.4966049],[-2.5685942,51.4961354],[-2.568672,51.4958316],[-2.5690852,51.4942777],[-2.5692975,51.4936162],[-2.5695382,51.492937],[-2.5696492,51.4925912],[-2.5698875,51.4917971]]}},{"type":"Feature","properties":{"osm_id":679271414,"name":"Bristol and South Wales Union Line","ref":"BSW"},"geometry":{"type":"LineString","coordinates":[[-2.5635704,51.4601166],[-2.5635233,51.4605232],[-2.5634818,51.4612377],[-2.5634831,51.4615254],[-2.5635099,51.4619219],[-2.5635879,51.4625677],[-2.5636979,51.4630663],[-2.5638295,51.463523],[-2.5640001,51.4640379],[-2.5642641,51.4646707],[-2.5645067,51.4651866],[-2.5645334,51.465248]]}},{"type":"Feature","properties":{"osm_id":679271415,"name":"Bristol and South Wales Union Line","ref":"BSW"},"geometry":{"type":"LineString","coordinates":[[-2.5643458,51.4577457],[-2.5647631,51.4570692],[-2.5649142,51.4568322],[-2.56513,51.4565128],[-2.5654538,51.4560354],[-2.5656156,51.4558152],[-2.565757,51.4556523],[-2.5661079,51.4552211],[-2.5664083,51.4548752]]}},{"type":"Feature","properties":{"osm_id":679272922,"name":"Bristol and South Wales Union Line","ref":"BSW"},"geometry":{"type":"LineString","coordinates":[[-2.5664083,51.4548752],[-2.5664956,51.4547746],[-2.566676,51.4545888],[-2.5670605,51.4541985]]}},{"type":"Feature","properties":{"osm_id":679285486,"name":"Bristol and South Wales Union Line","ref":"BSW"},"geometry":{"type":"LineString","coordinates":[[-2.5672826,51.4540051],[-2.5673736,51.4539259]]}},{"type":"Feature","properties":{"osm_id":703359733,"name":"Great Western Main Line","ref":"MLN1"},"geometry":{"type":"LineString","coordinates":[[-2.5743829,51.4515549],[-2.5754263,51.4513931],[-2.5754408,51.4513909],[-2.5762107,51.4512751]]}},{"type":"Feature","properties":{"osm_id":703359734,"name":"Great Western Main Line","ref":"MLN1"},"geometry":{"type":"LineString","coordinates":[[-2.575172,51.4514637],[-2.5737929,51.4516715],[-2.573477,51.4517156],[-2.5729452,51.4517681]]}},{"type":"Feature","properties":{"osm_id":703359736,"name":"Great Western Main Line","ref":"MLN1"},"geometry":{"type":"LineString","coordinates":[[-2.5767624,51.4512616],[-2.5769325,51.4512353],[-2.5773571,51.4511729],[-2.5775393,51.4511406],[-2.5776541,51.451114]]}},{"type":"Feature","properties":{"osm_id":717852135,"name":"Bristol and South Wales Union Line","ref":"BSW"},"geometry":{"type":"LineString","coordinates":[[-2.5636478,51.5036906],[-2.5638344,51.5034949],[-2.5640408,51.5032859],[-2.5642011,51.5031236],[-2.5646244,51.5026966]]}},{"type":"Feature","properties":{"osm_id":717852138,"name":"Bristol and South Wales Union Line","ref":"BSW"},"geometry":{"type":"LineString","coordinates":[[-2.5690495,51.4952488],[-2.5688137,51.4959933],[-2.5686206,51.4966377],[-2.5684423,51.4972427],[-2.5682494,51.4978605],[-2.5680639,51.4983671],[-2.5679094,51.4987416],[-2.5677902,51.4990121],[-2.5676389,51.499306],[-2.5674077,51.4996911],[-2.5673907,51.4997167],[-2.567112,51.5001352],[-2.5668027,51.5005466],[-2.5664561,51.5010048],[-2.566037,51.5014596],[-2.565763,51.5017265],[-2.5654635,51.5020048],[-2.5646666,51.5027136]]}},{"type":"Feature","properties":{"osm_id":717852139,"name":"Bristol and South Wales Union Line","ref":"BSW"},"geometry":{"type":"LineString","coordinates":[[-2.5708151,51.4890574],[-2.5710334,51.4883573],[-2.5713271,51.487531],[-2.5715601,51.4870189],[-2.5719426,51.4862681],[-2.5722555,51.4857473],[-2.5727555,51.4850143],[-2.5731194,51.4845542],[-2.5736436,51.4839278],[-2.5741951,51.4832951],[-2.57456,51.4828806],[-2.575195,51.4821102],[-2.5754566,51.4817455],[-2.5757297,51.4813285],[-2.5759358,51.4809791],[-2.5761034,51.4806349],[-2.5761779,51.4804461]]}},{"type":"Feature","properties":{"osm_id":717852140,"name":"Bristol and South Wales Union Line","ref":"BSW"},"geometry":{"type":"LineString","coordinates":[[-2.5684557,51.496803],[-2.5683514,51.4971617],[-2.5681988,51.4976382],[-2.5681221,51.4978883],[-2.5680193,51.4981637],[-2.5679012,51.4984732],[-2.5678139,51.4986844],[-2.5676482,51.4990182],[-2.5674356,51.4994158],[-2.5672957,51.4996481],[-2.5670834,51.4999842],[-2.5668453,51.5003181],[-2.5665223,51.5007228],[-2.5662862,51.5010077],[-2.5659735,51.5013493],[-2.5657281,51.5015878],[-2.5652208,51.5020441],[-2.5646475,51.5025178],[-2.5645018,51.5026469]]}},{"type":"Feature","properties":{"osm_id":717852141,"name":"Bristol and South Wales Union Line","ref":"BSW"},"geometry":{"type":"LineString","coordinates":[[-2.5702144,51.4907149],[-2.5706256,51.4893352],[-2.570665,51.4892032],[-2.5708016,51.4887563],[-2.570938,51.4882991],[-2.5710813,51.4878859],[-2.5711483,51.4877107],[-2.5713135,51.487299],[-2.5715089,51.4868678],[-2.5717232,51.4864532],[-2.57181,51.4862965],[-2.5719839,51.4859948],[-2.5723047,51.4854614],[-2.5727424,51.4848402],[-2.5731354,51.4843365],[-2.5737387,51.4836535],[-2.5746014,51.4826909],[-2.5749362,51.4822929],[-2.5751229,51.4820603],[-2.5753509,51.4817552],[-2.5756084,51.4813642],[-2.5758022,51.4809978],[-2.5760776,51.4803858]]}},{"type":"Feature","properties":{"osm_id":717852142,"name":"Bristol and South Wales Union Line","ref":"BSW"},"geometry":{"type":"LineString","coordinates":[[-2.5742527,51.4833103],[-2.5735844,51.4840761],[-2.5729441,51.484873],[-2.5727373,51.4851304],[-2.5723092,51.4857555],[-2.5720314,51.4862361],[-2.5717697,51.4867291],[-2.5714371,51.4874014],[-2.5710976,51.488298],[-2.57079,51.4893612]]}},{"type":"Feature","properties":{"osm_id":751407488,"name":"Platform 12","ref":"MLN1"},"geometry":{"type":"LineString","coordinates":[[-2.579884,51.4489857],[-2.57989,51.4489488],[-2.5799293,51.4487049],[-2.579928,51.4485083]]}},{"type":"Feature","properties":{"osm_id":751407489,"name":"Platform 10","ref":"MLN1"},"geometry":{"type":"LineString","coordinates":[[-2.5801791,51.4489164],[-2.5801873,51.4488689],[-2.5802053,51.4487257],[-2.5801994,51.4484804]]}},{"type":"Feature","properties":{"osm_id":751407490,"name":"Platform 7","ref":"MLN1"},"geometry":{"type":"LineString","coordinates":[[-2.5797833,51.4498909],[-2.5796525,51.4500432],[-2.5794732,51.4502231],[-2.5793363,51.4503336],[-2.5792013,51.4504408],[-2.5791685,51.4504668],[-2.5790286,51.4505558]]}},{"type":"Feature","properties":{"osm_id":751407491,"name":"Platform 6","ref":"MLN1"},"geometry":{"type":"LineString","coordinates":[[-2.5804939,51.4493509],[-2.5805061,51.4493228],[-2.5805498,51.4491785],[-2.5805715,51.4490425],[-2.5805708,51.4489061],[-2.5805721,51.448606],[-2.5805449,51.4484367]]}},{"type":"Feature","properties":{"osm_id":782093641,"name":"Bristol and South Wales Union Line","ref":"BSW"},"geometry":{"type":"LineString","coordinates":[[-2.5701799,51.4910098],[-2.5696936,51.4925958],[-2.5691862,51.4940929],[-2.5687999,51.4954856],[-2.5687823,51.4955635]]}},{"type":"Feature","properties":{"osm_id":782093642,"name":"Bristol and South Wales Union Line","ref":"BSW"},"geometry":{"type":"LineString","coordinates":[[-2.56878,51.4959176],[-2.5689915,51.4952477],[-2.5690609,51.4949752]]}},{"type":"Feature","properties":{"osm_id":782093643,"name":"Bristol and South Wales Union Line","ref":"BSW"},"geometry":{"type":"LineString","coordinates":[[-2.5692408,51.4943244],[-2.5693741,51.4938512],[-2.5698818,51.4922522],[-2.5701827,51.4911801],[-2.5705856,51.4898528],[-2.57072,51.489392],[-2.5707327,51.4893547]]}},{"type":"Feature","properties":{"osm_id":782093644,"name":"Bristol and South Wales Union Line","ref":"BSW"},"geometry":{"type":"LineString","coordinates":[[-2.5695838,51.4933652],[-2.569292,51.494352],[-2.569237,51.4945479],[-2.5690495,51.4952488]]}},{"type":"Feature","properties":{"osm_id":782093645,"name":"Bristol and South Wales Union Line","ref":"BSW"},"geometry":{"type":"LineString","coordinates":[[-2.5707327,51.4893547],[-2.5708151,51.4890574]]}},{"type":"Feature","properties":{"osm_id":799321781,"name":"Great Western Main Line","ref":"MLN1"},"geometry":{"type":"LineString","coordinates":[[-2.5816908,51.4446751],[-2.5811876,51.4448809]]}},{"type":"Feature","properties":{"osm_id":823795624,"name":"Portishead Branch Line","ref":"POD"},"geometry":{"type":"LineString","coordinates":[[-2.625147,51.4407832],[-2.6246441,51.4400459],[-2.624097,51.4394657],[-2.6236028,51.4389057],[-2.6234573,51.4387264],[-2.6233101,51.438515],[-2.6231997,51.4383477],[-2.6230777,51.4381501],[-2.6229497,51.4378924],[-2.6227635,51.4374477],[-2.6226703,51.4372256],[-2.6225103,51.4367292]]}},{"type":"Feature","properties":{"osm_id":836813307},"geometry":{"type":"LineString","coordinates":[[-2.5684557,51.496803],[-2.56878,51.4959176]]}},{"type":"Feature","properties":{"osm_id":836813308},"geometry":{"type":"LineString","coordinates":[[-2.5692408,51.4943244],[-2.5695838,51.4933652]]}},{"type":"Feature","properties":{"osm_id":836813309},"geometry":{"type":"LineString","coordinates":[[-2.5698875,51.4917971],[-2.5701799,51.4910098]]}},{"type":"Feature","properties":{"osm_id":836813310},"geometry":{"type":"LineString","coordinates":[[-2.5704714,51.4900214],[-2.5708151,51.4890574]]}},{"type":"Feature","properties":{"osm_id":836813311,"name":"Bristol and South Wales Union Line","ref":"BSW"},"geometry":{"type":"LineString","coordinates":[[-2.5650409,51.4568397],[-2.5653851,51.4562306]]}},{"type":"Feature","properties":{"osm_id":836946033,"name":"Bristol and South Wales Union Line","ref":"BSW"},"geometry":{"type":"LineString","coordinates":[[-2.5687823,51.4955635],[-2.5687217,51.4958315],[-2.568637,51.4961657],[-2.5685207,51.4965795],[-2.5684557,51.496803]]}},{"type":"Feature","properties":{"osm_id":836946034,"name":"Bristol and South Wales Union Line","ref":"BSW"},"geometry":{"type":"LineString","coordinates":[[-2.5690609,51.4949752],[-2.5690939,51.4948457],[-2.5692408,51.4943244]]}},{"type":"Feature","properties":{"osm_id":836946035,"name":"Bristol and South Wales Union Line","ref":"BSW"},"geometry":{"type":"LineString","coordinates":[[-2.57079,51.4893612],[-2.5704243,51.4905764],[-2.5699785,51.4920894],[-2.5695838,51.4933652]]}},{"type":"Feature","properties":{"osm_id":836946036,"name":"Bristol and South Wales Union Line","ref":"BSW"},"geometry":{"type":"LineString","coordinates":[[-2.5704714,51.4900214],[-2.5701799,51.4910098]]}},{"type":"Feature","properties":{"osm_id":836946037,"name":"Bristol and South Wales Union Line","ref":"BSW"},"geometry":{"type":"LineString","coordinates":[[-2.5706721,51.4893407],[-2.5706,51.4895853],[-2.5704714,51.4900214]]}},{"type":"Feature","properties":{"osm_id":836946038,"name":"Bristol and South Wales Union Line","ref":"BSW"},"geometry":{"type":"LineString","coordinates":[[-2.5698875,51.4917971],[-2.5698987,51.4917599],[-2.5702144,51.4907149]]}},{"type":"Feature","properties":{"osm_id":837061440},"geometry":{"type":"LineString","coordinates":[[-2.5496846,51.5150056],[-2.5488962,51.5148571]]}},{"type":"Feature","properties":{"osm_id":879772733,"name":"Bristol and South Wales Union Line","ref":"BSW"},"geometry":{"type":"LineString","coordinates":[[-2.5614949,51.5072951],[-2.5615696,51.5070523],[-2.561671,51.5067373],[-2.5617137,51.5066092]]}},{"type":"Feature","properties":{"osm_id":879780356,"name":"South Wales Main Line"},"geometry":{"type":"LineString","coordinates":[[-2.5465233,51.5143153],[-2.5466115,51.5143314]]}},{"type":"Feature","properties":{"osm_id":879780357,"name":"Up Filton Main","ref":"BSW"},"geometry":{"type":"LineString","coordinates":[[-2.5643463,51.457815],[-2.5642149,51.4580646],[-2.5640632,51.4583766],[-2.5638844,51.4588092],[-2.5637597,51.4591948],[-2.5636445,51.4596802],[-2.5635704,51.4601166]]}},{"type":"Feature","properties":{"osm_id":879823302,"name":"South Wales Main Line","ref":"SWB"},"geometry":{"type":"LineString","coordinates":[[-2.4340384,51.5208984],[-2.4328668,51.5210651]]}},{"type":"Feature","properties":{"osm_id":879823303},"geometry":{"type":"LineString","coordinates":[[-2.5311339,51.514108],[-2.5303155,51.5141543],[-2.529487,51.5142165]]}},{"type":"Feature","properties":{"osm_id":882745196,"name":"South Wales Main Line","ref":"SWB"},"geometry":{"type":"LineString","coordinates":[[-2.5403562,51.5137691],[-2.5400284,51.5137671],[-2.5399245,51.5137665],[-2.5398387,51.513766],[-2.5391462,51.5137662],[-2.5384175,51.5137705],[-2.5377233,51.5137814],[-2.5369944,51.5137961],[-2.5364376,51.5138117]]}},{"type":"Feature","properties":{"osm_id":882763225,"name":"Yate Branch","ref":"YAT"},"geometry":{"type":"LineString","coordinates":[[-2.4336762,51.5213376],[-2.4339882,51.5211928],[-2.4342274,51.5210941]]}},{"type":"Feature","properties":{"osm_id":906775016,"name":"Avonmouth and Filton Railway","ref":"AFR"},"geometry":{"type":"LineString","coordinates":[[-2.5927533,51.5164642],[-2.5911795,51.5167768],[-2.5902261,51.5169253],[-2.5889398,51.5170979],[-2.5880139,51.5172267],[-2.5870386,51.5173259],[-2.5859439,51.5173998],[-2.584877,51.5174608]]}},{"type":"Feature","properties":{"osm_id":906775017,"name":"Avonmouth and Filton Railway","ref":"AFR"},"geometry":{"type":"LineString","coordinates":[[-2.5832595,51.5175563],[-2.5845695,51.5175094],[-2.5855431,51.5174602],[-2.5867578,51.5173745],[-2.5875452,51.5173075],[-2.5882779,51.5172196],[-2.589083,51.5171043],[-2.5899093,51.5169966],[-2.5908679,51.5168615],[-2.5915212,51.5167439],[-2.5927765,51.5165062]]}},{"type":"Feature","properties":{"osm_id":923074697,"name":"Great Western Main Line","ref":"MLN1"},"geometry":{"type":"LineString","coordinates":[[-2.5011098,51.4203468],[-2.5012319,51.4204025]]}},{"type":"Feature","properties":{"osm_id":923074698,"name":"Great Western Main Line","ref":"MLN1"},"geometry":{"type":"LineString","coordinates":[[-2.5012319,51.4204025],[-2.5031076,51.4212581],[-2.5057305,51.4224445],[-2.5083772,51.4236916],[-2.5093284,51.4241882]]}},{"type":"Feature","properties":{"osm_id":923074699,"name":"Great Western Main Line","ref":"MLN1"},"geometry":{"type":"LineString","coordinates":[[-2.5011994,51.4204267],[-2.5010829,51.4203735]]}},{"type":"Feature","properties":{"osm_id":923074700,"name":"Great Western Main Line","ref":"MLN1"},"geometry":{"type":"LineString","coordinates":[[-2.5010829,51.4203735],[-2.4977414,51.4188492],[-2.4960945,51.4181797],[-2.4958666,51.418087],[-2.4949057,51.4177329],[-2.4944915,51.4175841]]}},{"type":"Feature","properties":{"osm_id":988420530},"geometry":{"type":"LineString","coordinates":[[-2.5492369,51.4479975],[-2.5497946,51.4480883],[-2.5502776,51.4481596]]}},{"type":"Feature","properties":{"osm_id":1017823254,"name":"Portbury Dock Line","ref":"PBY"},"geometry":{"type":"LineString","coordinates":[[-2.7026,51.4892841],[-2.7027716,51.4894493],[-2.7029129,51.4896557],[-2.7032126,51.4902716],[-2.7035085,51.4909007],[-2.7036459,51.4911038],[-2.7038937,51.4913352],[-2.7041529,51.4915209],[-2.7045266,51.4917074],[-2.704732,51.4918427],[-2.7047946,51.4918918]]}},{"type":"Feature","properties":{"osm_id":1017823255,"name":"Portbury Dock Line","ref":"PBY"},"geometry":{"type":"LineString","coordinates":[[-2.7047946,51.4918918],[-2.7049457,51.4920146]]}},{"type":"Feature","properties":{"osm_id":1019816786,"name":"Great Western Main Line","ref":"MLN1"},"geometry":{"type":"LineString","coordinates":[[-2.5756075,51.4514707],[-2.57548,51.4514895],[-2.575463,51.4514921],[-2.5751838,51.4515349]]}},{"type":"Feature","properties":{"osm_id":1019816787,"name":"Great Western Main Line","ref":"MLN1"},"geometry":{"type":"LineString","coordinates":[[-2.5766883,51.4513457],[-2.5769605,51.4513055],[-2.5771978,51.4512705]]}},{"type":"Feature","properties":{"osm_id":1020641936,"name":"South Wales Main Line","ref":"SWB"},"geometry":{"type":"LineString","coordinates":[[-2.4328668,51.5210651],[-2.4322459,51.5211597],[-2.4320343,51.521192],[-2.4311649,51.5213297],[-2.429924,51.5215424],[-2.4288768,51.5217306],[-2.4277584,51.5219408],[-2.4275534,51.5219833]]}},{"type":"Feature","properties":{"osm_id":1020654930,"name":"South Wales Main Line","ref":"SWB"},"geometry":{"type":"LineString","coordinates":[[-2.460867,51.5207552],[-2.4601401,51.5207023],[-2.4594933,51.5206456],[-2.4591625,51.5206156]]}},{"type":"Feature","properties":{"osm_id":1020654934,"name":"South Wales Main Line","ref":"SWB"},"geometry":{"type":"LineString","coordinates":[[-2.5242129,51.5147894],[-2.5222993,51.5149923],[-2.5218414,51.515029]]}},{"type":"Feature","properties":{"osm_id":1020654935,"name":"South Wales Main Line","ref":"SWB"},"geometry":{"type":"LineString","coordinates":[[-2.5274572,51.5144448],[-2.5271608,51.5144769],[-2.5242129,51.5147894]]}},{"type":"Feature","properties":{"osm_id":1020654936,"name":"South Wales Main Line","ref":"SWB"},"geometry":{"type":"LineString","coordinates":[[-2.5241983,51.5147549],[-2.5277231,51.5143845]]}},{"type":"Feature","properties":{"osm_id":1020654937,"name":"South Wales Main Line","ref":"SWB"},"geometry":{"type":"LineString","coordinates":[[-2.5344533,51.513892],[-2.5348395,51.5138899],[-2.5352064,51.5138969],[-2.5352118,51.513897],[-2.5355571,51.5139016]]}},{"type":"Feature","properties":{"osm_id":1020654938,"name":"South Wales Main Line","ref":"SWB"},"geometry":{"type":"LineString","coordinates":[[-2.5364376,51.5138117],[-2.5355497,51.5138443]]}},{"type":"Feature","properties":{"osm_id":1020654939,"name":"South Wales Main Line","ref":"SWB"},"geometry":{"type":"LineString","coordinates":[[-2.529487,51.5142165],[-2.5303197,51.514141],[-2.5311296,51.5140796],[-2.5319403,51.5140159],[-2.5331682,51.5139294],[-2.5331761,51.5139289],[-2.5342215,51.5138678]]}},{"type":"Feature","properties":{"osm_id":1020654940,"name":"South Wales Main Line","ref":"SWB"},"geometry":{"type":"LineString","coordinates":[[-2.5342215,51.5138678],[-2.5346601,51.513836],[-2.5349197,51.5138117],[-2.5351685,51.5137904],[-2.5355446,51.51375]]}},{"type":"Feature","properties":{"osm_id":1020654949},"geometry":{"type":"LineString","coordinates":[[-2.5457845,51.5142468],[-2.5463345,51.5143141]]}},{"type":"Feature","properties":{"osm_id":1020654951,"name":"South Wales Main Line","ref":"SWB"},"geometry":{"type":"LineString","coordinates":[[-2.5477909,51.5145778],[-2.5484269,51.5147148],[-2.5489787,51.5148348]]}},{"type":"Feature","properties":{"osm_id":1020657484,"name":"South Wales Main Line","ref":"BSW"},"geometry":{"type":"LineString","coordinates":[[-2.5622888,51.5257837],[-2.5619907,51.5251805],[-2.5618859,51.5249202],[-2.5616791,51.5243666],[-2.5615322,51.5238876]]}},{"type":"Feature","properties":{"osm_id":1020672330,"name":"Severn Beach Line","ref":"AMB"},"geometry":{"type":"LineString","coordinates":[[-2.6683192,51.5481996],[-2.6686702,51.547733],[-2.670786,51.5451704],[-2.6709569,51.5449734],[-2.6710564,51.5448651]]}},{"type":"Feature","properties":{"osm_id":1020672331,"name":"Severn Beach Line","ref":"AMB"},"geometry":{"type":"LineString","coordinates":[[-2.6682482,51.5483084],[-2.6683192,51.5481996]]}},{"type":"Feature","properties":{"osm_id":1020672351,"name":"Severn Beach Line","ref":"AMB"},"geometry":{"type":"LineString","coordinates":[[-2.6915119,51.5225851],[-2.6911229,51.522959],[-2.6906614,51.5233766],[-2.6903342,51.5236377],[-2.6899781,51.5239081],[-2.6897108,51.5240942],[-2.6895706,51.5241918],[-2.6894387,51.524285]]}},{"type":"Feature","properties":{"osm_id":1020672361,"name":"Severn Beach Line","ref":"AMB"},"geometry":{"type":"LineString","coordinates":[[-2.6915574,51.5226001],[-2.691177,51.5229703],[-2.6907101,51.5233923],[-2.6903871,51.5236477],[-2.6897593,51.5241161],[-2.6891583,51.524531],[-2.6889588,51.5246688],[-2.6887083,51.5248444]]}},{"type":"Feature","properties":{"osm_id":1020681314,"name":"Severn Beach Line","ref":"CNX"},"geometry":{"type":"LineString","coordinates":[[-2.7013813,51.503863],[-2.7014594,51.5037062],[-2.7015335,51.5035222],[-2.7015685,51.5033491],[-2.7015765,51.503235],[-2.7015739,51.5031057],[-2.7015483,51.5029132],[-2.701463,51.5026899],[-2.7013687,51.502528],[-2.7012042,51.5023037]]}},{"type":"Feature","properties":{"osm_id":1082566141,"name":"Bristol Goods Avoiding Line","ref":"FNS2"},"geometry":{"type":"LineString","coordinates":[[-2.5626228,51.45018],[-2.5625072,51.4500792],[-2.5623575,51.4499049],[-2.5621714,51.449616],[-2.5620995,51.4494456],[-2.5620558,51.4492704],[-2.562021,51.4491237],[-2.5620131,51.4489521],[-2.5620295,51.4487945],[-2.5620688,51.4486382],[-2.562097,51.4485482]]}},{"type":"Feature","properties":{"osm_id":1082566142,"name":"Great Western Main Line","ref":"MLN1"},"geometry":{"type":"LineString","coordinates":[[-2.5804591,51.4479599],[-2.5803113,51.4477545]]}},{"type":"Feature","properties":{"osm_id":1082570756,"name":"Bristol Harbour Railway","ref":"BHB"},"geometry":{"type":"LineString","coordinates":[[-2.5966751,51.448327],[-2.5967114,51.4483166],[-2.5967867,51.448306],[-2.5968648,51.4482932],[-2.5969161,51.4482774],[-2.5969718,51.4482582],[-2.5970797,51.4482188],[-2.5972538,51.4481561],[-2.5994723,51.4473944],[-2.5995844,51.4473569],[-2.5997904,51.4472914],[-2.5999277,51.4472472],[-2.6001124,51.447197],[-2.6003644,51.4471433],[-2.60053,51.4471105],[-2.6007104,51.4470864],[-2.6009523,51.4470644],[-2.601123,51.4470606],[-2.6013319,51.4470659],[-2.6017509,51.4470992],[-2.6022097,51.4471497]]}},{"type":"Feature","properties":{"osm_id":1082580873,"name":"Severn Beach Line","ref":"CNX"},"geometry":{"type":"LineString","coordinates":[[-2.6501539,51.4801476],[-2.6501039,51.4800922]]}},{"type":"Feature","properties":{"osm_id":1098830176,"name":"Avon Valley Railway","ref":"MBL"},"geometry":{"type":"LineString","coordinates":[[-2.4763298,51.4304847],[-2.4764783,51.4307402]]}},{"type":"Feature","properties":{"osm_id":1137366773,"name":"Portishead Branch Line","ref":"POD"},"geometry":{"type":"LineString","coordinates":[[-2.6155316,51.4314926],[-2.6151014,51.431472],[-2.6146702,51.4314723],[-2.6141963,51.4315038],[-2.6139763,51.4315215],[-2.6137218,51.4315543],[-2.6134078,51.4315973],[-2.6129954,51.4316678],[-2.6125652,51.4317623]]}},{"type":"Feature","properties":{"osm_id":1137366774,"name":"Portishead Branch Line","ref":"POD"},"geometry":{"type":"LineString","coordinates":[[-2.6129954,51.4316678],[-2.6133883,51.431575],[-2.6137187,51.4315167],[-2.613974,51.431485],[-2.6141902,51.4314668],[-2.6146723,51.4314372],[-2.6151059,51.4314402],[-2.6155982,51.4314652]]}},{"type":"Feature","properties":{"osm_id":1169595904,"name":"Bristol and South Wales Union Line","ref":"BSW"},"geometry":{"type":"LineString","coordinates":[[-2.5737779,51.4517929],[-2.573361,51.4518819]]}},{"type":"Feature","properties":{"osm_id":1169595905,"name":"Bristol and South Wales Union Line","ref":"BSW"},"geometry":{"type":"LineString","coordinates":[[-2.5773495,51.4512854],[-2.5770295,51.4513448],[-2.5767587,51.4513843]]}},{"type":"Feature","properties":{"osm_id":1169595906},"geometry":{"type":"LineString","coordinates":[[-2.5695555,51.4527856],[-2.5697821,51.4526729],[-2.570072,51.452545]]}},{"type":"Feature","properties":{"osm_id":1169595907},"geometry":{"type":"LineString","coordinates":[[-2.5709865,51.4522755],[-2.5713132,51.4521745],[-2.5716778,51.4520791]]}},{"type":"Feature","properties":{"osm_id":1169595908},"geometry":{"type":"LineString","coordinates":[[-2.573301,51.4517922],[-2.5724289,51.451954]]}},{"type":"Feature","properties":{"osm_id":1169595909},"geometry":{"type":"LineString","coordinates":[[-2.5725276,51.451787],[-2.5722084,51.4517857],[-2.5718644,51.4517752]]}},{"type":"Feature","properties":{"osm_id":1169595911},"geometry":{"type":"LineString","coordinates":[[-2.5736155,51.4518784],[-2.5738871,51.4518156],[-2.5741583,51.4517627]]}},{"type":"Feature","properties":{"osm_id":1169595912},"geometry":{"type":"LineString","coordinates":[[-2.5751849,51.4515793],[-2.574523,51.4517105]]}},{"type":"Feature","properties":{"osm_id":1169595913,"name":"Great Western Main Line","ref":"MLN1"},"geometry":{"type":"LineString","coordinates":[[-2.5766001,51.4512974],[-2.5762491,51.4513728]]}},{"type":"Feature","properties":{"osm_id":1169595914,"name":"Great Western Main Line","ref":"MLN1"},"geometry":{"type":"LineString","coordinates":[[-2.5778344,51.4509941],[-2.5779732,51.4509367],[-2.5781758,51.4508383],[-2.5783652,51.4507285]]}},{"type":"Feature","properties":{"osm_id":1169595915,"name":"Great Western Main Line","ref":"MLN1"},"geometry":{"type":"LineString","coordinates":[[-2.5762107,51.4512751],[-2.5764848,51.4512342]]}},{"type":"Feature","properties":{"osm_id":1169595916,"name":"Great Western Main Line","ref":"MLN1"},"geometry":{"type":"LineString","coordinates":[[-2.5776047,51.451071],[-2.5776839,51.4510497]]}},{"type":"Feature","properties":{"osm_id":1169595917,"name":"Great Western Main Line","ref":"MLN1"},"geometry":{"type":"LineString","coordinates":[[-2.5766726,51.4512397],[-2.5765347,51.4512615]]}},{"type":"Feature","properties":{"osm_id":1169595918,"name":"Bristol Temple Meads Old Station","ref":"MLN6"},"geometry":{"type":"LineString","coordinates":[[-2.5783904,51.4510273],[-2.5786511,51.4509454]]}},{"type":"Feature","properties":{"osm_id":1169595919,"name":"Great Western Main Line","ref":"MLN1"},"geometry":{"type":"LineString","coordinates":[[-2.5762799,51.4514122],[-2.5765448,51.4513691]]}},{"type":"Feature","properties":{"osm_id":1169595920,"name":"Bristol and South Wales Union Line","ref":"BSW"},"geometry":{"type":"LineString","coordinates":[[-2.5783904,51.4510273],[-2.5781747,51.4510957],[-2.5780034,51.4511413]]}},{"type":"Feature","properties":{"osm_id":1169595921,"name":"Bristol and South Wales Union Line","ref":"BSW"},"geometry":{"type":"LineString","coordinates":[[-2.5780034,51.4511413],[-2.5778552,51.4511791]]}},{"type":"Feature","properties":{"osm_id":1169595922,"name":"Great Western Main Line","ref":"MLN1"},"geometry":{"type":"LineString","coordinates":[[-2.5767624,51.4512616],[-2.5766001,51.4512974]]}},{"type":"Feature","properties":{"osm_id":1169595923,"name":"Great Western Main Line","ref":"MLN1"},"geometry":{"type":"LineString","coordinates":[[-2.5765858,51.4512895],[-2.5767624,51.4512616]]}},{"type":"Feature","properties":{"osm_id":1306255491,"name":"Great Western Main Line","ref":"MLN1"},"geometry":{"type":"LineString","coordinates":[[-2.5687275,51.4516088],[-2.5685819,51.4515901]]}},{"type":"Feature","properties":{"osm_id":1306255492,"name":"Great Western Main Line","ref":"MLN1"},"geometry":{"type":"LineString","coordinates":[[-2.5700313,51.451738],[-2.5690423,51.4516504],[-2.5687275,51.4516088]]}},{"type":"Feature","properties":{"osm_id":1306255493,"name":"Great Western Main Line","ref":"MLN1"},"geometry":{"type":"LineString","coordinates":[[-2.5687622,51.451577],[-2.5690473,51.4516097],[-2.570031,51.4517017]]}},{"type":"Feature","properties":{"osm_id":1306255494,"name":"Great Western Main Line","ref":"MLN1"},"geometry":{"type":"LineString","coordinates":[[-2.5686152,51.4515577],[-2.5687622,51.451577]]}},{"type":"Feature","properties":{"osm_id":1350671471,"name":"Bristol and South Wales Union Line","ref":"BSW"},"geometry":{"type":"LineString","coordinates":[[-2.5738833,51.4518037],[-2.573361,51.4518819],[-2.5730014,51.4519434],[-2.5722766,51.4520514]]}},{"type":"Feature","properties":{"osm_id":1359147113,"name":"Avonmouth and Filton Railway","ref":"AFR"},"geometry":{"type":"LineString","coordinates":[[-2.5710056,51.5168206],[-2.5712008,51.5168485],[-2.5717263,51.5168932]]}},{"type":"Feature","properties":{"osm_id":1359147114,"name":"Avonmouth and Filton Railway"},"geometry":{"type":"LineString","coordinates":[[-2.6647812,51.5188048],[-2.6640251,51.5184782]]}},{"type":"Feature","properties":{"osm_id":1414650445,"name":"South Wales Main Line","ref":"SWB"},"geometry":{"type":"LineString","coordinates":[[-2.5355571,51.5139016],[-2.5356947,51.5139007],[-2.5358977,51.5138843],[-2.5362479,51.5138636],[-2.5365651,51.5138519],[-2.5366234,51.5138497]]}},{"type":"Feature","properties":{"osm_id":1414650446,"name":"South Wales Main Line","ref":"SWB"},"geometry":{"type":"LineString","coordinates":[[-2.5277231,51.5143845],[-2.5285855,51.5142939],[-2.529487,51.5142165]]}},{"type":"Feature","properties":{"osm_id":1414650447,"name":"Great Western Main Line","ref":"MLN1"},"geometry":{"type":"LineString","coordinates":[[-2.570031,51.4517017],[-2.5711449,51.4517663],[-2.5713886,51.4517693]]}},{"type":"Feature","properties":{"osm_id":1414650448,"name":"Great Western Main Line","ref":"MLN1"},"geometry":{"type":"LineString","coordinates":[[-2.5672277,51.4513748],[-2.5664683,51.4512367],[-2.5660331,51.4511548],[-2.5656553,51.4510838]]}},{"type":"Feature","properties":{"osm_id":1432318590},"geometry":{"type":"LineString","coordinates":[[-2.5773495,51.4512854],[-2.5767031,51.4513538]]}},{"type":"Feature","properties":{"osm_id":1432318591},"geometry":{"type":"LineString","coordinates":[[-2.5767031,51.4513538],[-2.5765448,51.4513691]]}},{"type":"Feature","properties":{"osm_id":1442702544,"name":"Bristol and South Wales Union Line","ref":"BSW"},"geometry":{"type":"LineString","coordinates":[[-2.561108,51.5224768],[-2.560999,51.5220188],[-2.5609223,51.5216505],[-2.5609153,51.5216169]]}},{"type":"Feature","properties":{"osm_id":1442702545,"name":"South Wales Main Line","ref":"SWB"},"geometry":{"type":"LineString","coordinates":[[-2.5610986,51.5224769],[-2.5611231,51.5225391]]}},{"type":"Feature","properties":{"osm_id":1482266640,"name":"Bristol and South Wales Union Line","ref":"BSW"},"geometry":{"type":"LineString","coordinates":[[-2.5778552,51.4511791],[-2.57747,51.451263],[-2.5773495,51.4512854]]}},{"type":"Feature","properties":{"osm_id":1482266641,"name":"Great Western Main Line","ref":"MLN1"},"geometry":{"type":"LineString","coordinates":[[-2.5765448,51.4513691],[-2.5766883,51.4513457]]}},{"type":"Feature","properties":{"osm_id":1492912422,"name":"South Wales Main Line","ref":"BSW"},"geometry":{"type":"LineString","coordinates":[[-2.5623236,51.5257718],[-2.5625436,51.5261919],[-2.5628425,51.5266978],[-2.5630919,51.5271032],[-2.5633436,51.5274867],[-2.5638048,51.5281339],[-2.5639929,51.5283862],[-2.5641213,51.5285488],[-2.5642617,51.5287182],[-2.5645548,51.5290571],[-2.5648804,51.5294148],[-2.5651333,51.5296765],[-2.5653437,51.5298808],[-2.565538,51.5300734],[-2.5658821,51.5303924],[-2.5662829,51.5307327],[-2.5663398,51.5307802]]}},{"type":"Feature","properties":{"osm_id":1492912423,"name":"South Wales Main Line","ref":"BSW"},"geometry":{"type":"LineString","coordinates":[[-2.5642432,51.5288671],[-2.5641448,51.528749],[-2.5638935,51.5284193],[-2.5637824,51.5282681],[-2.5637159,51.5281725],[-2.5632645,51.5275051],[-2.563036,51.5271328],[-2.5628013,51.5267145],[-2.5625057,51.526204],[-2.5622888,51.5257837]]}},{"type":"Feature","properties":{"osm_id":1496335168,"name":"Platform 7","ref":"MLN1"},"geometry":{"type":"LineString","coordinates":[[-2.5801275,51.4492772],[-2.5801198,51.4492972],[-2.5801119,51.4493175],[-2.5800452,51.4494769],[-2.5798583,51.4497788],[-2.5797833,51.4498909]]}},{"type":"Feature","properties":{"osm_id":1497213106,"name":"Platform 15","ref":"MLN1"},"geometry":{"type":"LineString","coordinates":[[-2.5795289,51.4490717],[-2.5795882,51.4488383],[-2.579657,51.4485158]]}},{"type":"Feature","properties":{"osm_id":1511778638,"name":"South Wales Main Line","ref":"SWB"},"geometry":{"type":"LineString","coordinates":[[-2.5355497,51.5138443],[-2.5344533,51.513892]]}},{"type":"Feature","properties":{"osm_id":1511778639,"name":"South Wales Main Line","ref":"SWB"},"geometry":{"type":"LineString","coordinates":[[-2.5464885,51.5143831],[-2.5461696,51.5143164],[-2.5457845,51.5142468],[-2.5454399,51.5141939]]}},{"type":"Feature","properties":{"osm_id":1511778640,"name":"Bristol and South Wales Union Line","ref":"BSW"},"geometry":{"type":"LineString","coordinates":[[-2.5724289,51.451954],[-2.5721991,51.4519883]]}},{"type":"Feature","properties":{"osm_id":1511778641,"name":"Bristol and South Wales Union Line","ref":"BSW"},"geometry":{"type":"LineString","coordinates":[[-2.573301,51.4517922],[-2.5735148,51.4517594],[-2.5738721,51.4517068]]}},{"type":"Feature","properties":{"osm_id":1511778655,"name":"Platform 13","ref":"MLN1"},"geometry":{"type":"LineString","coordinates":[[-2.5797112,51.4491854],[-2.5797445,51.4490398],[-2.579778,51.4488686],[-2.5798207,51.4485112]]}},{"type":"Feature","properties":{"osm_id":1511778656,"name":"Great Western Main Line","ref":"MLN1"},"geometry":{"type":"LineString","coordinates":[[-2.5765347,51.4512615],[-2.5762268,51.4513088]]}},{"type":"Feature","properties":{"osm_id":1511778657,"name":"Great Western Main Line","ref":"MLN1"},"geometry":{"type":"LineString","coordinates":[[-2.5755938,51.4514411],[-2.5761199,51.4513627],[-2.5763811,51.451325],[-2.5765858,51.4512895]]}},{"type":"Feature","properties":{"osm_id":1511778658,"name":"South Wales Main Line","ref":"SWB"},"geometry":{"type":"LineString","coordinates":[[-2.5466879,51.5143872],[-2.5471028,51.5144605]]}},{"type":"Feature","properties":{"osm_id":1511778659,"name":"South Wales Main Line","ref":"SWB"},"geometry":{"type":"LineString","coordinates":[[-2.5342215,51.5138678],[-2.5346322,51.5138533],[-2.5351867,51.5138272],[-2.5355448,51.5138153]]}},{"type":"Feature","properties":{"osm_id":1512304561,"name":"Great Western Main Line","ref":"MLN1"},"geometry":{"type":"LineString","coordinates":[[-2.5776839,51.4510497],[-2.5778344,51.4509941]]}},{"type":"Feature","properties":{"osm_id":1512304562,"name":"Great Western Main Line","ref":"MLN1"},"geometry":{"type":"LineString","coordinates":[[-2.5782987,51.4508243],[-2.5784895,51.4507373],[-2.5787217,51.4506222]]}},{"type":"Feature","properties":{"osm_id":1512304563,"name":"Great Western Main Line","ref":"MLN1"},"geometry":{"type":"LineString","coordinates":[[-2.5787217,51.4506222],[-2.5789063,51.4504927]]}},{"type":"Feature","properties":{"osm_id":1512304564,"ref":"MLN1"},"geometry":{"type":"LineString","coordinates":[[-2.5839529,51.4438203],[-2.5842949,51.4437107],[-2.5844527,51.4436654]]}},{"type":"Feature","properties":{"osm_id":1512304569,"ref":"MLN1"},"geometry":{"type":"LineString","coordinates":[[-2.5816908,51.4446751],[-2.5821207,51.444492],[-2.5826387,51.4442756],[-2.5832521,51.4440403],[-2.5835734,51.4439401],[-2.5837961,51.4438706],[-2.5839529,51.4438203]]}},{"type":"Feature","properties":{"osm_id":1512515703,"name":"Great Western Main Line","ref":"MLN1"},"geometry":{"type":"LineString","coordinates":[[-2.5809636,51.445106],[-2.5808165,51.445204],[-2.5806624,51.4453179]]}},{"type":"Feature","properties":{"osm_id":1512515706,"ref":"MLN1"},"geometry":{"type":"LineString","coordinates":[[-2.5813817,51.4448233],[-2.5816285,51.4447017],[-2.5816908,51.4446751]]}},{"type":"Feature","properties":{"osm_id":1512515707,"name":"Great Western Main Line","ref":"MLN1"},"geometry":{"type":"LineString","coordinates":[[-2.5844785,51.4437012],[-2.5842724,51.4437593],[-2.5837437,51.4439207],[-2.5832804,51.4440677],[-2.58267,51.4443039],[-2.5821636,51.4445143],[-2.5816633,51.4447341],[-2.581201,51.4449621],[-2.5809636,51.445106]]}},{"type":"Feature","properties":{"osm_id":1512515708,"name":"South Wales Main Line","ref":"BSW"},"geometry":{"type":"LineString","coordinates":[[-2.5613786,51.5233208],[-2.5616132,51.5239952]]}},{"type":"Feature","properties":{"osm_id":1523092976,"name":"Great Western Main Line","ref":"MLN1"},"geometry":{"type":"LineString","coordinates":[[-2.5713886,51.4517693],[-2.5718644,51.4517752]]}},{"type":"Feature","properties":{"osm_id":1523092977,"name":"Great Western Main Line","ref":"MLN1"},"geometry":{"type":"LineString","coordinates":[[-2.5738721,51.4517068],[-2.574328,51.4516364],[-2.5745056,51.4516081]]}},{"type":"Feature","properties":{"osm_id":1523855071,"name":"Platform 9","ref":"MLN1"},"geometry":{"type":"LineString","coordinates":[[-2.578991,51.4505391],[-2.5790389,51.4505055],[-2.5791112,51.4504547],[-2.5793008,51.4503093],[-2.5795185,51.4501175],[-2.5796545,51.4499605],[-2.5797382,51.4498701]]}},{"type":"Feature","properties":{"osm_id":1523855074,"name":"Great Western Main Line","ref":"MLN1"},"geometry":{"type":"LineString","coordinates":[[-2.5729452,51.4517681],[-2.5725276,51.451787]]}},{"type":"Feature","properties":{"osm_id":1533914250,"name":"Bristol and South Wales Union Line","ref":"BSW"},"geometry":{"type":"LineString","coordinates":[[-2.5732758,51.4518672],[-2.5737779,51.4517929]]}},{"type":"Feature","properties":{"osm_id":1533914251,"name":"Great Western Main Line","ref":"MLN1"},"geometry":{"type":"LineString","coordinates":[[-2.5766248,51.4513125],[-2.5763689,51.4513545],[-2.5762491,51.4513728]]}},{"type":"Feature","properties":{"osm_id":1533914252,"name":"Bristol to Taunton Line","ref":"MLN1"},"geometry":{"type":"LineString","coordinates":[[-2.5854377,51.4434892],[-2.5848451,51.4436386]]}},{"type":"Feature","properties":{"osm_id":1536869164,"name":"Bristol and South Wales Union Line","ref":"BSW"},"geometry":{"type":"LineString","coordinates":[[-2.5634947,51.503623],[-2.5633502,51.5037949],[-2.5632337,51.5039252],[-2.5631687,51.504002],[-2.5631053,51.5040845],[-2.5629711,51.5042509],[-2.5627107,51.5045938]]}},{"type":"Feature","properties":{"osm_id":1536869165,"name":"Bristol and South Wales Union Line","ref":"BSW"},"geometry":{"type":"LineString","coordinates":[[-2.5627107,51.5045938],[-2.5625006,51.5049056],[-2.5622966,51.5052459]]}},{"type":"Feature","properties":{"osm_id":1536869166,"name":"Bristol and South Wales Union Line","ref":"BSW"},"geometry":{"type":"LineString","coordinates":[[-2.561454,51.5074578],[-2.5614949,51.5072951]]}},{"type":"Feature","properties":{"osm_id":1539487949,"name":"Bristol and South Wales Union Line","ref":"BSW"},"geometry":{"type":"LineString","coordinates":[[-2.5751849,51.4515793],[-2.5754751,51.4515361],[-2.5754953,51.4515331],[-2.5762799,51.4514122]]}},{"type":"Feature","properties":{"osm_id":1539487950,"name":"Bristol and South Wales Union Line","ref":"BSW"},"geometry":{"type":"LineString","coordinates":[[-2.574523,51.4517105],[-2.5741583,51.4517627],[-2.5738833,51.4518037]]}},{"type":"Feature","properties":{"osm_id":1539487952,"name":"Up Filton Relief","ref":"BSW"},"geometry":{"type":"LineString","coordinates":[[-2.5715186,51.4711659],[-2.5715606,51.4711924],[-2.5719921,51.4714686],[-2.5720136,51.471483],[-2.5720884,51.4715332]]}},{"type":"Feature","properties":{"osm_id":1539487953,"name":"Down Filton Relief","ref":"BSW"},"geometry":{"type":"LineString","coordinates":[[-2.5720417,51.4715583],[-2.5715242,51.4712142],[-2.5709858,51.4708743]]}},{"type":"Feature","properties":{"osm_id":1540041157,"name":"Platform 5","ref":"MLN1"},"geometry":{"type":"LineString","coordinates":[[-2.5801214,51.4499776],[-2.580303,51.4497567],[-2.5804334,51.4494905],[-2.5804868,51.4493673],[-2.5804939,51.4493509]]}},{"type":"Feature","properties":{"osm_id":1540041158,"ref":"MLN1"},"geometry":{"type":"LineString","coordinates":[[-2.5848577,51.4436074],[-2.5848291,51.4436164]]}},{"type":"Feature","properties":{"osm_id":1540041159,"name":"Severn Beach Line","ref":"AMB"},"geometry":{"type":"LineString","coordinates":[[-2.6645121,51.5597774],[-2.6662099,51.553434]]}},{"type":"Feature","properties":{"osm_id":1540098557,"name":"Bristol and South Wales Union Line","ref":"BSW"},"geometry":{"type":"LineString","coordinates":[[-2.5630122,51.5041233],[-2.5630854,51.504032],[-2.5631841,51.5039097],[-2.5633222,51.5037447]]}},{"type":"Feature","properties":{"osm_id":1540098561,"name":"Bristol and South Wales Union Line","ref":"BSW"},"geometry":{"type":"LineString","coordinates":[[-2.5721991,51.4519883],[-2.5716778,51.4520791]]}},{"type":"Feature","properties":{"osm_id":1540098562,"name":"Bristol and South Wales Union Line","ref":"BSW"},"geometry":{"type":"LineString","coordinates":[[-2.5709865,51.4522755],[-2.571312,51.4521962],[-2.5717061,51.4521161],[-2.5722186,51.4520274]]}},{"type":"Feature","properties":{"osm_id":1540098563,"name":"Bristol and South Wales Union Line","ref":"BSW"},"geometry":{"type":"LineString","coordinates":[[-2.570072,51.452545],[-2.5703422,51.452457],[-2.5704599,51.4524223],[-2.5708217,51.4523156],[-2.5709865,51.4522755]]}},{"type":"Feature","properties":{"osm_id":1540098564,"name":"Bristol and South Wales Union Line","ref":"BSW"},"geometry":{"type":"LineString","coordinates":[[-2.5695555,51.4527856],[-2.5694851,51.4528139],[-2.569042,51.4530065],[-2.5686382,51.4532158]]}}]}